CREATE DATABASE  IF NOT EXISTS `doan` /*!40100 DEFAULT CHARACTER SET utf8 */;
USE `doan`;
-- MySQL dump 10.13  Distrib 5.6.13, for Win32 (x86)
--
-- Host: localhost    Database: doan
-- ------------------------------------------------------
-- Server version	5.6.12

/*!40101 SET @OLD_CHARACTER_SET_CLIENT=@@CHARACTER_SET_CLIENT */;
/*!40101 SET @OLD_CHARACTER_SET_RESULTS=@@CHARACTER_SET_RESULTS */;
/*!40101 SET @OLD_COLLATION_CONNECTION=@@COLLATION_CONNECTION */;
/*!40101 SET NAMES utf8 */;
/*!40103 SET @OLD_TIME_ZONE=@@TIME_ZONE */;
/*!40103 SET TIME_ZONE='+00:00' */;
/*!40014 SET @OLD_UNIQUE_CHECKS=@@UNIQUE_CHECKS, UNIQUE_CHECKS=0 */;
/*!40014 SET @OLD_FOREIGN_KEY_CHECKS=@@FOREIGN_KEY_CHECKS, FOREIGN_KEY_CHECKS=0 */;
/*!40101 SET @OLD_SQL_MODE=@@SQL_MODE, SQL_MODE='NO_AUTO_VALUE_ON_ZERO' */;
/*!40111 SET @OLD_SQL_NOTES=@@SQL_NOTES, SQL_NOTES=0 */;

--
-- Table structure for table `giangvienhocphans`
--

DROP TABLE IF EXISTS `giangvienhocphans`;
/*!40101 SET @saved_cs_client     = @@character_set_client */;
/*!40101 SET character_set_client = utf8 */;
CREATE TABLE `giangvienhocphans` (
  `id` int(11) NOT NULL,
  `maGiangvien` int(11) DEFAULT NULL,
  `maHocphan` int(11) DEFAULT NULL,
  PRIMARY KEY (`id`),
  KEY `fk_giangvien_idx` (`maGiangvien`),
  KEY `fk_hocphan_idx` (`maHocphan`),
  CONSTRAINT `fk_giangvien` FOREIGN KEY (`maGiangvien`) REFERENCES `giangviens` (`id`) ON DELETE NO ACTION ON UPDATE NO ACTION,
  CONSTRAINT `fk_hocphan` FOREIGN KEY (`maHocphan`) REFERENCES `hocphans` (`id`) ON DELETE NO ACTION ON UPDATE NO ACTION
) ENGINE=InnoDB DEFAULT CHARSET=utf8;
/*!40101 SET character_set_client = @saved_cs_client */;

--
-- Dumping data for table `giangvienhocphans`
--

/*!40000 ALTER TABLE `giangvienhocphans` DISABLE KEYS */;
/*!40000 ALTER TABLE `giangvienhocphans` ENABLE KEYS */;

--
-- Table structure for table `giangvienkhoas`
--

DROP TABLE IF EXISTS `giangvienkhoas`;
/*!40101 SET @saved_cs_client     = @@character_set_client */;
/*!40101 SET character_set_client = utf8 */;
CREATE TABLE `giangvienkhoas` (
  `magiangvien` int(11) DEFAULT NULL,
  `makhoa` int(11) DEFAULT NULL,
  `id` int(11) NOT NULL AUTO_INCREMENT,
  PRIMARY KEY (`id`),
  KEY `fk_giangvien_idx` (`magiangvien`),
  KEY `fk_khoa_idx` (`makhoa`),
  CONSTRAINT `fk_giangvien_khoa` FOREIGN KEY (`magiangvien`) REFERENCES `giangviens` (`id`) ON DELETE NO ACTION ON UPDATE NO ACTION,
  CONSTRAINT `fk_khoa` FOREIGN KEY (`makhoa`) REFERENCES `khoas` (`id`) ON DELETE NO ACTION ON UPDATE NO ACTION
) ENGINE=InnoDB AUTO_INCREMENT=319 DEFAULT CHARSET=utf8;
/*!40101 SET character_set_client = @saved_cs_client */;

--
-- Dumping data for table `giangvienkhoas`
--

/*!40000 ALTER TABLE `giangvienkhoas` DISABLE KEYS */;
INSERT INTO `giangvienkhoas` VALUES (1,13,1),(2,5,2),(3,9,3),(4,7,4),(5,18,5),(6,9,6),(7,9,7),(8,9,8),(9,10,9),(10,7,10),(11,8,11),(12,13,12),(13,7,13),(14,17,14),(15,11,15),(16,10,16),(17,1,17),(18,5,18),(19,3,19),(20,7,20),(21,2,21),(22,3,22),(23,9,23),(24,1,24),(25,5,25),(26,11,26),(27,16,27),(28,2,28),(29,10,29),(30,13,30),(31,6,31),(32,5,32),(33,12,33),(34,5,34),(35,12,35),(36,6,36),(37,7,37),(38,3,38),(39,9,39),(40,6,40),(41,2,41),(42,9,42),(43,10,43),(44,9,44),(45,8,45),(46,1,46),(47,6,47),(48,5,48),(49,19,49),(50,7,50),(51,9,51),(52,11,52),(53,7,53),(54,1,54),(55,3,55),(56,3,56),(57,9,57),(58,14,58),(59,2,59),(60,14,60),(61,7,61),(62,1,62),(63,7,63),(64,4,64),(65,13,65),(66,2,66),(67,5,67),(68,15,68),(69,8,69),(70,11,70),(71,5,71),(72,12,72),(73,9,73),(74,12,74),(75,9,75),(76,5,76),(77,12,77),(78,11,78),(79,12,79),(80,3,80),(81,1,81),(82,10,82),(83,9,83),(84,8,84),(85,14,85),(86,12,86),(87,12,87),(88,9,88),(89,9,89),(90,1,90),(91,9,91),(92,12,92),(93,14,93),(94,8,94),(95,11,95),(96,7,96),(97,4,97),(98,4,98),(99,5,99),(100,7,100),(101,8,101),(102,9,102),(103,2,103),(104,14,104),(105,5,105),(106,11,106),(107,3,107),(108,2,108),(109,7,109),(110,6,110),(111,12,111),(112,5,112),(113,17,113),(114,5,114),(115,4,115),(116,10,116),(117,5,117),(118,6,118),(119,8,119),(120,1,120),(121,1,121),(122,9,122),(123,10,123),(124,11,124),(125,9,125),(126,9,126),(127,21,127),(128,10,128),(129,12,129),(130,3,130),(131,10,131),(132,2,132),(133,12,133),(134,6,134),(135,12,135),(136,12,136),(137,2,137),(138,6,138),(139,6,139),(140,18,140),(141,17,141),(142,6,142),(143,4,143),(144,9,144),(145,11,145),(146,5,146),(147,10,147),(148,9,148),(149,7,149),(150,8,150),(151,13,151),(152,14,152),(153,13,153),(154,13,154),(155,9,155),(156,7,156),(157,2,157),(158,3,158),(159,6,159),(160,7,160),(161,1,161),(162,1,162),(163,5,163),(164,13,164),(165,11,165),(166,5,166),(167,9,167),(168,7,168),(169,9,169),(170,3,170),(171,14,171),(172,6,172),(173,21,173),(174,5,174),(175,6,175),(176,5,176),(177,6,177),(178,7,178),(179,17,179),(180,10,180),(181,10,181),(182,14,182),(183,7,183),(184,6,184),(185,2,185),(186,15,186),(187,9,187),(188,6,188),(189,7,189),(190,9,190),(191,6,191),(192,10,192),(193,8,193),(194,1,194),(195,3,195),(196,3,196),(197,5,197),(198,9,198),(199,9,199),(200,18,200),(201,7,201),(202,16,202),(203,4,203),(204,3,204),(205,4,205),(206,6,206),(207,5,207),(208,1,208),(209,9,209),(210,9,210),(211,1,211),(212,5,212),(213,8,213),(214,10,214),(215,9,215),(216,4,216),(217,2,217),(218,7,218),(219,7,219),(220,13,220),(221,11,221),(222,18,222),(223,7,223),(224,9,224),(225,9,225),(226,11,226),(227,13,227),(228,8,228),(229,9,229),(230,12,230),(231,9,231),(232,3,232),(233,6,233),(234,14,234),(235,12,235),(236,10,236),(237,9,237),(238,1,238),(239,10,239),(240,12,240),(241,9,241),(242,5,242),(243,1,243),(244,8,244),(245,7,245),(246,17,246),(247,8,247),(248,2,248),(249,9,249),(250,20,250),(251,6,251),(252,7,252),(253,3,253),(254,10,254),(255,11,255),(256,5,256),(257,18,257),(258,10,258),(259,5,259),(260,2,260),(261,5,261),(262,2,262),(263,13,263),(264,2,264),(265,16,265),(266,1,266),(267,5,267),(268,7,268),(269,4,269),(270,7,270),(271,2,271),(272,9,272),(273,5,273),(274,2,274),(275,4,275),(276,11,276),(277,12,277),(278,9,278),(279,4,279),(280,11,280),(281,15,281),(282,5,282),(283,11,283),(284,14,284),(285,9,285),(286,16,286),(287,5,287),(288,2,288),(289,10,289),(290,2,290),(291,8,291),(292,7,292),(293,6,293),(294,11,294),(295,6,295),(296,5,296),(297,12,297),(298,6,298),(299,1,299),(300,5,300),(301,4,301),(302,11,302),(303,2,303),(304,13,304),(305,2,305),(306,2,306),(307,13,307),(308,3,308),(309,2,309),(310,12,310),(311,21,311),(312,6,312),(313,9,313),(314,10,314),(315,9,315),(316,5,316),(317,18,317),(318,11,318);
/*!40000 ALTER TABLE `giangvienkhoas` ENABLE KEYS */;

--
-- Table structure for table `giangviennganhs`
--

DROP TABLE IF EXISTS `giangviennganhs`;
/*!40101 SET @saved_cs_client     = @@character_set_client */;
/*!40101 SET character_set_client = utf8 */;
CREATE TABLE `giangviennganhs` (
  `id` int(11) NOT NULL AUTO_INCREMENT,
  `maGiangvien` int(11) DEFAULT NULL,
  `maNganh` int(11) DEFAULT NULL,
  PRIMARY KEY (`id`),
  KEY `fk_giangvien_nganh_idx` (`maGiangvien`),
  KEY `fk_giangvien_giangvien_idx` (`maNganh`),
  CONSTRAINT `fk_giangvien_giangvien` FOREIGN KEY (`maNganh`) REFERENCES `nganhs` (`id`) ON DELETE NO ACTION ON UPDATE NO ACTION,
  CONSTRAINT `fk_giangvien_nganh` FOREIGN KEY (`maGiangvien`) REFERENCES `giangviens` (`id`) ON DELETE NO ACTION ON UPDATE NO ACTION
) ENGINE=InnoDB DEFAULT CHARSET=utf8;
/*!40101 SET character_set_client = @saved_cs_client */;

--
-- Dumping data for table `giangviennganhs`
--

/*!40000 ALTER TABLE `giangviennganhs` DISABLE KEYS */;
/*!40000 ALTER TABLE `giangviennganhs` ENABLE KEYS */;

--
-- Table structure for table `giangviens`
--

DROP TABLE IF EXISTS `giangviens`;
/*!40101 SET @saved_cs_client     = @@character_set_client */;
/*!40101 SET character_set_client = utf8 */;
CREATE TABLE `giangviens` (
  `id` int(11) NOT NULL AUTO_INCREMENT,
  `maGiangvien` varchar(45) NOT NULL DEFAULT '',
  `ten` varchar(45) DEFAULT NULL,
  `ngaySinh` varchar(45) DEFAULT NULL,
  `diachi` varchar(225) DEFAULT NULL,
  `gioitinh` int(11) DEFAULT NULL,
  `chuyennganh` varchar(225) DEFAULT NULL,
  `updatDate` datetime DEFAULT CURRENT_TIMESTAMP,
  `hocvi` varchar(45) DEFAULT NULL,
  `hocham` varchar(45) DEFAULT NULL,
  `email` varchar(225) DEFAULT NULL,
  `sodienthoai` varchar(225) DEFAULT NULL,
  PRIMARY KEY (`id`,`maGiangvien`)
) ENGINE=InnoDB AUTO_INCREMENT=331 DEFAULT CHARSET=utf8;
/*!40101 SET character_set_client = @saved_cs_client */;

--
-- Dumping data for table `giangviens`
--

/*!40000 ALTER TABLE `giangviens` DISABLE KEYS */;
INSERT INTO `giangviens` VALUES (1,'118ducma',' Mai Anh Đức',' 18/06/1985',' 54 Nguyễn Lương Bằng, Liên chiểu, Đà Nẵng',0,' Xây dựng Cầu đường',NULL,'Ths',NULL,' ducmaianh@gmail.com',' 05113 737 869'),(2,'105nguyentunglam',' Nguyễn Tùng Lâm',' 06/07/1987',' Khoa Điện, Trường Đại học Bách Khoa, Đại học Đà Nẵng',0,' ',NULL,'Ks',NULL,' tunglam87@gmail.com','983657458'),(3,'109nlan',' Nguyễn Lan',' 11/11/1971',' http://stic.com.vn',0,' Xây dựng cầu đường',NULL,'Ths',NULL,' nguyenlan@stic.com.vn','983735935'),(4,'107ntlan_bk',' Nguyễn Thị Lan',' 20/07/1957',' Bộ môn Công nghệ Sinh học, Khoa Hoá, Trường Đại học Bách khoa, Đại học Đà Nẵng',1,' Hoá thực phẩm',NULL,'Ths',NULL,' melanthao@yahoo.com.vn',' 0511 3842771'),(5,'119taminhbao',' Tạ Minh Bảo',' 07/01/1987',' 54 Nguyễn Lương Bằng - Đà Nẵng',0,' Công nghệ Thông tin',NULL,'Ks',NULL,' minhbaokx@gmail.com',' 0511. 3841.292; Mobile: 0914 94 00 94; 0934 77 00 90'),(6,'109vohailang',' Võ Hải Lăng',' 30/01/1979',' Khoa Xây dựng Cầu Đường, Đại học Bách Khoa, Đại học Đà Nẵng',0,' Đường ôtô và đường thành phố',NULL,'Ths',NULL,' vohailang@gmail.com',' 05113841297; Mobile: 0905136946'),(7,'109doanvietle',' Đoàn Việt Lê',' 29/01/1985',' Khoa Xây dựng Cầu Đường, Trường Đại học Bách khoa – Đại học Đà Nẵng',0,' Xây dựng',NULL,'Ths',NULL,' doanvietle@dut.edu.vn',' 05113.841297; Mobile: +84905750555'),(8,'109ctlinh',' Châu Trường Linh',' 03/12/1974',' T.Phố Đà Nẵng',0,' Xây dựng Cầu Đường',NULL,'Ts',NULL,' chau-linh@dut.udn.vê-en; lioa319@gờ-mail.com',' 05113841297; Mobile: 0913BonHaiHaiHaiSauBay'),(9,'110khanhlinhmxd',' Nguyễn Khánh Linh',' 01/01/1972',' 511, Nhà 5, Chung cư Hòa Hiệp 2, Hòa Hiệp Nam, Liên Chiểu, Đà Nẵng',0,' Cơ khí Chuyên Dùng',NULL,'Ths',NULL,' khanhlinhmxd@yahoo.com.vn',' 0511.3842.740; Mobile: 0934789444'),(10,'107dttloan',' Đoàn Thị Thu Loan',' 14/08/1971',' 554/11 Điện Biên Phủ, Đà Nẵng',1,' Hoá hữu cơ',NULL,'Ts',NULL,' dttloan2001@yahoo.com',' 05113-600124; Mobile: 0935884986'),(11,'108nguyenkimloan',' Nguyễn Thị Kim Loan',' 10/02/1985',' Khoa Sư phạm Kỹ thuật, trường Đại học Bách Khoa',1,' Xây dựng Dân dụng và Công nghiệp',NULL,'Ths',NULL,' loannguyen03@gmail.com',' 3841293; Mobile: 0903565199'),(12,'118paduc',' Phạm Anh Đức',' 26/09/1976',' A306 - 54 Nguyễn Lương Bằng - Q.Liên Chiểu - Đại học Bách Khoa Đà Nẵng',0,' Xây dựng Thủy Lợi - Thủy điện',NULL,'Ts',NULL,' paduc@dut.udn.vn; panhduc@yahoo.com',' 0511 3737869; Mobile: 091 345 2 678'),(13,'107loanntt',' Nguyễn Thị Trúc Loan',' 27/09/1984',' Khoa Hóa, 54 Nguyễn Lương Bằng, Đà Nẵng.',1,' Công nghệ chế biến thủy sản',NULL,'Ts',NULL,' nguyentrucloan2709@gmail.com',' 05113842743; Mobile: 0964719599'),(14,'115phamkimloan',' Phạm Thị Kim Loan',' 11/06/1980',' 54 Nguyễn Lương Bằng TP Đà Nẵng.',1,' Chế tạo máy',NULL,'Ts',NULL,' phamkimloan@ud.edu.vn; ptkloan@dut.udn.vn',' 3733591; Mobile: 0905167546'),(15,'111nguyenthiloc',' Nguyễn Thị Lộc',' 31/08/1982',' 61 Lê Hữu Trác - Sơn Trà - Đà Nẵng',1,' XD Thủy lợi- Thủy điện',NULL,'Ks',NULL,' locnt818@gmail.com',' 0511.3841296; Mobile: 0902424831'),(16,'110pbloc',' Phạm Bá Lộc',' 10/07/1954',NULL,0,' Xây dựng DD và CN',NULL,'Ths',NULL,' Locpb@yahoo.com',' (511) 3842740; Mobile: 0913421578'),(17,'101ldbinh',' Lưu Đức Bình',' 09/00/1980',' Bộ môn Chế tạo máy, Khoa Cơ khí, Trường Đại học Bách khoa, Đại học Đà Nẵng',0,' Cơ khí chế tạo máy',NULL,'Ts',NULL,' ldbinh@dut.udn.vn; ldbdhbk@gmail.com',' 05112464768; Mobile: 0914015014'),(18,'105Btloi',' Bùi Tấn Lợi',' 18/01/1957',NULL,0,' Điện Kỹ thuật',NULL,'Ths',NULL,' Btloi@ud.edu.vn',' 241303; Mobile: 0914063749'),(19,'103btvlong',' Bùi Tuấn Việt Long',' 18/11/1986',' K. Cơ khí Giao thông, Tr. Đại học Bách khoa, 54 Nguyễn Lương Bằng, Tp. Đà Nẵng',0,' Điều khiển Tự động',NULL,'Ths',NULL,' btvlong@dut.udn.vn',' 05113746945; Mobile: '),(20,'107ddlong',' Đặng Đức Long',' 24/06/1972',' Khoa Hóa, trường ĐH Bách khoa, Đại học Đà Nẵng',0,' Hóa-Thực Phẩm',NULL,'Ts',NULL,' ddlong@dut.edu.vn',' ; Mobile: 01643733070'),(21,'102dblu',' Đặng Bá Lư',' 10/03/1953',NULL,0,' Thiết bị số và máy tính',NULL,'Ths',NULL,' dblu@dut.udn.vn',' 736949; Mobile: 0905311886'),(22,'103tvluan',' Trần Văn Luận',' 20/07/1978',' 368/31 Hoàng Diệu, Tp. Đà Nẵng',0,' Cơ khí Động lực',NULL,'Ts',NULL,' tranvluan@gmail.com;tvluan@ud.edu.vn',' +84 5113 736945; Mobile: +84 905137226'),(23,'109pnduc',' Phạm Ngọc Đức',' 22/05/1988',' 99 Phan Anh, P. Khuê Trung, Q. Cẩm Lệ, TP.Đà Nẵng',0,' Kỹ Thuật Xây Dựng',NULL,'Ths',NULL,' ngocducpc2205@gmail.com',' 05113841297; Mobile: 0972257402'),(24,'101ndluc',' Nguyễn Đắc Lực',' 08/12/0',NULL,0,' Chế tạo máy',NULL,'Ths',NULL,' nguyendacluc44@gmail.com',' 842741; Mobile: 0903577754'),(25,'105Ngtluc',' Nguyễn Thế Lực',' 13/09/1974',NULL,0,' Điện',NULL,'Ks',NULL,' Ngtluc@ud.edu.vn',' 245727; Mobile: 0983734471'),(26,'111nguyencongluyen',' Nguyễn Công Luyến',' 10/12/1989',' Khoa Xây dựng Thủy lợi - Thủy điện, Trường Đại học Bách khoa - Đại học Đà Nẵng',0,' Xây dựng Dân dụng & Công nghiệp',NULL,'Ks',NULL,' congluyenbkdn@gmail.com; ncluyen@ud.edu.vn',' (0511) 3841296; Mobile: (+84)9350 72227'),(27,'114hvly',' Hồ Văn Ly',' 17/08/1980',' Phòng Hành chính Tổng hợp - ĐHBK',0,' Xây Dựng Dân Dụng & Công Nghiệp',NULL,'Ks',NULL,' hovanly80@gmail.com',' 05113736946; Mobile: 0983 512 528'),(28,'102ntxly',' Nguyễn Thế Xuân Ly',' 16/04/1980',' Khoa Công nghệ thông tin, Trường Đại học Bách Khoa, Đại học Đà Nẵng - 54 Nguyễn Lương Bằng, Quận Liên Chiểu, Tp. Đà Nẵng',0,' Khoa học máy tính',NULL,'Ks',NULL,' manowarfan1604@gmail.com',' ; Mobile: +84905258474'),(29,'110nguyenngocbinh',' Nguyễn Ngọc Bình',' 02/02/1970',' 162- 164 đường Nguyễn Hoàng - Đà Nẵng',0,' Kiến trúc',NULL,'Ths',NULL,' binhkts@gmail.com',' 05113-842740; Mobile: 0905090333'),(30,'118nthly',' Nguyễn Thị Hải Lý',' 14/11/1976',' K66/25 Đống Đa, Đà Nẵng',1,' Tiếng Pháp',NULL,'Ks',NULL,' hailyth@yahoo.com',' 837570; Mobile: 0'),(31,'106lethiphuongmai',' Lê Thị Phương Mai',' 28/10/1985',' Khoa Điện tử Viễn thong- Tr. Đại học Bách Khoa 54 Nguyễn Lương Bằng, Q. Liên Chiểu, tp. Đà Nẵng',1,' Viễn thông',NULL,'Ths',NULL,' pmai2810@gmail.com',' 0511 3841 287; Mobile: 0906 576 085'),(32,'105nhmai',' Nguyễn Hoàng Mai',' 01/08/1969',' Khoa Điện - 54 Nguyễn Lương Bằng - Đà Nẵng',0,' Điện kỹ thuật',NULL,'Ts',NULL,' nhmai@dut.udn.vn; nghmaidu@gmail.com',' 05113241305; Mobile: '),(33,'117tranvuchimai',' Trần Vũ Chi Mai',' 14/11/1989',' 54 - Nguyễn Lương Bằng - Q. Liên Chiểu - TP. Đà Nẵng',1,' Công nghệ Môi trường',NULL,'Ks',NULL,' chimai.mt.bk@gmail.com',' 05113733590; Mobile: 0935000414'),(34,'105ttmdung',' Trần Thị Minh Dung',' 24/06/1985',' Bộ môn Tư động hóa, khoa Điện, Đại học Bách Khoa - Đại học Đà Nẵng',1,' Tự động hoá dây chuyền công nghệ sản xuất',NULL,'Ths',NULL,' greenfield01@gmail.com',' ; Mobile: 0905-604-345'),(35,'117hvminh',' Hồ Văn Minh',' 15/10/1957',' Khoa Môi trường - Trường Đại học Bách Khoa - Đại học Đà Nẵng',0,' Công nghệ Hóa thực phẩm',NULL,'Ks',NULL,' hominhbkdn@gmail.com',' ; Mobile: 0914065342'),(36,'106macnhuminh',' Mạc Như Minh',' 26/02/1988',' Hòa Phong - Hòa Vang - Đà Nẵng',0,' Điện tử - viễn thông',NULL,'Ks',NULL,' macnhuminh@gmail.com',' 05113841287; Mobile: 0905246949'),(37,'107nguyenhoangminh',' Nguyễn Hoàng Minh',' 07/06/1984',' Khoa Hóa, Đại học Bách Khoa, Đại học Đà Nẵng',1,' Công nghệ sinh học',NULL,'Ths',NULL,' hoangminh02sh@gmail.com',' ; Mobile: 0905470133'),(38,'103nguyenvanminh',' Nguyễn Văn Minh',' 09/05/1989',' 54 Nguyễn Lương Bằng, Đà Nẵng',0,' Đóng tàu thủy',NULL,'Ks',NULL,' Đăng nhập để thấy thông tin',' Đăng nhập để thấy thông tin; Mobile: Đăng nhập để thấy thông tin'),(39,'109tdminh',' Trần Đình Minh',' 17/12/1982',' 54 Nguyễn Lương Bằng, Trường Đại học Bách Khoa, Tp Đà Nẵng',0,' Xây dựng Cầu đường',NULL,'Ks',NULL,' dinhminh21@yahoo.com',' ; Mobile: '),(40,'106vtminh',' Võ Tuấn Minh',' 21/12/1982',NULL,0,' Kĩ thuật Điện',NULL,'Ths',NULL,' vtminh@dut.udn.vn',' ; Mobile: '),(41,'102nguyenthanhbinh',' Nguyễn Thanh Bình',' 16/06/1975',' Khoa Công nghệ Thông tin, Trường Đại học Bách Khoa, 54, Nguyễn Lương Bằng, TP. Đà Nẵng',0,' Tin học',NULL,'Ts','PGS',' ntbinh@dut.udn.vn',' ; Mobile: 0914 74 79 74'),(42,'109nvmy',' Nguyễn Văn Mỹ',' 01/10/1971',' 36 Tống Phước Phổ, Quận Hải Châu, Đà Nẵng',0,' Xây dựng Cầu đường',NULL,'Ths',NULL,' nvmy@dut.udn.vn; vanmybkdn@gmail.com',' 05113841297; Mobile: 0903509529'),(43,'110phammy',' Phạm Mỹ',' 08/12/1976',' Khoa Xây dựng Dân dụng và Công nghiệp, Trường Đại học Bách Khoa, Đại học Đà Nẵng, 54 Nguyễn Lương Bằng, Hoà khánh Bắc, Liên Chiểu, Đà Nẵng',0,' Xây dựng DD & CN',NULL,'Ts',NULL,' mypham.qn@gmail.com',' 05113842740; Mobile: 0905955069'),(44,'109hpnam',' Huỳnh Phương Nam',' 00/02/1978',' Khoa Xây dựng Cầu đường, trường Đại học Bách Khoa - Đại học Đà Nẵng',0,' Xây dựng Dân dụng và C. nghiệp',NULL,'Ts',NULL,NULL,NULL),(45,'108nvtan',' Nguyễn Văn Thiên Ân',' 02/07/1982',' 54 Nguyễn Lương Bằng, Đà Nẵng',0,' Sản xuất tự động',NULL,'Ts',NULL,' annvt@dut.udn.vn',' 05113841293; Mobile: '),(46,'101lehoainam',' Lê Hoài Nam',' 04/03/1986',NULL,0,' Kỹ thuật sản phẩm',NULL,'Ts',NULL,' lehoainam@dut.udn.vn; hoaifnam.le@gmail.com',' ; Mobile: 0906309302'),(47,'106lehongnam',' Lê Hồng Nam',' 28/12/1976',' Xưởng Điện tử, khoa Điện tử - Viễn thông, Đại học Bách Khoa, Đại học Đà Nẵng',0,' Điện Tử',NULL,'Ks',NULL,' le_hongnam@yahoo.com',' 841287; Mobile: 0905888809'),(48,'105nguyenbinhnam',' Nguyễn Bình Nam',' 13/11/1988',' Khoa Điện, Trường Đại học Bách khoa, Đại học Đà Nẵng',0,' Điện tử Viễn thông',NULL,'Ks',NULL,' nbnam@dut.udn.vn; nguyenbinhnam88@gmail.com',' 0511.3842738; Mobile: 0905076545'),(49,'120ntnam',' Nguyễn Thanh Nam',' 22/12/1963',' 485 Ngô Quyền, Sơn Trà, Tp Đà Nẵng',0,' Lý luận Âm nhạc',NULL,'Ks',NULL,' ntnam@ud.edu.vn',' 0511-3812153; Mobile: 0905 173483'),(50,'107pcnam',' Phạm Cẩm Nam',' 01/01/1966',' Khoa Hóa, 54 Nguyễn Lương Bằng, Đà Nẵng',0,' Hóa Silicat',NULL,'Ts','PGS',' camnamp@yahoo.com',' 098 787 3154; Mobile: 098 787 3154'),(51,'109phnam',' Phan Hoàng Nam',' 07/00/1985',' 54 Nguyễn Lương Bằng, Q. Liên Chiểu, Tp. Đà Nẵng',0,' Xây dựng Cầu đường',NULL,'Ths',NULL,' phanhoangnam@gmail.com; phnam@dut.edu.vn',' 05103851670; Mobile: 0905934512'),(52,'111ttnga',' Tô Thúy Nga',' 04/10/1971',' Khoa Xây dựng Thuỷ lợi - Thuỷ điện.',1,' Công trình thủy lợi',NULL,'Ths',NULL,' tothuyngadn@gmail.com',' 05113841296; Mobile: 0905586568'),(53,'107thbnguyen',' Nguyễn Thanh Bình',' 13/09/1986',' Khoa Hóa - Trường Đại học Bách Khoa - 54 Nguyễn Lương Bằng - Đà Nẵng',0,' Công nghệ Hóa học - Dầu và Khí',NULL,'Ts',NULL,' thb.nguyen86@gmail.com; thb.nguyen@dut.udn.vn',' ; Mobile: 0905428151'),(54,'101ngothanhnghi',' Ngô Thanh Nghị',' 25/10/1983',NULL,0,' Cơ điện tử',NULL,'Ths',NULL,' thanhnghipy@gmail.com',' ; Mobile: 0908.999.801'),(55,'103ddnghia',' Duong Dinh Nghia',' 19/08/1988',' Khoa Cơ Khí Giao Thông - Đại học Bách Khoa Đà Nẵng',0,' Cơ Khí Động Lực',NULL,'Ks',NULL,' duongdinhnghia88@gmail.com',' 05113736945; Mobile: 01683660388'),(56,'103dvdung',' Dương Việt Dũng',' 08/06/1964',' 54 Nguyễn Lương Bằng, khoa Cơ khí Giao thông, Đại học Bách khoa',0,' Động cơ Đốt trong',NULL,'Ts',NULL,' dvdungbk@gmail.com',' 0511 3745 247; Mobile: 0903 504 702'),(57,'109phamvanngoc',' Phạm Văn Ngọc',' 07/09/1987',' Thôn Đông Phú, xã Đại Hiệp, Đại Lộc, Quảng Nam',0,' Xây dựng Cầu Đường',NULL,'Ks',NULL,' vanngoc87@gmail.com',' 051138422308; Mobile: 0986805444'),(58,'121lpnguyen',' Lê Phong Nguyên',' 20/02/1984',' 54 Nguyễn Lương Bằng Q.Liên Chiểu,Đà Nẵng',0,' Kiến trúc',NULL,'Ths',NULL,' lpnguyen@dut.udn.vn',' 0511-3841823; Mobile: 0903-505-906'),(59,'102nvnguyen',' Nguyễn Văn Nguyên',' 07/09/1974',' Khoa Công Nghệ Thông Tin-Trường Đại học Bách Khoa, Đại học Đà Nẵng',0,' Tin học',NULL,'Ths',NULL,' nguyenvannguyen2006@gmail.com',' 05113736949; Mobile: 0903577986'),(60,'121panguyen',' Phan Ánh Nguyên',' 16/04/1989',' Khoa Kiến trúc, Đại học Bách Khoa, 54 Nguyễn Lương Bằng, Đà Nẵng, Việt Nam',1,' Kiến trúc',NULL,'Ks',NULL,' phananhnguyen89@gmail.com',' 05113 841 823; Mobile: 0905.81.81.95'),(61,'107ntmnguyet',' Nguyễn Thị Minh Nguyệt',' 31/08/1988',' Khoa Hóa, trường Đại học Bách khoa, Đại học Đà Nẵng',1,' Công Nghệ Thực Phẩm',NULL,'Ks',NULL,' nguyetminhnguyen88@gmail.com',' ; Mobile: 0935873198'),(62,'101nptnhan',' Nguyễn Phạm Thế Nhân',' 10/12/1983',NULL,0,' Cơ khí Chế tạo máy',NULL,'Ths',NULL,' thenhanbk@gmail.com; nptnhan@dut.udn.vn',' 842741; Mobile: '),(63,'107dmnhat',' Đặng Minh Nhật',' 20/10/1971',' 89 Triệu Nữ Vương, Đà Nẵng',0,' Hóa học và công nghệ thực phẩm',NULL,'Ts','PGS',' nhatdangminh@gmail.com',' 05113866381; Mobile: '),(64,'104hhqnhu',' Hồ Hoàng Quỳnh Như',' 16/08/1982',' 123 Hùng Vương Hội An',1,' Quản trị Kinh doanh Du lịch',NULL,'Ks',NULL,' quynh_nhu54@yahoo.com',' 05113 842366; Mobile: 0935006124'),(65,'118ttbinh',' Trần Thanh Bình',' 06/07/1982',NULL,0,' Xây dựng Cầu Đường',NULL,'Ths',NULL,' btran@swin.edu.au',' 0511 3737869; Mobile: '),(66,'102ttnini',' Triệu Thị Ni Ni',' 01/02/1989',NULL,1,' Phần mềm và Quản lý Hệ thống Thông tin',NULL,'Ks',NULL,' ttnini@dut.udn.vn',' ; Mobile: '),(67,'105letiendung',' Lê Tiến Dũng',' 17/01/1981',' Bộ môn Tự động hóa - Khoa Điện, trường Đại học Bách khoa - Đại học Đà Nẵng',0,' Tự động hóa',NULL,'Ts',NULL,' dung.letien@gmail.com',' ; Mobile: 0912 48 3535'),(68,'113ltkoanh',' Lê Thị Kim Oanh',' 06/04/1966',' Trường Đại học Bách Khoa - Đại học Đà Nẵng, 54 Nguyễn Lương Bằng, Đà Nẵng',1,' Kinh tế Công nghiệp',NULL,'Ts',NULL,' ltkoanh@dut.udn.vn',' 3841292; Mobile: 0985756959'),(69,'108thphong',' Thái Hoàng Phong',' 11/01/1958',' 87/ 1 Đường Lê Văn Hưu, Phường Mỹ An, Quận Ngũ Hành Sơn, Tp Đà Nẵng',0,' Toán cơ chất lỏng',NULL,'Ths',NULL,' thaihoangphong@gmail.com',' 841293; Mobile: 0913420369'),(70,'111phuongdtk',' Đoàn Thụy Kim Phương',' 25/09/1981',' Khoa XDTL-TĐ, Trường Đại học Bách Khoa, Đại học Đà Nẵng',1,' Xây dựng Thuỷ lợi Thủy Điện',NULL,'Ths',NULL,' kimphuongdhbk@gmail.com',' 05113841296; Mobile: 0909289169'),(71,'105phuongnhv',' Nguyễn Hồng Việt Phương',' 03/12/1984',' Bộ môn Hệ thống điện, khoa Điện, trường đại học Bách khoa',0,' Điện kỹ thuật',NULL,'Ths',NULL,' phuongnhv@dut.udn.vn',' ; Mobile: 0917981779'),(72,'117nlphuong',' Nguyễn Lan Phương',' 05/10/1970',' Khoa Môi trường- Trường Đại học Bách khoa- Đại học Đà Nẵng',1,' Hóa Thực phẩm',NULL,'Ths',NULL,' phuongtinh_07@yahoo.com.vn',' 0511.3733590; Mobile: 0905160341'),(73,'109pnphuong',' Phạm Ngọc Phương',' 02/07/1984',' Khoa Xây dựng Cầu đường - Trường Đại Học Bách Khoa',0,' Xây dựng Cầu đường',NULL,'Ths',NULL,' pnphuongdb@gmail.com; pnphuong@dut.udn.vn',' ; Mobile: 0979 062 057'),(74,'117ttmphuong',' Trần Thị Minh Phương',' 11/02/1987',' Khoa Môi trường, trường ĐHBK, đại học Đà Nẵng',1,' Công nghệ Môi trường',NULL,'Ks',NULL,' ttminhphuong0211@gmail.com',' ; Mobile: 0977379705'),(75,'109dothiphuong',' Đỗ Thị Phượng',' 01/06/1983',' khoa Cầu đường, trường Đại học Bách khoa Đà Nẵng',1,' Công nghệ Vật liệu xây dựng',NULL,'Ths',NULL,' phuongvl2007@yahoo.com',' ; Mobile: 0906117102'),(76,'105dmquan',' Dương Minh Quân',' 29/01/1984',' 54 Nguyễn Lương Bằng, Tp. Đà Nẵng',0,' Hệ thống Điện',NULL,'Ths',NULL,' dmquan@dut.udn.vn',' ; Mobile: 0978468468'),(77,'117ngphquyan',' Nguyễn Phước Quý An',' 21/01/1985',' Khoa Môi trường - ĐH Bách khoa Đà Nẵng',1,' Công nghệ Môi trường',NULL,'Ths',NULL,' ngphquyan@gmail.com',' 0511-3733590; Mobile: 0905322226'),(78,'111dungngovan',' Ngô Văn Dũng',' 29/01/1961',' Khoa Xây dựng Thủy lợi - Thủy điện, trường Đại học Bách Khoa, Đại học Đà Nẵng. Số 54 Nguyễn Lương Bằng, Tp. Đà Nẵng',0,' Xây dựng Thủy lợi - Thủy Điện',NULL,'Ths',NULL,' ngodung777@gmail.com; k.xdtl@udn.vn',' 0511 3889572; Mobile: 0903 518777'),(79,'117ndqchanh',' Nguyễn Dương Quang Chánh',' 26/01/1987',' Khoa Môi Trường, ĐH Bách Khoa Đà Nẵng',0,' Công Nghệ Môi Truờng',NULL,'Ks',NULL,' ndqchanh@gmail.com',' ; Mobile: 0974858587'),(80,'103phquan',' Phạm Hồng Quân',' 28/05/1984',NULL,0,' Nhiệt - Điện lạnh',NULL,'Ks',NULL,' lraphq@gmail.com',' ; Mobile: 0986.613.963'),(81,'101duongtanquang',' Dương Tấn Quang',' 20/06/1988',NULL,0,' Sản xuất tự động',NULL,'Ks',NULL,' tquangbk@gmail.com',' ; Mobile: 01684985731'),(82,'110lexuanquang',' Lê Xuân Quang',' 02/10/1987',' Khoa Xây dựng Dân dụng và Công nghiệp - Trường Đại học Bách khoa - 54 Nguyễn Lương Bằng - Đà nẵng',0,' Xây dựng Dân dụng và Công nghiệp',NULL,'Ks',NULL,' lxquang@dut.udn.vn; quang.le@uq.net.au',' (+84) 511 3842 740; Mobile: (+84) 989 883 135'),(83,'109nguyenvanquang',' Nguyễn Văn Quang',' 26/04/1988',NULL,0,' Công nghệ Vật liệu',NULL,'Ks',NULL,' nvquangbm@gmail.com',' ; Mobile: 0121.9336.151'),(84,'108phanngocquang',' Phạm Ngọc Quang',' 10/02/1989',' khoa sư phạm kỹ thuật - ĐH bách khoa - ĐH Đà Nẵng',0,' Xây dựng Dân dụng và Công nghiệp',NULL,'Ks',NULL,' ngocquangqv@gmail.com',' 05113.841293; Mobile: +084 01682771546'),(85,'121tdquang',' Trần Đức Quang',' 00/10/1977',NULL,0,' Kiến trúc sư',NULL,'Ths',NULL,' ducquangdng@hotmail.com',' 842740; Mobile: 0914044466'),(86,'117tvquang',' Trần Văn Quang',' 08/10/1963',' 212 Trần Phú -Thành Phố Đà Nẵng',0,' Công nghệ nước và Bảo vệ môi trường',NULL,'Ts',NULL,' tvquang@dut.udn.vn',' 3733590; Mobile: 0903503376'),(87,'117hhquyen',' Hồ Hồng Quyên',' 02/04/1987',' Khoa Môi trường - Trường Đại học Bách Khoa - Đại học Đà Nẵng',1,' Công nghệ Môi trường',NULL,'Ths',NULL,' quyenhobkdn@gmail.com',' 0511 3 733 590; Mobile: 0977 423 246'),(88,'109nvtron',' Nguyễn Văn Tê Rôn',' 05/10/1985',' Số 87 Lâm Nhĩ, phường Hoà An, quận Cẩm Lệ, Tp Đà Nẵng',0,' Xây dựng Cầu Đường',NULL,'Ths',NULL,' Rontevan85@gmail.com; teronnguyen@dut.udn.vn',' 0511 3841297; Mobile: 0986 354085'),(89,'109nguyentiendung',' Nguyễn Tiến Dũng',' 26/01/1989',' 07 Đồng Trí 3- Liên Chiểu- Tp Đà Nẵng',0,' Vật liệu và Cấu kiện Xây dựng',NULL,'Ks',NULL,' nguyentiendung261@gmail.com',' ; Mobile: 0935231577'),(90,'101tmsang',' Trần Minh Sang',' 06/05/1985',' Bộ môn Chế tạo máy - Khoa Cơ khí - Đại học Bách khoa',0,' Chế tạo máy',NULL,'Ths',NULL,' sangtranbk@gmail.com',' ; Mobile: 097794103'),(91,'109ldchau',' Lê Đức Châu',' 06/03/1980',NULL,0,' Xây Dựng Cầu Đường',NULL,'Ks',NULL,' chauleduc@gmail.com',' ; Mobile: 0905919268'),(92,'117lehoangson',' Lê Hoàng Sơn',' 11/11/1986',' khoa Môi trường, trường ĐH Bách Khoa - ĐH Đà Nẵng, 54 Nguyễn Lương Bằng, TP. Đà Nẵng',0,' Công nghệ Môi trường',NULL,'Ks',NULL,' lhson.dut@gmail.com',' 0511 3733590; Mobile: 0935 426 456'),(93,'121lmson',' Lê Minh Sơn',' 17/11/1979',' Khoa Kiến Trúc - Trường Đại Học Bách Khoa Đà Nẵng',0,' Kiến Trúc',NULL,'Ts',NULL,' leminhson@hotmail.com',' 05113.841.823; Mobile: 0905.50.60.20'),(94,'108ndson',' Nguyễn Đình Sơn',' 07/08/1981',' Khoa Sư Phạm Kỹ Thuật, 54 Nguyễn Lương Bằng, Quận Liên Chiểu, Đà Nẵng',0,' Tự động hóa sản xuất',NULL,'Ts',NULL,' Đăng nhập để thấy thông tin',' Đăng nhập để thấy thông tin; Mobile: Đăng nhập để thấy thông tin'),(95,'111phamkimson',' Phạm Kim Sơn',' 01/01/1972',' 62 Nguyễn Lương Bằng, Q. Liên Chiểu, ĐN',0,' Xây dựng Thủy lợi-Thủy điện (thủy lợi tổng hợp)',NULL,'Ts',NULL,' pkimson@gmail.com; pkimson@dut.edu.vn; pkimson@uq.edu.au',' ; Mobile: 0903 516 357'),(96,'107ptson',' Phan Thanh Sơn',' 08/09/1987',' Khoa Hóa, Trường Đại học Bách Khoa, 54 Nguyễn Lương Bằng, Thành phố Đà Nẵng',0,' Công Nghệ Hóa học Dầu và Khí',NULL,'Ths',NULL,' thanhsonh5bk@gmail.com',' ; Mobile: 0983 982 949'),(97,'104tnson',' Thái Ngọc Sơn',' 25/11/1964',NULL,0,' Nhiệt năng công nghiệp',NULL,'Ts',NULL,' thaingocson@gmail.com',' ; Mobile: 0905164949'),(98,'104ttson',' Trần Thanh Sơn',' 27/10/1972',NULL,0,' Kỹ thuật nhiệt và máy lạnh',NULL,'Ts',NULL,' ',' 842366; Mobile: 0'),(99,'105voquangson',' Võ Quang Sơn',' 03/08/1980',' 54 Nguyễn Lương Bằng - Liên Chiểu - Đà Nẵng',0,' Điện kỹ thuật',NULL,'Ths',NULL,' vqson80@gmail.com',' ; Mobile: 0914000054'),(100,'107ngvdung',' Nguyễn Văn Dũng',' 01/01/1962',' 32 Thanh Duyên Đà Nẵng',0,' Công nghệ hóa học-công nghệ silicat',NULL,'Ts','PGS',' nvdung@dut.udn.vn;dungg2002@yahoo.com',' 0084 511 3842743; Mobile: 0989077484'),(101,'108nguyenducsy',' Nguyễn Đức Sỹ',' 22/06/1983',NULL,0,' XDCD',NULL,'Ts',NULL,' ducnguyensy@gmail.com',' ; Mobile: 0905627917'),(102,'109phanductam',' Phan Đức Tâm',' 11/10/1989',' 54 Nguyễn Lương Bằng - Liên Chiểu - TP. Đà Nẵng',0,' Xây dựng Cầu đường',NULL,'Ks',NULL,' phantambk@gmail.com; ductam@dut.udn.vn',' ; Mobile: 0949 800 777'),(103,'102truongngocchau',' Trương Ngọc Châu',' 12/09/1973',' Khoa CNTT, Đại học Bách khoa, ĐH Đà Nẵng.',0,' Toán - Tin',NULL,'Ts',NULL,' truongngocchau@yahoo.com',' ; Mobile: 0905026168'),(104,'121tvtam',' Trần Văn Tâm',' 03/07/1974',' 25 Lương Khánh Thiện',0,' Mỹ thuật',NULL,'Ks',NULL,' tamhs74@gmail.com',' 842740; Mobile: 0914040141'),(105,'105nqtan',' Nguyễn Quang Tân',' 18/10/1979',' 02 Mỹ Đa Đông 7, Phường Mỹ An, Quận Ngũ Hành Sơn,TP. Đà Nẵng',0,' Điện kỹ thuật',NULL,'Ths',NULL,' nqtan@dut.udn.vn;nqtbkdn@gmail.com',' 241305; Mobile: 0903518978'),(106,'111ndthach',' Nguyễn Đăng Thạch',' 20/04/1954',' 78 Ỷ Lan Nguyên Phi , phường Hòa Cường Bắc, quận Hải Châu, thành phố Đà Nẵng',0,' Thủy lợi',NULL,'Ths',NULL,' ndthach@ud.edu.vn; ndthach@gmail.com',' 0511.3841296; Mobile: 01236018165'),(107,'103pqthai',' Phạm Quốc Thái',' 00/00/0',' Khoa Cơ khí Giao thông - Trường Đại học Bách Khoa, 54 Nguyễn Lương Bằng, TP. Đà Nẵng',0,' Tự Động Hóa',NULL,'Ths',NULL,' pqthai@cb.dut.udn.vn; pqthai@dut.udn.vn',' 05113736945; Mobile: 0914487047'),(108,'102dangduythang',' Đặng Duy Thắng',' 19/02/1986',' 54 Nguyễn Luơng Bằng, Liên Chiểu, Đà Nẵng',0,' Công nghệ thông tin',NULL,'Ks',NULL,' ddthang@dut.udn.vn;thangddnt@gmail.com',' ; Mobile: 0983414363'),(109,'107hoviethang',' Hồ Viết Thắng',' 05/08/1983',' Khoa Hoá, Trường Đại học Bách Khoa, Đại học Đà Nẵng',0,' Công nghệ vật liệu Silicat',NULL,'Ths',NULL,' hvthang@dut.udn.vn',' 0511 3842743; Mobile: 01208500899'),(110,'106hvthang',' Huỳnh Việt Thắng',' 03/00/1980',' Khoa Điện Tử - Viễn Thông, Trường Đại học Bách Khoa, 54 Nguyễn Lương Bằng, TP Đà Nẵng',0,' Điện Tử Viễn Thông',NULL,'Ts',NULL,' thanghv@dut.udn.vn; thang143@gmail.com',' (+84) 0511-3841287; Mobile: '),(111,'117hoangngocan',' Hoàng Ngọc Ân',' 20/03/1984',' Hoàng Ngọc Ân- khoa môi trường- trường đhbk-dhđn',0,' sư phạm hóa',NULL,'Ths',NULL,' ngocanmt@gmail.com',' ; Mobile: 0983468463'),(112,'105phamcongdung',' Phạm Công Dũng',' 05/02/1985',' Khoa Điện - Trường Đại học Bách Khoa - 54 Nguyễn Lương Bằng - Đà Nẵng',0,' Tự động hóa',NULL,'Ths',NULL,' pcdung@dut.udn.vn; dungcoph@gmail.com',' ; Mobile: 0905 118538'),(113,'115pmthang',' Phan Minh Thắng',' 01/01/1965',NULL,0,' Công nghệ chế biến thực phẩm',NULL,'Ths',NULL,' pmthang@ud.edu.vn',' 519684; Mobile: 0913402314'),(114,'105ndthanh',' Ngô Đình Thanh',' 21/09/1981',' 54 Nguyễn Lương Bằng - Đà Nẵng',0,' Tự động hóa',NULL,'Ths',NULL,' ndthanh2005@yahoo.com',' 0511-3842738; Mobile: 0914-486-786'),(115,'104pthanh',' Phạm Thanh',' 27/03/1955',' như trên',0,' Nhiệt Công nghiệp',NULL,'Ths',NULL,' phthanh55@gmail.com',' 842366; Mobile: 0987069974'),(116,'110tranthixuanthanh',' Trần Thị Xuân Thanh',' 12/08/1987',NULL,1,' Xây dựng',NULL,'Ks',NULL,' thanhttx@gmail.com',' 0511 3842740; Mobile: 0983365901'),(117,'105ttbichthanh',' Trương Thị Bích Thanh',' 10/02/1983',' Bộ môn Tự Động Hoá, khoa Điện, Trường Đại Học Bách Khoa, Đại học Đà Nẵng',1,' Sản xuất tự động',NULL,'Ts',NULL,' ttbichthanh@gmail.com',' ; Mobile: 0935103301'),(118,'106vuvanthanh',' Vũ Văn Thanh',' 13/07/1985',NULL,0,' Điện tử- Viễn thông',NULL,'Ks',NULL,' vuvanthanh85@gmail.com',' 05113841287; Mobile: 0985355585'),(119,'108lvthanh',' Lê Viết Thành',' 01/02/1975',' K58/2 Ngô Sỹ Liên, Hòa Khánh Bắc, Liên Chiểu, Đà Nẵng',0,' Xây dựng Dân dụng và CN',NULL,'Ths',NULL,' thanhkcdn@gmail.com',' 05113841318; Mobile: 0982145011'),(120,'101vonhuthanh',' Võ Như Thành',' 18/11/1983',' Bo mon Co dien tu, Khoa Co khi, Dai hoc Bach Khoa Da Nang',0,' Mechanical Engineering',NULL,'Ths',NULL,' thanhvous@gmail.com',' ; Mobile: 0905669229'),(121,'101hoangvanthanh',' Hoàng Văn Thạnh',' 27/04/1984',' Bộ môn chế tạo máy, Khoa Cơ khí, Đại học Bách khoa, Đại học Đà Nẵng.',0,' Cơ khí chế tạo máy',NULL,'Ths',NULL,' hvthanh@dut.udn.vn; hoangvanthanh_03c1b@yahoo.com',' 05113 842 741; Mobile: 0976 297 068'),(122,'109npqduy',' Nguyễn Phước Quý Duy',' 02/11/1982',' 77/41 Lê Độ',0,' Xầy Dựng Cầu Đường',NULL,'Ths',NULL,' ngphquyduy@gmail.com',' ; Mobile: 0905322669'),(123,'110dinhnhuthao',' Đinh Thị Như Thảo',' 16/08/1973',' 02- Nguyễn Thành Ý- Quận Hải Châu- Thành phố Đà Nẵng',1,' Xây dựng DD và CN',NULL,'Ths',NULL,' dinhthaobk@yahoo.com',' 3842740; Mobile: 0983640765'),(124,'111lvthao',' Lê Văn Thảo',' 10/04/1984',' Khoa xây dựng TL-TĐ, ĐHBK-DHĐN',0,' Xây dựng cầu đường',NULL,'Ths',NULL,' quangngaibk@gmail.com',' 0511 3841296; Mobile: 01658536358'),(125,'109ndthao',' Nguyễn Duy Thảo',' 25/09/1978',' Khoa Xây Dựng Cầu Đường - Trường Đại Học Bách Khoa',0,' Xây dựng Cầu Đường',NULL,'Ths',NULL,' ngduythao1978@yahoo.com ; ndthao@dut.udn.vn',' 0511.3841297; Mobile: 0905292002'),(126,'109tttthao',' Trần Thị Thu Thảo',' 10/11/1983',' Khoa XDCĐ-ĐHBK-54 Nguyễn Lương Bằng',1,' Đường ô tô-đường TP',NULL,'Ths',NULL,' ;tttthao@dut.udn.vn',' 841297; Mobile: 0983821513'),(127,'122vothihoangchau',' Võ Thị Hoàng Châu',' 09/02/1975',' 48/01- Ngô Sỹ Liên, phường Hòa Khánh Bắc, quận Liên Chiểu, tp Đà Nẵng',1,' Thông tin Tư liệu',NULL,'Ks',NULL,' hchaubk@gmail.com',' 3730751; Mobile: 0985860024'),(128,'110tqthinh',' Trịnh Quang Thịnh',' 01/01/1968',' Khoa Xây dựng Dân dụng & Công nghiệp, Trường Đại học Bách khoa-ĐHĐN.',0,' Xây dựng DD và CN',NULL,'Ths',NULL,' tqthinhxd@yahoo.com',' 842740; Mobile: 0914146363'),(129,'117phamthikimthoa',' Phạm Thị Kim Thoa',' 01/01/1981',' Khoa Môi Trường, Trường Đại học Bách Khoa - Đại học Đà Nẵng, 54 - Nguyễn Lương Bằng, Quận Liên Chiểu, TP Đà Nẳng',1,' Lâm sinh/Sinh thái lâm nghiệp',NULL,'Ts',NULL,' phamthikimthoa@yahoo.com; ht062007@mail.ru',' ; Mobile: 01225488564'),(130,'103ntthua',' Nguyễn Tiến Thừa',' 02/06/1985',' Khoa Cơ khí Giao thông, trường Đại học Bách khoa, Đại học Đà Nẵng, 54 Nguyễn Lương Bằng, Đà Nẵng',0,' Kỹ thuật Tàu thuỷ',NULL,'Ths',NULL,' ngtthua.ckgt@gmail.com; ntthua@dut.udn.vn',' 0511. 3 736 945; Mobile: (+84) 919 080 261'),(131,'110dcthuat',' Đặng Công Thuật',' 18/11/1981',' Khoa Xây dựng DD&CN - Trường Đại học Bách Khoa - Đại hoc Đà Nẵng',0,' Xây dựng Dân dụng và Công nghiệp',NULL,'Ts',NULL,' dcthuat@ud.edu.vn; dangcongthuat@gmail.com',' ; Mobile: 0913527757'),(132,'102nkduy',' Ninh Khánh Duy',' 10/07/1981',NULL,0,' Điện tử - Viễn thông',NULL,'Ths',NULL,' ninhkhanhduy@yahoo.com',' 0511.3763949; Mobile: '),(133,'117pnthuc',' Phan Như Thúc',' 00/00/1970',' Khoa Môi trường, Trường Đại học Bách Khoa - Đại học Đà Nẵng',0,' Sinh học',NULL,'Ts',NULL,' pnthuc@dut.udn.vn;phannhuthuc@gmail.com',' 0.511.3733590; Mobile: 090 555 1790'),(134,'106hluthuc',' Hoàng Lê Uyên Thục',' 00/00/1971',' Khoa Điện tử - Viễn thông, Trường Đại học Bách khoa, 54 Nguyễn Lương Bằng, Liên Chiểu, Đà Nẵng',1,' Điện tử',NULL,'Ths',NULL,' hluthuc@dut.udn.vn',' +84 5113 841287; Mobile: '),(135,'117lethixuanthuy',' Lê Thị Xuân Thùy',' 29/06/1981',' Khoa môi trường, Truờng Đại học Bách Khoa Đà Nẵng, 54 Nguyễn Lương Bằng, quận Liên Chiểu, thành phố Đà Nẵng.',1,' Hoá phân tích',NULL,'Ts',NULL,' lucky_kuroba@yahoo.com; ltxthuy@dut.udn.vn;letxthuy@gmail.com',' 0511-3733590; Mobile: 0905-943-889'),(136,'117phanthikimthuy',' Phan Thị Kim Thủy',' 01/12/1983',' Khoa Môi trường, Đại học Bách Khoa, Đại học Đà Nẵng',1,' Công nghệ Môi trường',NULL,'Ths',NULL,' kimthuybk@gmail.com',' 0511 3 733 590; Mobile: 0905 716 147'),(137,'102tranhothuytien',' Trần Hồ Thuỷ Tiên',' 14/03/1973',NULL,1,' Tin học',NULL,'Ths',NULL,' thttien@dut.udn.vn',' 736949; Mobile: 0983 461 008'),(138,'106ttchien',' Tăng Tấn Chiến',' 07/04/1953',' 54 Nguyễn Lương Bằng Đà Nẵng',0,' Vật lý Điện tử',NULL,'Ts','PGS',' ttchien@ac.udn.vn',' 3841287; Mobile: 0914083222'),(139,'106hptien',' Hồ Phước Tiến',' 06/02/1981',NULL,0,' Viễn thông',NULL,'Ts',NULL,' hptien@yahoo.com',NULL),(140,'119httien',' Huỳnh Tấn Tiến',' 20/08/1981',' Phòng Khoa học, SĐH&HTQT, Trường Đại học Bách khoa',0,' Cơ khí động lực',NULL,'Ths',NULL,' httien@dut.udn.vn',' 0511 3841 292; Mobile: 0983352119'),(141,'115nttien',' Nguyễn Trung Tiến',' 26/12/1961',NULL,0,' Tin học',NULL,'Ths',NULL,' ',' 736949; Mobile: 0905020744'),(142,'106tientv',' Thái Văn Tiến',' 10/03/1983',' 54 Nguyen Luong Bang',0,' Dien Tu Vien Thong',NULL,'Ths',NULL,' tvtien@dut.udn.vn',' ; Mobile: 0944292888'),(143,'104ltcduyen',' Lê Thị Châu Duyên',' 25/09/1981',' 48 Hà Huy Tập - Q. Thanh Khê - Tp. Đà Nẵng',1,' Kỹ thuật Nhiệt lạnh',NULL,'Ths',NULL,NULL,NULL),(144,'109ntin',' Nguyễn Tín',' 1982',NULL,0,' Xây dựng Cầu Đường',NULL,'Ths',NULL,' ngtin.gte@gmail.com; tn507@uowmail.edu.au',' 841297; Mobile: '),(145,'111vuthitinh',' Vũ Thị Tính',' 09/10/1984',NULL,1,' Thủy văn và Tài nguyên nước',NULL,'Ths',NULL,' vttinh@dut.udn.vn',' 0511 384 1296; Mobile: +84 984 739 099'),(146,'105Tvtinh',' Trần Vinh Tịnh',' 17/02/1955',' 54 Nguyễn Lương Bằng, TP Đà Nẵng.',0,' Phát dẫn Điện',NULL,'Ts',NULL,' Tvtinh@ud.edu.vn; tvtinh@pmail.vnn.vn',' ; Mobile: '),(147,'110lekhanhtoan',' Lê Khánh Toàn',' 09/07/1967',' Khoa Xây dựng Dân dụng và Công nghiệp, Trường Đại học Bách Khoa, Đại học Đà Nẵng, 54 Nguyễn Lương Bằng, Hoà khánh Bắc, Liên Chiểu, Đà Nẵng',0,' Xây dựng dân dụng & CN',NULL,'Ts',NULL,' khanhtoan67@gmail.com',' 05113842740; Mobile: 0913469869'),(148,'109nxtoan',' Nguyễn Xuân Toản',' 29/12/1967',' 12/6 Nguyễn Thị Minh Khai hoặc 31 Đức Lợi 1, Quận Hải Châu TP Đà Nẵng',0,' Xây dựng cầu Đường',NULL,'Ts','PGS',' nguyenxuantoan2007@gmail.com',' 05113899565; Mobile: 0973779988'),(149,'107llttram',' Lê Lý Thùy Trâm',' 25/10/1980',NULL,1,' Vi sinh - Sinh học phân tử',NULL,'Ts',NULL,' llttram@gmail.com',' 0511 3842743; Mobile: 0905222724'),(150,'108chientb',' Thái Bá Chiến',' 27/08/1982',NULL,0,' Sư phạm Kỹ thuật Điện tử - Tin học',NULL,'Ths',NULL,' chientb@ud.edu.vn',' 0511.3841293; Mobile: 0986616682'),(151,'118pttrang',' Phạm Thị Trang',' 01/10/1983',' Khoa Quản lý Dự án, Trường Đại học Bách Khoa, Đại học Đà Nẵng - ĐC:54 Nguyễn Lương Bằng, Quận Liên chiểu, Tp Đà Nẵng',1,' Kinh tế Xây Dựng và Quản trị dự án',NULL,'Ths',NULL,' trangpt2304@gmail.com',' 0511 3737869; Mobile: 0905 660 579'),(152,'121vpmtrang',' Vũ Phan Minh Trang',' 26/06/1989',' 0935474479',1,' Đồ Họa',NULL,'Ks',NULL,' trangvu2689@yahoo.com;trangvu2689@gmail.com',' ; Mobile: '),(153,'118nntri',' Ngô Ngọc Tri',' 18/08/1985',' Khoa Quản lý Dự án, truờng Đại học Bách khoa, Đại học Đà Nẵng',0,' Xây dựng Dân dụng và Công nghiệp',NULL,'Ths',NULL,' trinn@dut.udn.vn',' 0511 3737 869; Mobile: 0906506677'),(154,'118bntha',' Bùi Nữ Thanh Hà',' 02/01/1970',' K54/25 Ông Ích Khiêm, quận Hải Châu, thành phố Đà Nẵng',1,' Kế toán - Tài chính',NULL,'Ths',NULL,' bnthabk@gmail.com; buinuthanhhabk@gmail.com',' ; Mobile: 0947853355'),(155,'109pqtri',' Phùng Quốc Trí',' 00/00/1983',' Khoa XDCĐ, trường ĐH Bách Khoa, ĐH Đà Nẵng',0,' Vật liệu Xây dựng',NULL,'Ths',NULL,' pqtri[at]dut.udn.vn; QuocTri.Phung[at]UGent.be',' ; Mobile: +32495781656'),(156,'107truonghuutri',' Trương Hữu Trì',' 20/09/1973',' 54 Nguyễn Lương Bằng - Liên Chiểu - Đà Nẵng',0,' Công Nghệ Hóa dầu',NULL,'Ts',NULL,' thtri@dut.udn.vn; thtri.dhbk@yahoo.com',' 842743; Mobile: 0932445199'),(157,'102dbktrieu',' Đặng Bá Khắc Triều',' 25/05/1980',' 54 Nguyễn Lương Bằng, Tp. Đà Nẵng',0,' Công nghệ Thông tin',NULL,'Ths',NULL,' dbktrieu@dut.udn.vn',' 0511. 3736949; Mobile: 0943849874'),(158,'103nvtrieu',' Nguyễn Văn Triều',' 06/07/1984',' Khoa Co khi Giao thong - Truong Dai hoc Bach khoa - 54 Nguyen Luong Bang - Tp. Da Nang',0,' Co khi Dong luc',NULL,'Ks',NULL,' trieuckgt@gmail.com',' 059.3838009; Mobile: 0983774381'),(159,'106nttrinh',' Nguyễn Thúy Trinh',' 06/02/1985',NULL,1,' Điện Tử-Viễn Thông',NULL,'Ks',NULL,' tulip03dt2@gmail.com',' ; Mobile: 0982480357'),(160,'107ptdtrinh',' Phạm Thị Đoan Trinh',' 1981',' K18/19 Phạm Nhữ Tăng P.Hòa Khê, Q.Thanh Khê, TP Đà Nẵng',1,' Hóa học Polymer',NULL,'Ths',NULL,' trinh.pham@dut.udn.vn; doantrinh.pham@gmail.com',' 0511 384 2743; Mobile: 090 970 5053'),(161,'101ndtrinh',' Nguyễn Đăng Trình',' 19/12/1982',' Bộ môn Cơ điện tử, Khoa Cơ khí, Trường Đại Học Bách Khoa Đà Nẵng - 54 Nguyễn Lương Bằng, TP Đà Nẵng',0,' Sản Xuất Tự Động',NULL,'Ths',NULL,' trinhmeiko@gmail.com',' 0511.3842308; Mobile: 0908117585'),(162,'101tmchinh',' Trần Minh Chính',' 25/10/1955',' Khoa Cơ khí, Đại học Bách khoa, ĐHĐN',0,' Công nghệ Chế tạo máy',NULL,'Ths',NULL,' tmchinh@yahoo.com',' (0511)3842741; Mobile: 0913422908'),(163,'105hdtruc',' Hạ Đình Trúc',' 03/10/1976',' Khoa Điện - ĐHBK',0,' Hệ Thống Điện',NULL,'Ths',NULL,' hadinhtruc@gmail.com',' ; Mobile: 0905429456'),(164,'118huynhthiminhtruc',' Huỳnh Thị Minh Trúc',' 20/10/1984',' Bộ môn Quản Lý Dự Án Xây Dựng, Khoa Quản Lý Dự Án, Trường Đại học Bách Khoa, Đại học Đà Nẵng',1,' Kinh Tế Xây Dựng & Quản Lý Dự Án',NULL,'Ths',NULL,' mtruc84@gmail.com',' 05113910243; Mobile: 0905170901'),(165,'111dtkimanh',' Đỗ Thị Kim Anh',' 20/02/1984',' Khoa Xây dựng Thủy lợi-Thủy điện, Đại học Bách Khoa, Đại học Đà Nẵng',1,' Xây dựng Thủy lợi-Thủy điện',NULL,'Ths',NULL,' anhqbqt@gmail.com',' ; Mobile: 0933720599'),(166,'105ntktruc',' Nguyễn Thị Kim Trúc',' 18/12/1985',NULL,1,' Tự Động Hoá',NULL,'Ths',NULL,' nguyenthikimtruc@gmail.com',' ; Mobile: 0905-438-270'),(167,'109trungdq',' Đỗ Quang Trung',' 14/03/1982',' 215 Trường Chinh, Đà Nẵng',0,' Xây dựng Cầu đường',NULL,'Ths',NULL,' dqtrung@dut.udn.vn; qtdo14@gmail.com',' ; Mobile: 0905546695'),(168,'107lntrung',' Lê Ngọc Trung',' 29/07/1964',' Khoa Hóa, Trường ĐHBK-ĐHĐN',0,' Hóa học',NULL,'Ths',NULL,' lntrungbk@gmail.com',' 842743; Mobile: 0985756923'),(169,'109ncchung',' Nguyễn Chí Trung',' 02/02/1978',' Khoa XD Cầu đường, Trường Đại học Bách Khoa, Đại học Đà nẵng',0,' Địa chất - Công trình',NULL,'Ts',NULL,' trungnguyenchi20@gmail.com',' ; Mobile: 0905173746'),(170,'103nguyenquangtrung',' Nguyễn Quang Trung',' 07/11/1981',' Khoa Cơ Khí Giao thông, Trường Đại học Bách Khoa Đà Nẵng, 54 Nguyễn Lương Bằng, TP. Đà Nẵng',0,' Cơ khí Động lực',NULL,'Ths',NULL,' trungckgt@gmail.com',' 736945; Mobile: 0917981701'),(171,'121nxtrung',' Nguyễn Xuân Trung',' 03/11/1980',' Khoa Kiến Trúc trường Đại học Bách khoa Đà Nẵng - Tầng 3 khu A, Trường Đại học Bách khoa - Đại học Đà Nẵng, 54 nguyễn Lương Bằng Thành phố Đà Nẵng',0,' Kiến Trúc Công Trình',NULL,'Ths',NULL,' NXTRUNG@ud.edu.vn',' 05113841823; Mobile: 0905.145.945'),(172,'106phamxuantrung',' Phạm Xuân Trung',' 13/08/1985',' Khoa Điện tử Viễn thông, Trường Đại học Bách khoa, Đại học Đà Nẵng, 54 Nguyễn Lương Bằng, Thành phố Đà Nẵng',0,' Điện tử Viễn thông',NULL,'Ks',NULL,' pxtrung@dut.udn.vn; trung.phamxuan@gmail.com; trung_ete@dut.edu.vn',' +845113841287; Mobile: +84913130885'),(173,'122nguyenhuulaptruong',' Nguyễn Hữu Lập Trường',' 26/01/1985',NULL,0,' Tự động hóa',NULL,'Ks',NULL,' nguyenhuulaptruong@gmail.com',' 05113.730751; Mobile: 0935512679'),(174,'105Tvanchinh',' Trần Văn Chính',' 18/04/1954',' 54 Nguyễn Lương Bằng, Tp. Đà Nẵng',0,' Điện Kỹ thuật ',NULL,'Ts','PGS',' Tvanchinh@ud.edu.vn',' 3841469; Mobile: 0913453342'),(175,'106btmtu',' Bùi Thị Minh Tú',' 12/04/1981',' Khoa Điện tử - Viễn thông, Đại học Bách Khoa, 54 Nguyễn Lương Bằng, Đà Nẵng',1,' Điện tử-Viễn thông',NULL,'Ts',NULL,' thi-minh-tu.bui@dut.edu.vn',' 3841287; Mobile: '),(176,'105ntha_bk',' Nguyễn Thị Hà',' 10/10/1987',' Bộ môn Điện công nghiệp - Khoa Điện - Trường ĐH Bách khoa - ĐH Đà Nẵng',1,' Điện kỹ thuật',NULL,'Ths',NULL,' nthadht@gmail.com',' ; Mobile: 0966481350'),(177,'106nctu',' Nguyễn Chánh Tú',' 23/01/1965',' Trung Tâm Xuất sắc, ĐHBK, 54 Nguyễn Lương Bằng, Q Liên Chiểu, TP Đà Nẵng',0,' Toán học',NULL,'Ts','PGS',' nctu@dut.udn.vn; nctu2000@yahoo.com',' 3626727; Mobile: 0914179882'),(178,'107nntuan',' Nguyễn Ngọc Tuân',' 13/06/1986',' Khoa Hóa, ĐH Bách Khoa, ĐH Đà Nẵng',0,' Công nghệ Lọc hóa dầu',NULL,'Ths',NULL,' tuan13061986@yahoo.com',' 05113 842743; Mobile: 0905 058 053'),(179,'115datuan',' Đoàn Anh Tuấn',' 07/10/1977',' 0511-3501449',0,' Điện Kỹ thuật',NULL,'Ts',NULL,' datuan@dut.udn.vn; doananhtuan95@gmail.com',' 05113738268; Mobile: 01683232222'),(180,'110latuan',' Lê Anh Tuấn',' 05/05/1982',' 365 Phan Chu Trinh, Thành Phố Đà Nẵng',0,' Xây dựng Dân Dụng & Công Nghiệp',NULL,'Ts',NULL,NULL,NULL),(181,'110lctuan',' Lê Cao Tuấn',' 24/07/1984',' khoa Xây dựng DD&CN-ĐH Bách Khoa-ĐH Đà Nẵng',0,' Xây dựng dân dụng và công nghiệp',NULL,'Ks',NULL,' caotuan.hau@gmail.com',' (0511)3872740; Mobile: 0987840863'),(182,'121nguyenanhtuan',' Nguyễn Anh Tuấn',' 04/09/1978',' 09 Tân An 2, Hải Châu, TP Đà Nẵng',0,' Kiến trúc Công trình',NULL,'Ts',NULL,' natuan@ud.edu.vn',' +84 (511)3841823; Mobile: '),(183,'107ndmtuan',' Nguyễn Đình Minh Tuấn',' 07/02/1984',NULL,0,' Công nghệ Hóa học - Dầu & Khí',NULL,'Ts',NULL,' ndmtuan@dut.udn.vn, dinhtuan287@gmail.com',' ; Mobile: 0935350645'),(184,'106nvantuan',' Nguyễn Văn Tuấn',' 01/01/1963',' 54 Nguyễn Lương Bằng, Hòa Khánh, Quận Liên Chiểu, Thành phố Đà Nẵng',0,' Điện tử Viễn thông',NULL,'Ts','PGS',' nvtuan@dut.udn.vn; nvantuan2000@gmail.com',' 05113841287; Mobile: '),(185,'102phamminhtuan',' Phạm Minh Tuấn',' 07/05/1982',NULL,0,' Công nghệ thông tin',NULL,'Ts',NULL,' pmtuan@dut.udn.vn',' ; Mobile: 0913230910'),(186,'113truonghchinh',' Trương Hoài Chính',' 23/04/1958',' Địa chỉ liên hệ:',0,' Xây dựng DD và CN',NULL,'Ts','PGS',' truonghchinh@gmail.com; thchinh@dut.udn.vn',' 05113841469; Mobile: 0913403456'),(187,'109ntha',' Nguyễn Thu Hà',' 10/12/1982',' Khoa Xây dựng Cầu Đường, Đại học Bách khoa Đà Nẵng',1,' Xây dựng Cầu Đường',NULL,'Ths',NULL,' thuhabkdn@gmail.com',' 0511 3841297; Mobile: 0905470047'),(188,'106pvtuan',' Phạm Văn Tuấn',' 24/11/1976',' 155 Hải Phòng, Đà Nẵng',0,' ĐiệnTử Viễn Thông',NULL,'Ts','PGS',' pvtuan@dut.udn.vn',' 0511 3735112; Mobile: 01222278159'),(189,'107vocongtuan',' Võ Công Tuấn',' 07/04/1986',NULL,0,' Công nghệ Sinh học',NULL,'Ks',NULL,' congtuan206@gmail.com',' 05113842743; Mobile: 0979154828'),(190,'109hptung',' Hoàng Phương Tùng',' 16/09/1982',' Lương Nhữ Hộc, Quận Hải Châu, Đà Nẵng',0,' Xây Dựng Cầu Đường',NULL,'Ths',NULL,' tungphhoang@gmail.com; hptung@dut.udn.vn',' ; Mobile: 0977-999-526'),(191,'106huynhthanhtung',' Huỳnh Thanh Tùng',' 02/04/1981',NULL,0,' Điện tử',NULL,'Ths',NULL,' httung@dut.udn.vn',' 05113841287; Mobile: '),(192,'110nqtung',' Nguyễn Quang Tùng',' 15/12/1985',' Khoa Xây dựng Dân dụng - Công nghiệp, Trường Đại học Bách Khoa - Đại học Đà Nẵng',0,' Xây dựng Dân dụng - Công nghiệp',NULL,'Ts',NULL,' nquangtung85@gmail.com',' ; Mobile: 0906 597 007'),(193,'108ndtuongspkt',' Nguyễn Danh Tường',' 15/01/1967',NULL,0,' Toán',NULL,'Ths',NULL,' ',' 841293; Mobile: 0913401175'),(194,'101txtuy',' Trần Xuân Tùy',' 02/02/1953',' 54 Nguyễn Lương Bằng, Tp.ĐN',0,' Chế tạo máy',NULL,'Ts','PGS',' tranxuantuy@yahoo.fr',' 0983459719; Mobile: '),(195,'103lvtuy',' Lê Văn Tụy',' 17/11/1957',' 54 Nguyễn Lương Bằng, Q. Liên Chiểu, Tp. Đà Nẵng',0,' Cơ khí Động lực ',NULL,'Ts',NULL,' levantuy@yahoo.com',' 0511 3841 127; Mobile: 0905 770 127'),(196,'103nbtuyen',' Nguyễn Thị Băng Tuyền',' 17/04/1981',' Khoa Cơ Khí Giao Thông-Đại Học Bách Khoa-ĐHĐN',1,' Công nghệ Nhiệt-Điện lạnh',NULL,'Ths',NULL,' ntbtuyen@dut.udn.vn; bangtuyennguyen@gmail.com',' +845113736945; Mobile: +84935886745'),(197,'105Levan54',' Lê Vân',' 18/01/1954',NULL,0,' Hệ thống Điện',NULL,'Ths',NULL,' Levan54@ud.edu.vn',' 245727; Mobile: 0913438675'),(198,'109haibkdn',' Đỗ Việt Hải',' 00/00/1982',NULL,0,' Xây Dựng Cầu Đường',NULL,'Ths',NULL,' haibkdn(at)yahoo(dot)com; haibkdn(at)gmail(dot)com;',' 85.511.3841.297; Mobile: 84.905.414525'),(199,'109anntt',' Nguyễn Thị Tuyết An',' 09/04/1965',NULL,1,' Xây dựng thủy lợi',NULL,'Ths',NULL,' tuyetanx3@yahoo.com.vn',' 841297; Mobile: 0913407868'),(200,'119vcchinh',' Võ Chí Chính',' 20/05/1962',' Trường Đại học Bách Khoa - Đại học Đà Nẵng',0,' Nhiệt năng công nghiệp',NULL,'Ts','PGS',' vcchinh@dut.udn.vn ; vochichinhdhbk@gmail.com',' 0511.3842366; Mobile: 0915856567'),(201,'107ntbvan',' Ngô Thái Bích Vân',' 25/10/1985',NULL,0,' CNSH Y Dược',NULL,'Ths',NULL,' ntbvan@dut.udn.vn',' ; Mobile: 0983922510'),(202,'114nguyenvan',' Nguyễn Năng Hùng Vân',' 03/04/1981',NULL,0,' Công nghệ Thông tin',NULL,'Ths',NULL,' nguyenvan@dut.udn.vn',' 0511.841225; Mobile: 0935725527'),(203,'104ntvan',' Nguyễn Thành Văn',' 20/02/1965',' 54 Nguyễn Lương Bằng, Tp. Đà Nẵng',0,' Kỹ thuật nhiệt ',NULL,'Ts',NULL,' ntvan@ud.edu.vn',' 0511. 3711556; Mobile: 0903503129'),(204,'103hbvang',' Huỳnh Bá Vang',' 27/09/1977',' 54. Nguyễn Lương Bằng - Đà Nẵng',0,' Cơ Khí Động Lực',NULL,'Ths',NULL,' vangavl@gmail.com',' 0511.3733795; Mobile: 0905174870'),(205,'104tvvang',' Trần Văn Vang',' 12/10/1961',' 54 Nguyễn Lương Bằng, Tp. Đà Nẵng',0,' Kỹ Thuật Nhiệt và máy lạnh',NULL,'Ts',NULL,' tvvang@dut.udn.vn',' 05113604102; Mobile: 0913404678'),(206,'106nguyenduynhatvien',' Nguyễn Duy Nhật Viễn',' 17/08/1974',' 54 Nguyễn Lương Bằng',0,' Kỹ thuật Điện tử',NULL,'Ths',NULL,' nhatvien@gmail.com',' ; Mobile: 0913473234'),(207,'105dtviet',' Đinh Thành Việt',' 12/05/1970',' 74 Nguyễn Duy Hiệu, Quận Sơn Trà, Đà Nẵng',0,' Hệ thống Điện',NULL,'Ts','PGS',' dtviet@ac.udn.vn; dtvietbk@gmail.com',' 0511-3986897; Mobile: 0974736363'),(208,'101ntviet',' Nguyễn Thanh Việt',' 30/07/1954',' Nguyễn Thanh Việt, Khoa Cơ khí, Trường Đại học Bách khoa , Đại học Đà Nẵng',0,' Đúc- Luyện kim',NULL,'Ths',NULL,' ngthviet.bkdn@gmail.com',' 842741; Mobile: 0905234194'),(209,'109honghai',' Nguyễn Hồng Hải',' 04/11/1975',' Khoa Xây dựng Cầu Đường, Đại Học Bách Khoa, Đại Học Đà Nẵng',0,' Xây dựng cầu Đường',NULL,'Ts',NULL,' nhhai@dut.udn.vn; honghaidhbk@yahoo.com',' 05113841297; Mobile: 0918326818'),(210,'109trantrungviet',' Trần Trung Việt',' 20/09/1985',' Institut de Recherche en Génie Civil et Mécanique, UMR CNRS 6183 - Nantes, France',0,' Xây dựng Cầu Đường',NULL,'Ths',NULL,' viet662@gmail.com;trung-viet.tran@ec-nantes.fr',' +33276645120; Mobile: +33770125519'),(211,'101dangphuocvinh',' Đặng Phước Vinh',' 19/09/1985',' Bộ môn Cơ điện tử - Khoa Cơ khí - Trường Đại học Bách Khoa',0,' Cơ điện tử',NULL,'Ths',NULL,' dangphuocvinh@gmail.com; phuocvinh.dang@polimi.it',' 0511.3842308; Mobile: 0978.498.964'),(212,'105phandinhchung',' Phan Đình Chung',' 07/10/1980',NULL,0,' Hệ Thống Điện',NULL,'Ths',NULL,' chungpy99d6@gmail.com; chungpy99d6@yahoo.com',' ; Mobile: 01272187853'),(213,'108hvinh',' Huỳnh Vinh',' 10/05/1979',' Khoa SPKT - Trường Đại học Bách Khoa - 54 Nguyễn Lương Bằng - TP Đà Nẵng',0,' Xây dựng dân dụng và công nghiệp',NULL,'Ths',NULL,' hvinh105@gmail.com',' 841293; Mobile: 0905334488'),(214,'110pqvinh',' Phan Quang Vinh',' 20/12/1973',' 54 Nguyễn Lương Bằng - Đà Nẵng',0,' Xây dựng dân dụng và công nghiệp',NULL,'Ths',NULL,' quangvinhbkdn@gmail.com;pqvinh@dut.udn.vn',' 05113842740; Mobile: 0982441617'),(215,'109nguyenhoangvinh',' Nguyễn Hoàng Vĩnh',' 16/04/1975',' Khoa Xây dựng Cầu đường - Trường Đại học Bách khoa - ĐHĐN, 54 Nguyễn Lương Bằng - Liên Chiểu - Đà Nẵng',0,' Xây dựng Cầu Đường',NULL,'Ths',NULL,' vinhbachnam@gmail.com',' 05113841297; Mobile: 0913418918'),(216,'104pduyvu',' Phạm Duy Vũ',' 04/02/0',' 54 Nguyễn Lương Bằng, Tp. Đà Nẵng',0,' Kỹ thuật nhiệt và máy lạnh',NULL,'Ths',NULL,' phamduyvubk@gmail.com',' 3842366; Mobile: 0913412513'),(217,'102ttvu',' Trần Thế Vũ',' 01/08/1983',' K96 H17/19 Hải Hồ - Quận Hải Châu - TP Đà Nẵng',0,' Công Nghệ Thông Tin',NULL,'Ths',NULL,' anhvaut@gmail.com; ttvu@dut.udn.vn',' 05113763949; Mobile: 0983879515'),(218,'107ttxo',' Trần Thị Xô',' 21/12/1952',' 54 Nguyễn Lương Bằng, Tp. ĐN',1,' Sinh hóa',NULL,'Ts','PGS',' tranthixo@gmail.com',' 0511.3842743; Mobile: 0914.084893'),(219,'107nguyenthiminhxuan',' Nguyễn Thị Minh Xuân',' 15/01/1985',' 75 Nguyễn Xuân Ôn, Đà Nẵng',1,' Công nghệ sinh học',NULL,'Ths',NULL,' ntmxuan@dut.udn.vn',' 05116250129; Mobile: 0905015110'),(220,'118hodongduong',' Hồ Dương Đông',' 25/02/1983',' Ba Đình, Đà Nẵng',0,' Cơ Khí Chế Tạo Máy',NULL,'Ths',NULL,' hoduong.dong@gmail.com',' ; Mobile: 0902379784'),(221,'111nthai',' Nguyễn Thanh Hải',' 03/08/1985',' Khoa Xây dựng Thuỷ lợi - Thuỷ điện, Đại học Bách Khoa, Đại học Đà Nẵng',0,' Xây dựng Thuỷ lợi - Thuỷ điện',NULL,'Ths',NULL,' thanhhai.x2@gmail.com',' 05113 841296; Mobile: 0905 800 555'),(222,'119nttxuan',' Nguyễn Thị Thanh Xuân',' 1978',NULL,1,' ',NULL,'Ts',NULL,' nttxuan@dut.udn.vn',' 3; Mobile: 0'),(223,'107lethinhuy',' Lê Thị Như Ý',' 07/08/1961',' Khoa Hóa, trường ĐH Bách Khoa - ĐH Đà Nẵng',1,' Hóa Silicate',NULL,'Ts',NULL,' nhuysuong171@yahoo.com',' 0511 3842743; Mobile: 0905 157 779'),(224,'109yenntn',' Nguyễn Thị Ngọc Yến',' 01/01/1985',' Bộ môn CSKT - Khoa Xây dựng Cầu Đường, DHBKĐN',1,' Địa chất công trình',NULL,'Ths',NULL,' ngocyendc@gmail.com; ngocyendc@yahoo.com',' ; Mobile: 0977523959'),(225,'109chuonglx',' Lê Xuân Chương',' 11/01/1956',NULL,0,' Vật liệu và Cấu kiện Xây dựng',NULL,'Ths',NULL,' chuonglx@ud.edu.vn;lxchuong_dn@yahoo.com;lxchuong@dut.udn.vn',' 05113612111; Mobile: 0935727123'),(226,'111nccong',' Nguyễn Chí Công',' 04/12/1975',' 54, Nguyễn Lương Bằng, Đà Nẵng',0,' Xây dựng Công trình thủy',NULL,'Ts',NULL,' chicongbkdn@gmail.com',' 05113 767244; Mobile: 0905150703'),(227,'118nguyenthicuc',' Nguyễn Thị Cúc',' 11/02/1989',' K144/5 Nguyễn Lương Bằng, TP Đà Nẵng',1,' Kinh tế xây dựng và Quản lý dự án',NULL,'Ks',NULL,' nguyenthicuc1102@gmail.com',' ; Mobile: 0979733617'),(228,'108lecung',' Lê Cung',' 01/01/1958',' Trường Đại học Bách khoa, Đại học Đà Nẵng, 54 Nguyễn Lương Bằng, quận Liên Chiểu, thành phố Đà Nẵng',0,' Chế tạo máy',NULL,'Ts','PGS',' lecung2005@gmail.com; lcung@dut.udn.vn',' 0511.3738269; Mobile: 0905124879'),(229,'109nbcuong',' Nguyễn Biên Cương',' 22/03/1969',' Khoa XD cầu đường, trường ĐHBK, ĐHĐN, 54 Nguyễn Lương Bằng, P.Hòa Khánh Bắc, Q.Liên Chiểu, TP.Đà Nẵng',0,' Xây dựng cầu Đường',NULL,'Ths',NULL,' nbcvna@gmail.com',' 05113841297; Mobile: 0913 401 627'),(230,'117lpcuong',' Lê Phước Cường',' 14/06/1985',' Khoa Môi trường- Tr. Đại học Bách Khoa, 54 Nguyễn Lương Bằng, Q. Liên Chiểu, tp. Đà Nẵng',0,' Công nghệ Sinh học công nghiệp',NULL,'Ts',NULL,' le_p_cuong@mail.ru; lpcuong@dut.udn.vn',' 0511 3733590; Mobile: 0935140685'),(231,'109ntcuong',' Nguyễn Thanh Cường',' 1980',' Khoa XDCĐ - Trường ĐHBK - 54 Nguyễn Lương Bằng - TP Đà Nẵng',0,' Xây dựng cầu đường',NULL,'Ths',NULL,' cuong3dan@gmail.com; cuong3dan@yahoo.com',' 05113841297; Mobile: 0905169915'),(232,'103nvhai',' Nguyễn Việt Hải',' 19/05/1979',' K 65/58 Phạm Như Xương',0,' Cơ khí Động lực',NULL,'Ths',NULL,' haicokhi@yahoo.com',' 736945; Mobile: 0906441555'),(233,'106nguyenvancuong',' Nguyễn Văn Cường',' 10/12/1965',' K266/79/7 Hoàng Diệu, Đà Nẵng',0,' Công nghệ vi điện tử, Kỹ thuật điện tử',NULL,'Ts',NULL,' ngvancuong2000@gmail.com',' 841287; Mobile: 0913488658'),(234,'121truongphanthienan',' Trương Phan Thiên An',' 21/11/1985',' 01A Thi Sách - Quận Hải Châu - TP Đà Nẵng',1,' Kiến trúc',NULL,'Ks',NULL,' truongphanthienan@gmail.com',' 0511 3842740; Mobile: 0905211185'),(235,'117tpcuong',' Trần Phước Cường',' 02/06/1974',' 130 Lương Nhữ Hộc, quận Cẩm Lệ, TP. Đà Nẵng',0,' Sinh học',NULL,'Ths',NULL,' tpcuong@dut.udn.vn; trancuongbkdn@gmail.com',' 0511. 3733590; Mobile: 0903.487.100'),(236,'110phamthiphuonganh',' Phạm Thị Phương Danh',' 27/11/1987',' 236 Đống Đa - Đà Nẵng',1,' Kiến Trúc',NULL,'Ks',NULL,' phuongdanh1102@yahoo.com',' ; Mobile: '),(237,'109dhdao',' Đỗ Hữu Đạo',' 03/12/1980',' Khoa Xây dựng Cầu Đường - trường Đại Học Bách Khoa - 54 Nguyễn Lương Bằng - Đà Nẵng',0,' Kỹ sư Cầu Đường',NULL,'Ths',NULL,' huudaod1203@gmail.com',' 05113.737843; Mobile: 0914000545, 0905136945'),(238,'101Dmdiem',' Đinh Minh Diệm',' 08/08/1954',' 54 Nguyễn Lương Bằng, Tp. Đà Nẵng // Khoa Cơ khí, Trường ĐH Bách Khoa Đà Nẵng',0,' Công nghệ và thiết bị hàn',NULL,'Ts',NULL,' dmdiem08@gmail.com; dmdiem@dut.udn.vn',' 05113-841194; Mobile: 0914038856'),(239,'110lebadinh',' Lê Bá Định',' 09/05/1986',' 54 Nguyễn Lương Bằng, quận Liên Chiểu, thành phố Đà Nẵng - Khoa Xây Dựng Dân Dụng và Công Nghiệp - Đại học Bách Khoa – Đại học Đà Nẵng',0,' Xây dựng Dân dụng và Công nghiệp',NULL,'Ks',NULL,' badinhbkxd@dut.udn.vn',' 0511 3842740; Mobile: 0988 689 996'),(240,'117lenangdinh',' Lê Năng Định',' 12/08/1979',' Khoa Môi trường _ Trường Đại học Bách khoa Đà nẵng',0,' Kỹ thuật Môi trường',NULL,'Ts',NULL,' lenangdinh@gmail.com',' ; Mobile: 0912538884'),(241,'109lvdinh',' Lê Văn Định',' 15/02/1963',' 489 Trưng Nữ Vương - TP. Đà Nẵng',0,' Trắc Địa công trình',NULL,'Ths',NULL,' levandinhg@gmail.com',' 05113841297; Mobile: 0913418530'),(242,'105nguyenquocdinh',' Nguyễn Quốc Định',' 19/09/1973',' Phòng A201, khu A, Trường ĐH Bách khoa, 54 Nguyễn Lương Bằng, T.P Đà Nẵng',0,' Điện Kỹ thuật',NULL,'Ts',NULL,' dinhnhung@gmail.com; es@dut.udn.vn',' 0511.3735805; Mobile: 01222699371'),(243,'101tnhai',' Trần Ngọc Hải',' 07/05/1980',' Khoa Cơ khí, Trường Đại học Bách khoa, Đại học Đà Nẵng',0,' Cơ khí chế tạo máy',NULL,'Ths',NULL,' trangochaidhbk@gmail.com',' 842741; Mobile: 0905026649'),(244,'108ndo',' Nguyễn Độ',' 06/06/1958',' Bộ môn Hình họa - Vẽ Kỹ Thuật',0,' Chế tạo máy',NULL,'Ths',NULL,' nguyendo58@gmail.com;',' 05113730739; Mobile: 0905060099'),(245,'107bxdong',' Bùi Xuân Đông',' 13/02/1983',' K55/H1/30A Nam Cao - TP. Đà Nẵng',0,' Công nghệ sinh học',NULL,'Ts',NULL,' xdbui@dut.udn.vn; phuongdongrs@mail.ru; https://sites.google.com/site/hoasinhdut/',' 05113842743; Mobile: 0936036051'),(246,'115ntdhang',' Nguyễn Thị Diệu Hằng',' 09/12/1971',' Phòng Đào tạo, Trường Đại học Bách khoa - Đại học Đà Nẵng',1,' Hóa thực phẩm',NULL,'Ts',NULL,' ntdhang@dut.udn.vn; nguyentdh@gmail.com',' 05113733591; Mobile: 0905743565'),(247,'108nchanh',' Nguyễn Công Hành',' 01/08/1988',' Khoa Sư phạm kỹ thuật - Trường Đại học Bách khoa - Đại học Đà Nẵng, 54 Nguyễn Lương Bằng, Quận Liên Chiểu, TP. Đà Nẵng',0,' Cơ điện tử',NULL,'Ks',NULL,' nch.bkdmec@gmail.com; nchanh@ud.edu.vn',' 05113.841293; Mobile: 0989.294.901'),(248,'102ltmhanh',' Lê Thị Mỹ Hạnh',' 00/00/1975',' 54 Nguyễn Lương Bằng, Đà Nẵng',1,' Công nghệ Thông tin',NULL,'Ths',NULL,NULL,NULL),(249,'109tranthiphuonganh',' Trần Thị Phương Anh',' 05/05/1981',' Khoa XDCĐ - Trường Đại học Bách Khoa - 54 Nguyễn Lương Bằng - TP Đà Nẵng',1,' Xây dựng Cầu Đường',NULL,'Ths',NULL,' phuonganhxdcd@gmail.com',' (05113)841297; Mobile: 0913021434'),(250,'116nthanh',' Nguyễn Thị Hạnh',' 30/04/1976',NULL,1,' Tài chính - Tín Dụng',NULL,'Ths',NULL,' nguyenthihanhbk@gmail.com',' 3765768; Mobile: 0906461414'),(251,'106tranthiminhhanh',' Trần Thị Minh Hạnh',' 10/04/1985',' Khoa Điện tử - Viễn thông, trường Đại học Bách Khoa, Đại học Đà Nẵng. 54 Nguyễn Lương Bằng, Q Liên Chiểu, Đà Nẵng.',1,' Điện tử - Viễn thông',NULL,'Ths',NULL,' ttmhanh@dut.udn.vn; t2mhanh@gmail.com',' 05113 841287; Mobile: 0905 360871'),(252,'107ttmhanh',' Trương Thị Minh Hạnh',' 03/08/1960',' 634/2 Trưng Nữ Vương- Đà Nẵng',1,' Công nghệ thực phẩm',NULL,'Ts','PGS',' tminhhanh2001@yahoo.com',' 05113618698; Mobile: 0914190902'),(253,'103nvdongbk',' Nguyễn Văn Đông',' 20/10/1975',' Khoa Cơ khí giao thông, Đại học Bách khoa, Đại học Đà Nẵng',0,' Cơ khí',NULL,'Ts',NULL,' nguyenvandong@dut.udn.vn',' 05113.736945; Mobile: 0983171045'),(254,'110pdhao',' Phan Đình Hào',' 26/11/1970',' Khoa Xây dựng DD&CN - Trường Đại Học Bách Khoa, 54 Nguyễn Lương Bằng, Tp Đà Nẵng',0,' Xây dựng Dân dụng & Công nghiệp',NULL,'Ths',NULL,' phandinhhao2007@gmail.com',' (0511)3842740; Mobile: 0979391488'),(255,'111nthao',' Nguyễn Thanh Hảo',' 02/11/1982',' Khoa Xây dựng Thuỷ lợi-Thuỷ điện, Trường Đại học Bách khoa Đà Nẵng',0,' Xây dựng Thuỷ lợi-Thuỷ điện',NULL,'Ths',NULL,' hao.udn@gmail.com ; nthao@dut.udn.vn',' (0511) 3841296; Mobile: 0985 431 777'),(256,'105pvhien',' Phan Văn Hiền',' 12/12/1961',' Khoa Điện - ĐHBK Đà Nẵng',0,' Điện Kỹ thuật',NULL,'Ts',NULL,' phvhien7@gmail.com',' 05113500100; Mobile: 0905841819'),(257,'119bmhien',' Bùi Minh Hiển',' 24/05/1979',' Trường Đại học Bách khoa, 54 Nguyễn Lương Bằng - Hòa Khánh - Liên Chiểu, Đà Nẵng',0,' Cơ khí chế tạo máy',NULL,'Ts',NULL,' bmhien@dut.udn.vn',' 841293; Mobile: '),(258,'110bqhieu',' Bùi Quang Hiếu',' 06/09/1984',' Khoa Xây dựng Dân dụng và Công nghiệp, 54 Nguyễn Lương Bằng, Đà Nẵng',0,' Xây dựng Dân dụng và Công nghiệp',NULL,'Ths',NULL,' bqhieu@dut.udn.vn',' 05113842740; Mobile: 0918098406'),(259,'105nhhieu',' Nguyễn Hữu Hiếu',' 09/01/1981',' Khoa Điện, Trường DDH Bách Khoa, 54 Nguyễn Lương Bằng, TP Đà Nẵng',0,' Chuyên ngành rộng',NULL,'Ts',NULL,NULL,NULL),(260,'102nguyenvanhieu',' Nguyễn Văn Hiệu',' 02/05/1982',' Khoa CNTT, Trường Đại học Bách Khoa - Đại học Đà Nẵng, 54 - Nguyễn Lương Bằng, Quận Liên Chiểu, TP Đà Nẵng',0,' Đảm bảo toán học và quản lý hệ thống thông tin',NULL,'Ts',NULL,' nvhieuqt@dut.udn.vn or nvhieuqt@gmail.com',' 05113736949; Mobile: 0985028470'),(261,'105nkanh',' Nguyễn Kim Ánh',' 06/12/1981',' Khoa Điện, Trường ĐH Bách Khoa, ĐH Đà Nẵng',0,' Kỹ Thuật Điện',NULL,'Ths',NULL,' ngkanhbkdn@gmail.com; kim_anh.nguyen@utt.fr',' 05116544379; Mobile: '),(262,'102dtthoa',' Đỗ Thị Tuyết Hoa',' 24/08/1975',' 137 Lê Lợi ĐN',1,' Tin học',NULL,'Ths',NULL,' dtthoa@ud.edu.vn ; dtuyethoa@gmail.com',' 736949; Mobile: 0935678198'),(263,'118hphoa',' Hoàng Phương Hoa',' 04/02/1963',' Khoa Quản lý Dự án, Đại học Bách Khoa, 54 Nguyễn Lương Bằng, Liên Chiểu, Đà Nẵng',0,' Xây dựng cầu hầm',NULL,'Ts',NULL,' hphoa@dut.udn.vn; phuonghoah@yahoo.fr; phuonghoabkdn@gmail.com',' 05113896918; Mobile: 0935888072'),(264,'102dongnvq',' Nguyễn Võ Quang Đông',' 13/04/1983',NULL,0,' Công Nghệ Thông Tin',NULL,'Ths',NULL,' dongnvq@gmail.com',' (+84)05113763949; Mobile: (+84)(0)906402469'),(265,'114nguyenthihoa',' Nguyễn Thị Hoa',' 10/06/1964',NULL,1,' Quản trị kinh doanh',NULL,'Ks',NULL,' nthoa@dut.udn.vn',' 05113842308; Mobile: 0905342655'),(266,'101luuduchoa',' Lưu Đức Hoà',' 02/06/1953',NULL,0,' Luyện kim',NULL,'Ths',NULL,' ldhoa@dut.udn.vn',' 842741; Mobile: 0913413014'),(267,'105nlhoa',' Nguyễn Lê Hòa',' 12/08/1979',' Khoa Điện, trường Đại học Bách Khoa Đà Nẵng, 54 Nguyễn Lương Bằng, Tp Đà Nẵng',0,' Tự động hóa',NULL,'Ts',NULL,' nglehoa79@gmail.com; nglehoa@dut.udn.vn',' ; Mobile: 0912919157'),(268,'107dangkimhoang',' Đặng Kim Hoàng',' 00/10/1978',' 79A Đống Đa -TP Đà Nẵng',1,' Công nghệ hóa học:Dầu và Khí',NULL,'Ts',NULL,' dkhoang@yahoo.com',' 0511 3842308; Mobile: 0903547659'),(269,'104hoangpm',' Mã Phước Hoàng',' 24/07/1981',' Khoa Công nghệ Nhiệt - Điện lạnh, trường Đại học Bách Khoa. 54 Nguyễn Lương Bằng, Đà Nẵng.',0,' Công nghệ Nhiệt - Lạnh',NULL,'Ths',NULL,' nhietlanhdng@gmail.com',' 0511.3842366; Mobile: 0905.08.93.99'),(270,'107nmhoang',' Nguyễn Minh Hoàng',' 22/08/1987',' Khoa Hóa, trường Đại học Bách Khoa, 54 Nguyễn Lương Bằng, Đà Nẵng',0,' Công nghệ hóa học và vật lệu',NULL,'Ks',NULL,' nminhhoang22@gmail.com',' 05113 842743; Mobile: 0934974959'),(271,'102vdhoang',' Võ Đức Hoàng',' 10/06/1983',NULL,0,' Công nghệ Thông tin',NULL,'Ths',NULL,NULL,NULL),(272,'109voduchoang',' Võ Đức Hoàng',' 24/12/1971',NULL,0,' Xây dựng cầu Đường',NULL,'Ths',NULL,' ',' 841297; Mobile: 0913.423223'),(273,'105lnan',' Lưu Ngọc An',' 12/10/1982',' Bộ môn Hệ thống điện - Khoa Điện - Đại học Bách Khoa',0,' Hệ thống điện',NULL,'Ths',NULL,' lnan@dut.udn.vn',' 05113842738; Mobile: 0913842776'),(274,'102nguyenthinhatanh',' Nguyễn Thị Nhật Ánh',' 29/09/1985',NULL,1,' Kỹ thuật máy tính',NULL,'Ths',NULL,' ngt.nhatanh@gmail.com',' ; Mobile: 0905308250'),(275,'104hndong',' Hoàng Ngọc Đồng',' 09/02/1955',' 54 Nguyễn Lương Bằng',0,' Nhiệt Điện',NULL,'Ts','PGS',' hndong@dut.udn.vn',' 0511 3842366; Mobile: 0935245445'),(276,'111Lvhoi',' Lê Văn Hợi',' 10/01/1963',' Khoa Xây dựng Thuỷ lợi - Thuỷ điện, Đại học Bách khoa, 54 Nguyễn Lương Bằng, Liên chiểu, Đà Nẵng',0,' Xây dựng Thủy lợi - Thủy Điện',NULL,'Ths',NULL,' lvhoibk@gmail.com',' 3841296; Mobile: 0914017885'),(277,'117nguyendinhhuan',' Nguyễn Đình Huấn',' 15/06/1972',' Khoa Môi trường – ĐH Bách Khoa Đà Nẵng',0,' Kỹ thuật môi trường',NULL,'Ts',NULL,' huanbachkhoa@gmail.com',' 0511.3733590; Mobile: 0914151135'),(278,'109homanhhung',' Hồ Mạnh Hùng',' 03/09/1983',' Khoa Xây Dựng Cầu Đường- Trường Đại học Bách Khoa',0,' Xây dựng cầu đường',NULL,'Ks',NULL,' hmhung@dut.udn.vn',' 05113.841297; Mobile: 0914855318'),(279,'104hnhung',' Huỳnh Ngọc Hùng',' 16/12/1974',NULL,0,' Kỹ thuật nhiệt và máy lạnh',NULL,'Ths',NULL,' hnhung@ud.edu.vn',' 3842366; Mobile: 0904084550'),(280,'111lehung',' Lê Hùng',' 10/10/1980',' Khoa Xây dựng Thuỷ lợi - Thuỷ điện; Trường Đại học Bách khoa',0,' Xây dựng Thủy lợi - Thủy điện',NULL,'Ts',NULL,' lehungtk3@gmail.com',' ; Mobile: 0905077765'),(281,'113kimhung',' Lê Kim Hùng',' 13/11/1957',' 54 Nguyễn Lương Bằng, Tp. Đà Nẵng',0,' Điện kỹ thuật',NULL,'Ts','PGS',' lekimhung@dut.udn.vn',' 0914112526; Mobile: '),(282,'105nhshung',' Nguyễn Hồ Sĩ Hùng',' 19/01/1986',' Bộ Môn Điện Công Nghiệp -Khoa Điện - Trường Đại Học Bách Khoa',0,' Điện kỹ thuật',NULL,'Ths',NULL,' nguyenhosihung@gmail.com',' 05112241303; Mobile: 0978759332'),(283,'111hungnt',' Nguyễn Thế Hùng',' 23/10/1957',' 54 Nguyễn Lương Bằng,Tp. Đà Nẵng.',0,' Thủy lợi tổng hợp',NULL,'Ts','GS',' profhungthenguyen@gmail.com;hungnt@ud.edu.vn',' 0511-3841516; Mobile: 0905233440'),(284,'121tovanhung',' Tô Văn Hùng',' 00/09/1976',' Khoa Kiến trúc Trường Đại học Bách Khoa',0,' Kiến trúc',NULL,'Ths',NULL,' tohung.kts@gmail.com; tvhung@ud.udn.vn',' 05113821899; Mobile: 0914131777'),(285,'109vdhung',' Võ Duy Hùng',' 00/06/1986',' Khoa Xây Dựng Cầu Đường - Trường Đại Học Bách Khoa- Đại học Đà Nẵng',0,' Kỹ Sư Xây Dựng Cầu Đường',NULL,'Ths',NULL,NULL,NULL),(286,'114lmduc',' Lê Minh Đức',' 23/11/1968',' Phòng HCTH - Trường Đại học Bách khoa, 54 Nguyễn Lương Bằng, Hoà Khánh, Liên Chiểu, Đà Nẵng',0,' Công nghệ Điện hóa',NULL,'Ts','PGS',' lmduc@dut.udn.vn',' 05113841298; Mobile: 0905858715'),(287,'105tranthaianhau',' Trần Thái Anh Âu',' 05/12/1981',' Khoa Điện- Trường Đại học Bách khoa- Đại học Đà Nẵng',0,' Tin học Công nghiệp-PFIEV',NULL,'Ths',NULL,' tranthaianhau2001@yahoo.com','  (84.511) 3842738; Mobile: 0906.596.569'),(288,'102hhhung',' Huỳnh Hữu Hưng',' 01/00/1975',' Khoa CNTT, trường Đại học Bách khoa, 54 Nguyễn Lương Bằng, Đà Nẵng, Việt Nam',0,' Công nghệ Thông tin',NULL,'Ts',NULL,NULL,NULL),(289,'110tqhung',' Trần Quang Hưng',' 18/06/1979',' Khoa XDDD&CN, ĐHBK, ĐH Đà Nẵng',0,' Xây Dựng Dân Dụng và Công nghiệp',NULL,'Ts',NULL,' tqhung@dut.udn.vn; hunghuexd@gmail.com',' ; Mobile: 0947747576'),(290,'102hthuong',' Hoàng Thị Hương',' 07/01/0',NULL,1,' Luật',NULL,'Ks',NULL,' huongcnttbk@gmail.com',' 736949; Mobile: 0'),(291,'108ngophanthuhuong',' Ngô Phan Thu Hương',' 14/04/1986',NULL,1,' ',NULL,'Ks',NULL,' huongnpt_a1@yahoo.com',' 0511-3841293; Mobile: '),(292,'107phamthihuong',' Phạm Thị Hương',' 23/08/1985',' Khoa Hóa - ĐH Bách Khoa Đà Nẵng - 54 Nguyễn Lương Bằng - Hòa Khánh - Liên Chiểu - Đà Nẵng',1,' Công nghệ Thực phẩm',NULL,'Ths',NULL,' pthuong@dut.udn.vn',' 05113 842743; Mobile: 0912 388 587'),(293,'106tthuong',' Trần Thị Hương',' 19/11/1978',' K188/9 Hải Phòng, Đà Nẵng',1,' Điện-Điện tử',NULL,'Ts',NULL,' tranhuong@dut.edu.vn',' 0511-3750-661; Mobile: 0123-566-1559'),(294,'111huongtltdud',' Nguyễn Văn Hướng',' 16/01/1978',' Khoa Xây dựng Thuỷ lợi thuỷ điện - Đại học Bách Khoa Đà Nẵng',0,' Xây dựng Thuỷ lợi thuỷ điện',NULL,'Ts',NULL,' nvhuongtltdud@gmail.com;',' 05113841296; Mobile: 0902789037'),(295,'106cxhuu',' Cao Xuân Hữu',' 09/06/1978',' Khoa Điện tử Viễn thông, ĐHBK-ĐHĐN',0,' Vật lý Chất rắn, Vật lý Điện từ',NULL,'Ts',NULL,' huucao78@gmail.com; cxhuu@dut.udn.vn',' ; Mobile: 0934348189'),(296,'105giapquanghuy',' Giáp Quang Huy',' 00/04/1983',' Bộ môn Tự động hóa, Khoa Điện, Trường ĐH Bách khoa Đà Nẵng',0,' Tự động hóa',NULL,'Ts',NULL,' gqhuy@dut.udn.vn ; giapquanghuy@yahoo.com',' ; Mobile: 0084 (0)9 05 27 24 23'),(297,'117hoangngocan',' Hoàng Ngọc Ân',' 20/03/1984',' Hoàng Ngọc Ân- khoa môi trường- trường đhbk-dhđn',0,' sư phạm hóa',NULL,'Ths',NULL,' ngocanmt@gmail.com',' ; Mobile: 0983468463'),(298,'106hmhuy',' Hoàng Minh Huy',' 30/10/1987',' Khoa Điện tử - Viễn thông, Trường Đại học Bách Khoa, Đại học Đà Nẵng, 54 Nguyễn Lương Bằng, TP Đà Nẵng',0,' Điện tử - Viễn thông',NULL,'Ths',NULL,' huyhoang@dut.udn.vn',' 3841287; Mobile: '),(299,'101tqbang',' Tào Quang Bảng',' 05/01/1983',' K99/70 Thái Thị Bôi - Đà Nẵng',0,' Cơ khí chế tạo máy',NULL,'Ths',NULL,' taoquangbang@yahoo.com;tqbang@dut.udn.vn',' 05113842741; Mobile: 0905062242'),(300,'105lqhuy',' Lê Quốc Huy',' 11/04/1981',' Khoa Điện, Trường Đại học Bách khoa - Đại học Đà Nẵng, 54 Nguyễn Lương Bằng - TP. Đà Nẵng',0,' Tự động hóa',NULL,'Ts',NULL,' lequochuy.dut@gmail.com',' 0511-3241305; Mobile: 0915077060'),(301,'104nqhuy',' Nguyễn Quốc Huy',' 21/06/1986',' Khoa Công nghệ Nhiệt - Điện lạnh, trường Đại học Bách Khoa - 54 Nguyễn Lương Bằng, Q.Liên Chiểu, TP. Đà Nẵng',0,' Công nghệ Nhiệt - Điện lạnh',NULL,'Ks',NULL,' quochuy04n2@gmail.com',' 05113842366; Mobile: 0972940849'),(302,'111nthuy',' Nguyễn Trường Huy',' 14/04/1986',' VP khoa xây dựng Thủy lợi-Thủy điện, trường Đại học Bách Khoa-Đại học Đà Nẵng',0,' Xây dựng Công trình Thủy',NULL,'Ths',NULL,' huytruongnguyen.fwr@gmail.com',' 05113841296; Mobile: (đang ở nước ngoài)'),(303,'102tmhuy',' Trương Minh Huy',' 29/03/1982',' Khoa Công nghệ thông tin - Đại học Bách khoa - Đại học Đà Nẵng - 54 Nguyễn Lương Bằng - Đà Nẵng',0,' Điện tử -VIễn thông',NULL,'Ks',NULL,NULL,NULL),(304,'118dthuyen',' Đỗ Thanh Huyền',' 12/06/1985',' Khoa Quản lý dự án - Đại học Bách Khoa',1,' Kinh tế xây dựng và quản lý dự án',NULL,'Ths',NULL,' huyen1985@gmail.com',' 0511 - 3737869; Mobile: '),(305,'102ntmhy',' Nguyễn Thị Minh Hỷ',' 10/12/1973',' Khoa CNTT - Trường Đại học Bách Khoa - ĐHĐN',1,' Tin học',NULL,'Ths',NULL,' Minhy81199@yahoo.com',' ; Mobile: 0989600305'),(306,'102phkhanh',' Phan Huy Khánh',' 09/02/1952',' 29B, Ba Đình, TP. Đà Nẵng',0,' Toán tính - Công nghệ Thông tin',NULL,'Ts','PGS',' phkhanh@dut.udn.vn ; khanhph29@gmail.com',' 0511.3.830.168; Mobile: 0905.078.999'),(307,'118dnakhoa',' Đàm Nguyễn Anh Khoa',' 28/05/1986',NULL,0,' Thương Mại Quốc Tế & Marketing',NULL,'Ths',NULL,' dnakhoa@dut.udn.vn',' ; Mobile: 0905.0305.60'),(308,'103duclm',' Lê Minh Đức',' 15/10/1985',' Khoa Cơ khí Giao thông, Trường Đại học Bách khoa, 54 Nguyễn Lương Bằng, Hoà Khánh, Liên Chiểu, Đà Nẵng',0,' Cơ khí Động lực',NULL,'Ths',NULL,' minhducle85@gmail.com',' ; Mobile: '),(309,'102ntkhoi',' Nguyễn Tấn Khôi',' 08/02/1973',' Nguyễn Tấn Khôi, Khoa CNTT, Trường Đại học Bách Khoa - Đại học Đà Nẵng, 54 - Nguyễn Lương Bằng, Quận Liên Chiểu, TP Đà Nẵng',0,' Khoa học máy tính',NULL,'Ts',NULL,' ntkhoi@dut.udn.vn',' 0903511888; Mobile: 0903511888'),(310,'117vdnkhoi',' Võ Đăng Ngọc Khôi',' 02/09/1985',' Văn phòng Khoa Môi trường-54 Nguyễn Lương Bằng-Q.Liên Chiểu-Tp.Đà Nẵng',0,' Công nghệ Môi trường',NULL,'Ks',NULL,' vdnkhoi@gmail.com',' 05113.733590; Mobile: 0979047024'),(311,'122dqbao',' Dương Quốc Bảo',' 29/01/1981',' PFIEV, Trường Đại Học Bách Khoa Đà Nẵng - 54 Nguyễn Lương Bằng, TP Đà Nẵng',0,' Điện Kỹ Thuật - Tự Động Hóa',NULL,'Ts',NULL,' baobkdn@gmail.com',' 730750; Mobile: 0914146456'),(312,'106nguyentrungkien',' Nguyễn Trung Kiên',' 24/04/1983',' Trung tâm xuất sắc, Đại học Bách Khoa, Đà Nẵng',0,' Điện tử Viễn thông',NULL,'Ths',NULL,NULL,NULL),(313,'109levanlac',' Lê Văn Lạc',' 12/02/1954',' Khoa Xây dựng Cầu Đường, Trường Đại học Bách khoa, 54 Nguyễn Lương Bằng, TP Đà Nẵng.',0,' Cầu Hầm',NULL,'Ths',NULL,' laclevan@yahoo.com',' 3841297; Mobile: 0913405415'),(314,'110btlam',' Bùi Thiên Lam',' 15/12/1960',' Khoa Xây dựng dân dụng và công nghiệp - Trường đại học Bách khoa - Đại học Đà Nẵng',0,' Xây dựng DD và CN',NULL,'Ths',NULL,' lamkxd@yahoo.com;btlam@dut.udn.vn',' 0511. 3842740; Mobile: 0903575643'),(315,'109cvlam',' Cao Văn Lâm',' 31/12/1982',' Bộ môn Cầu hầm - Khoa Xây dựng Cầu đường - Trường ĐHBK - 54 Nguyễn Lương Bằng. TP Đà Nẵng',0,' Xây dựng Cầu đường',NULL,'Ts',NULL,' caolamx3@gmail.com; caolamx3@mail.ru',' +845113841297; Mobile: +84905151785'),(316,'105lehonglam',' Lê Hồng Lâm',' 19/01/1987',' k308/12 Lê Duẩn, Quận Thanh Khê, Thành phố Đà Nẵng',0,' Điện Kỹ Thuật',NULL,'Ks',NULL,' honglambkdn@gmail.com',' ; Mobile: 0935724885'),(317,'119nguyendl',' Nguyễn Đình Lâm',' 14/10/1966',' 20A Lê Quang Sung, Tp. Đà Nẵng',0,' Hoá lý.',NULL,'Ts','PGS',' ndlam@dut.udn.vn',' 05113739795; Mobile: 0989078015'),(318,'111nhlam',' Nguyễn Hoàng Lâm',' 22/07/1987',' Khoa Xây dựng Thủy lợi - Thủy điện, Đại học Bách khoa Đà Nẵng, 54 - Nguyễn Lương Bằng, Đà Nẵng',0,' Xây dựng Công trình thủy',NULL,'Ks',NULL,' lamnghoang@gmail.com; lamnghoang@yahoo.com',' ; Mobile: 0943611571'),(319,'102pctung','Phan Chí Tùng',NULL,NULL,NULL,NULL,'2014-11-05 00:02:51',NULL,NULL,NULL,NULL),(320,'102thttien','Trần Hồ Thủy Tiên',NULL,NULL,NULL,NULL,'2014-11-05 00:04:14',NULL,NULL,NULL,NULL),(321,'102dhphuong','Đặng Hoài Phương',NULL,NULL,NULL,NULL,'2014-11-05 00:05:40',NULL,NULL,NULL,NULL),(322,'102mvha','Mai Văn Hà',NULL,NULL,NULL,NULL,'2014-11-05 00:08:19',NULL,NULL,NULL,NULL),(323,'102hcphap','Huỳnh Công Pháp',NULL,NULL,NULL,NULL,'2014-11-05 00:10:17',NULL,NULL,NULL,NULL),(324,'102tcduy','Trịnh Công Duy',NULL,NULL,NULL,NULL,'2014-11-05 00:11:32',NULL,NULL,NULL,NULL),(325,'102pttao','Phan Thanh Tao',NULL,NULL,NULL,NULL,'2014-11-05 00:13:18',NULL,NULL,NULL,NULL),(326,'102lqloc','Lê Quý Lộc',NULL,NULL,NULL,NULL,'2014-11-05 00:14:38',NULL,NULL,NULL,NULL),(327,'102hphieu','Hồ Phan Hiếu',NULL,NULL,NULL,NULL,'2014-11-05 00:16:10',NULL,NULL,NULL,NULL),(328,'102tpnam','Trần Phương Nam',NULL,NULL,NULL,NULL,'2014-11-05 00:17:57',NULL,NULL,NULL,NULL),(329,'','Khoa CN Thông tin',NULL,NULL,NULL,NULL,'2014-11-05 00:20:55',NULL,NULL,NULL,NULL),(330,'','Thỉnh giảng',NULL,NULL,NULL,NULL,'2014-11-05 00:22:05',NULL,NULL,NULL,NULL);
/*!40000 ALTER TABLE `giangviens` ENABLE KEYS */;

--
-- Table structure for table `hockis`
--

DROP TABLE IF EXISTS `hockis`;
/*!40101 SET @saved_cs_client     = @@character_set_client */;
/*!40101 SET character_set_client = utf8 */;
CREATE TABLE `hockis` (
  `id` int(11) NOT NULL AUTO_INCREMENT,
  `mahocky` varchar(45) DEFAULT NULL,
  `namhoc` varchar(45) DEFAULT NULL,
  `batdau` datetime DEFAULT NULL,
  `kethuc` datetime DEFAULT NULL,
  `updateDate` varchar(45) DEFAULT NULL,
  PRIMARY KEY (`id`)
) ENGINE=InnoDB AUTO_INCREMENT=2 DEFAULT CHARSET=utf8;
/*!40101 SET character_set_client = @saved_cs_client */;

--
-- Dumping data for table `hockis`
--

/*!40000 ALTER TABLE `hockis` DISABLE KEYS */;
INSERT INTO `hockis` VALUES (1,'1','2013-2014','2014-01-05 00:00:00','2014-06-12 00:00:00',NULL);
/*!40000 ALTER TABLE `hockis` ENABLE KEYS */;

--
-- Table structure for table `hocphans`
--

DROP TABLE IF EXISTS `hocphans`;
/*!40101 SET @saved_cs_client     = @@character_set_client */;
/*!40101 SET character_set_client = utf8 */;
CREATE TABLE `hocphans` (
  `id` int(11) NOT NULL AUTO_INCREMENT,
  `maHocPhan` varchar(45) DEFAULT NULL,
  `tenhocphan` varchar(45) DEFAULT NULL,
  `kyhoc` int(11) DEFAULT NULL,
  `sotinchi` float DEFAULT NULL,
  `nganh` int(11) DEFAULT NULL,
  `mota` varchar(45) DEFAULT NULL,
  `trangthai` int(11) DEFAULT NULL,
  `updatDate` datetime DEFAULT CURRENT_TIMESTAMP,
  PRIMARY KEY (`id`),
  KEY `fk_hocphan_khoa_idx` (`nganh`),
  CONSTRAINT `fk_hocphan_nganh` FOREIGN KEY (`nganh`) REFERENCES `nganhs` (`id`) ON DELETE NO ACTION ON UPDATE NO ACTION
) ENGINE=InnoDB AUTO_INCREMENT=3924 DEFAULT CHARSET=utf8;
/*!40101 SET character_set_client = @saved_cs_client */;

--
-- Dumping data for table `hocphans`
--

/*!40000 ALTER TABLE `hocphans` DISABLE KEYS */;
INSERT INTO `hocphans` VALUES (1,'3190111','Giải tích 1',1,4,1,NULL,1,NULL),(2,'4130241','Anh văn 1',1,3,1,NULL,1,NULL),(3,'3060031','Hoá học Đại cương',1,3,1,NULL,1,NULL),(4,'1020691','Tin học Đại cương',1,2,1,NULL,1,NULL),(5,'1020701','TH Tin học đại cương',1,1,1,NULL,1,NULL),(6,'1080011','Hình hoạ',1,2,1,NULL,1,NULL),(7,'130011','Giáo dục thể chất 1',1,0,1,NULL,1,NULL),(8,'2090131','Những nguyên lý cơ bản của CN Mac-Lênin 1',1,2,1,NULL,1,NULL),(9,'4130280','Anh văn A1 (dự bị)',1,5,1,NULL,1,NULL),(10,'2090141','Những nguyên lý CB của CN Mac-Lênin 2',2,3,1,NULL,1,NULL),(11,'3190121','Giải tích 2',2,4,1,NULL,1,NULL),(12,'3050011','Vật lý 1',2,3,1,NULL,1,NULL),(13,'4130251','Anh văn 2',2,2,1,NULL,1,NULL),(14,'1080401','Vẽ Kỹ thuật',2,2,1,NULL,1,NULL),(15,'1170011','Môi trường',2,2,1,NULL,1,NULL),(16,'3190141','Xác suất thống kê',2,2,1,NULL,1,NULL),(17,'130021','Giáo dục thể chất 2',2,0,1,NULL,1,NULL),(18,'3190131','Đại số',3,3,1,NULL,1,NULL),(19,'3050021','Vật lý 2',3,2,1,NULL,1,NULL),(20,'3050651','TN Vật lý',3,1,1,NULL,1,NULL),(21,'1080411','Cơ lý thuyết 1',3,3,1,NULL,1,NULL),(22,'4130261','Anh văn 3',3,2,1,NULL,1,NULL),(23,'1110782','Phương pháp tính',3,2,1,NULL,1,NULL),(24,'1050931','Kỹ thuật điện',3,2,1,NULL,1,NULL),(25,'1050921','TN Kỹ thuật điện',3,0.5,1,NULL,1,NULL),(26,'130031','Giáo dục thể chất 3',3,0,1,NULL,1,NULL),(27,'2090121','Đường lối CM của ĐCS Việt Nam',3,3,1,NULL,1,NULL),(28,'1061062','Kỹ thuật Điện tử',4,2,1,NULL,1,NULL),(29,'1080421','Cơ lý thuyết 2',4,2,1,NULL,1,NULL),(30,'1080431','Sức bền vật liệu 1',4,3,1,NULL,1,NULL),(31,'1080451','TN Sức bền vật liệu',4,0.5,1,NULL,1,NULL),(32,'1110013','Thuỷ lực cơ sở A',4,3,1,NULL,1,NULL),(33,'1110023','TN Thuỷ lực cơ sở',4,0.5,1,NULL,1,NULL),(34,'1090013','Trắc địa',4,3,1,NULL,1,NULL),(35,'1090752','Thực tập Trắc địa',4,1,1,NULL,1,NULL),(36,'130041','Giáo dục thể chất 4',4,0,1,NULL,1,NULL),(37,'2090101','Tư tưởng Hồ Chí Minh',4,2,1,NULL,1,NULL),(38,'1080441','Sức bền vật liệu 2',5,2,1,NULL,1,NULL),(39,'1100022','Cơ học kết cấu 1',5,3,1,NULL,1,NULL),(40,'1090053','Vật liệu xây dựng',5,3,1,NULL,1,NULL),(41,'1090453','TN Vật liệu xây dựng',5,0.5,1,NULL,1,NULL),(42,'1090033','Địa chất công trình',5,2,1,NULL,1,NULL),(43,'1110043','Thuỷ lực Công trình',5,4,1,NULL,1,NULL),(44,'1110053','TN Thuỷ lực công trình',5,0.5,1,NULL,1,NULL),(45,'1110083','Thuỷ văn 1',5,2,1,NULL,1,NULL),(46,'1100053','Lý thuyết đàn hồi',5,2,1,NULL,1,NULL),(47,'130051','Giáo dục thể chất 5',5,0,1,NULL,1,NULL),(48,'1100042','Cơ học kết cấu 2',6,3,1,NULL,1,NULL),(49,'1090062','Cơ học Đất',6,3,1,NULL,1,NULL),(50,'1090462','TN Cơ học đất',6,0.5,1,NULL,1,NULL),(51,'1100062','Kết cấu bêtông cốt thép 1',6,3,1,NULL,1,NULL),(52,'1100313','Đồ án Kết cấu bêtông cốt thép 1',6,1,1,NULL,1,NULL),(53,'1110353','Thuỷ văn Công trình',6,3,1,NULL,1,NULL),(54,'1110093','Thực tập Thuỷ văn Công trình',6,0.5,1,NULL,1,NULL),(55,'1110073','Thực tập Công nhân',6,2,1,NULL,1,NULL),(56,'1101692','Kiến trúc Dân dụng & CT nhà CN',6,2,1,NULL,1,NULL),(57,'1080302','Động lực học Công trình',6,2,1,NULL,1,NULL),(58,'1100102','Kết cấu thép 1',7,2,1,NULL,1,NULL),(59,'1110103','Thuỷ công 1',7,3,1,NULL,1,NULL),(60,'1110113','Đồ án Thuỷ công 1',7,1,1,NULL,1,NULL),(61,'1110123','Quy hoạch thiết kế Hệ thống thuỷ lợi',7,4,1,NULL,1,NULL),(62,'1110133','Đồ án Quy hoạch TK HT thủy lợi',7,1,1,NULL,1,NULL),(63,'4130063','Anh văn CN Thuỷ lợi Thủy điện',7,3,1,NULL,1,NULL),(64,'1110153','Thuỷ điện 1',7,2,1,NULL,1,NULL),(65,'1090082','Nền và Móng',7,3,1,NULL,1,NULL),(66,'1090093','Đồ án Nền và Móng',7,1,1,NULL,1,NULL),(67,'1110062','Các phương pháp số (X2)',7,2,1,NULL,1,NULL),(68,'1110163','Thi công thuỷ lợi 1',8,3,1,NULL,1,NULL),(69,'1100123','Máy xây dựng',8,3,1,NULL,1,NULL),(70,'1110173','Thực tập Nhận thức',8,1,1,NULL,1,NULL),(71,'1110183','Thuỷ công 2',8,3,1,NULL,1,NULL),(72,'1110203','Thuỷ điện 2',8,3,1,NULL,1,NULL),(73,'1110213','Đồ án Thuỷ điện 2',8,1,1,NULL,1,NULL),(74,'1110233','Chỉnh trị sông & CT ven biển',8,3,1,NULL,1,NULL),(75,'1110243','Đồ án Chỉnh trị sông & CT ven biển',8,1,1,NULL,1,NULL),(76,'1110303','Tin học ứng dụng',8,2,1,NULL,1,NULL),(77,'1110253','TH Tin học ứng dụng',8,1,1,NULL,1,NULL),(78,'1110623','Trạm bơm & Cấp thoát nước',9,3,1,NULL,1,NULL),(79,'1110273','Đồ án Trạm bơm & Cấp thoát nước',9,1,1,NULL,1,NULL),(80,'1110283','Thi công thuỷ lợi 2',9,2,1,NULL,1,NULL),(81,'1110293','Đồ án Thi công thuỷ lợi 2',9,1,1,NULL,1,NULL),(82,'1110743','Quản lý dự án (TC1)',9,2,1,NULL,1,NULL),(83,'1110723','Dự toán (TC2)',9,2,1,NULL,1,NULL),(84,'1110193','Kinh tế xây dựng',9,2,1,NULL,1,NULL),(85,'1110323','Thực tập Tốt nghiệp',10,3,1,NULL,1,NULL),(86,'1110333','Đồ án Tốt nghiệp (X2)',10,10,1,NULL,1,NULL),(87,'2090021','Kinh tế Chính trị',1,5,2,NULL,1,NULL),(88,'3190021','Giải tích 1',1,6,2,NULL,1,NULL),(89,'4130011','Anh văn 1',1,4,2,NULL,1,NULL),(90,'3060011','Hoá học Đại cương',1,4,2,NULL,1,NULL),(91,'1020011','Tin học Đại cương',1,4,2,NULL,1,NULL),(92,'1080011','Hình hoạ',1,2,2,NULL,1,NULL),(93,'1020701','TH Tin học đại cương',1,1,2,NULL,1,NULL),(94,'2090011','Triết học Mác-Lênin',2,6,2,NULL,1,NULL),(95,'3190031','Giải tích 2',2,6,2,NULL,1,NULL),(96,'4130021','Anh văn 2',2,3,2,NULL,1,NULL),(97,'3050631','Vật lý 1',2,4,2,NULL,1,NULL),(98,'1080021','Vẽ Kỹ thuật 1',2,3,2,NULL,1,NULL),(99,'3190041','Xác suất thống kê',2,3,2,NULL,1,NULL),(100,'1100011','Môi trường',2,2,2,NULL,1,NULL),(101,'130021','Giáo dục thể chất 2',2,0,2,NULL,1,NULL),(102,'2090031','Chủ nghĩa Xã hội khoa học',3,2.5,2,NULL,1,NULL),(103,'3190011','Đại số',3,4,2,NULL,1,NULL),(104,'4130031','Anh văn 3',3,3,2,NULL,1,NULL),(105,'3050641','Vật lý 2',3,3,2,NULL,1,NULL),(106,'3050651','TN Vật lý',3,1,2,NULL,1,NULL),(107,'1050581','Kỹ thuật điện',3,3,2,NULL,1,NULL),(108,'1080172','Cơ lý thuyết 1',3,4,2,NULL,1,NULL),(109,'3190052','Phương pháp tính',3,3,2,NULL,1,NULL),(110,'130031','Giáo dục thể chất 3',3,0,2,NULL,1,NULL),(111,'3190092','Quy hoạch tuyến tính',3,2,2,NULL,1,NULL),(112,'2090041','Lịch sử Đảng Cộng sản Việt Nam',4,4,2,NULL,1,NULL),(113,'1080212','Sức bền vật liệu 1',4,4,2,NULL,1,NULL),(114,'1080451','TN Sức bền vật liệu',4,0.5,2,NULL,1,NULL),(115,'1110013','Thuỷ lực cơ sở A',4,3,2,NULL,1,NULL),(116,'1110023','TN Thuỷ lực cơ sở',4,0.5,2,NULL,1,NULL),(117,'3190163','Mô hình toán trong Xây dựng',4,2,2,NULL,1,NULL),(118,'1080472','Vẽ Kỹ thuật Xây dựng',4,1,2,NULL,1,NULL),(119,'1080482','AutoCAD',4,1,2,NULL,1,NULL),(120,'1180033','Kinh tế học',4,3,2,NULL,1,NULL),(121,'2070013','Luật Kinh tế',4,2,2,NULL,1,NULL),(122,'1060722','Kỹ thuật Điện tử 1',4,3,2,NULL,1,NULL),(123,'130041','Giáo dục thể chất 4',4,0,2,NULL,1,NULL),(124,'2090051','Tư tưởng Hồ Chí Minh',5,2.5,2,NULL,1,NULL),(125,'1100133','Quy hoạch đô thị',5,2,2,NULL,1,NULL),(126,'1101213','Kiến trúc',5,3,2,NULL,1,NULL),(127,'1090392','Cơ đất nền móng',5,3,2,NULL,1,NULL),(128,'1090053','Vật liệu xây dựng',5,3,2,NULL,1,NULL),(129,'1090453','TN Vật liệu xây dựng',5,0.5,2,NULL,1,NULL),(130,'1110083','Thuỷ văn 1',5,2,2,NULL,1,NULL),(131,'1090033','Địa chất công trình',5,2,2,NULL,1,NULL),(132,'1100022','Cơ học kết cấu 1',5,3,2,NULL,1,NULL),(133,'130051','Giáo dục thể chất 5',5,0,2,NULL,1,NULL),(134,'1180043','Thực tập Nhận thức',5,1,2,NULL,1,NULL),(135,'1180053','Tin học ứng dụng',6,3,2,NULL,1,NULL),(136,'1180063','Thực hành Tin học ứng dụng',6,1,2,NULL,1,NULL),(137,'1100062','Kết cấu bêtông cốt thép 1',6,3,2,NULL,1,NULL),(138,'1100313','Đồ án Kết cấu bêtông cốt thép 1',6,1,2,NULL,1,NULL),(139,'1101703','Kết cấu thép gỗ 1',6,2,2,NULL,1,NULL),(140,'1090413','Công trình Đường',6,3,2,NULL,1,NULL),(141,'1090743','Đồ án Công trình Đường',6,1,2,NULL,1,NULL),(142,'1090403','Công trình Cầu',6,3,2,NULL,1,NULL),(143,'1180072','Luật xây dựng',6,2,2,NULL,1,NULL),(144,'1180083','Thực tập Công nhân',6,2,2,NULL,1,NULL),(145,'1110383','Thuỷ điện',7,3,2,NULL,1,NULL),(146,'1110803','Đồ án Thuỷ điện',7,1,2,NULL,1,NULL),(147,'1110393','Thuỷ công',7,3,2,NULL,1,NULL),(148,'4130073','Anh văn CN Kinh tế XD & QLDA',7,3,2,NULL,1,NULL),(149,'1180093','Kỹ thuật thi công & An toàn lao động',7,3,2,NULL,1,NULL),(150,'1180103','Đồ án Kỹ thuật thi công & ATLĐ',7,1,2,NULL,1,NULL),(151,'1180113','Thống kê Doanh nghiệp',7,2,2,NULL,1,NULL),(152,'1180163','Tài chính D.nghiệp xây dựng',7,2,2,NULL,1,NULL),(153,'1180173','Kế hoạch và dự báo',7,2,2,NULL,1,NULL),(154,'1170393','Cấp, thoát nước',8,2,2,NULL,1,NULL),(155,'1180143','Tổ chức Thi công',8,3,2,NULL,1,NULL),(156,'1180153','Đồ án Tổ chức thi công',8,1,2,NULL,1,NULL),(157,'1180123','Kinh tế Đầu tư & Quản trị dự án',8,3,2,NULL,1,NULL),(158,'1180133','Đồ án Kinh tế ĐT & Quản trị dự án',8,1,2,NULL,1,NULL),(159,'1180183','Kế toán xây dựng cơ bản',8,3,2,NULL,1,NULL),(160,'1180193','Kinh tế xây dựng',8,3,2,NULL,1,NULL),(161,'1180203','Quản lý Chất lượng XD',8,2,2,NULL,1,NULL),(162,'1180213','Định mức KT trong xây dựng',9,3,2,NULL,1,NULL),(163,'1180283','Đồ án Định mức KT trong xây dựng',9,1,2,NULL,1,NULL),(164,'1180223','Thực tập Định mức KT trong XD',9,0.5,2,NULL,1,NULL),(165,'1180233','Định giá sản phẩm xây dựng',9,2,2,NULL,1,NULL),(166,'1180243','Quản trị DN xây dựng',9,3,2,NULL,1,NULL),(167,'1180253','Đồ án Quản trị doanh nghiệp XD',9,1,2,NULL,1,NULL),(168,'1180263','Chuyên đề tự chọn',9,2,2,NULL,1,NULL),(169,'1180273','Quản lý & Điều hành tổng thể DA XD',9,3,2,NULL,1,NULL),(170,'1180293','Thực tập Tốt nghiệp',10,3,2,NULL,1,NULL),(171,'1180303','Đồ án Tốt nghiệp',10,10,2,NULL,1,NULL),(172,'3190111','Giải tích 1',1,4,3,NULL,1,NULL),(173,'3060031','Hoá học Đại cương',1,3,3,NULL,1,NULL),(174,'1020691','Tin học Đại cương',1,2,3,NULL,1,NULL),(175,'1020701','TH Tin học đại cương',1,1,3,NULL,1,NULL),(176,'1080011','Hình hoạ',1,2,3,NULL,1,NULL),(177,'4130241','Anh văn 1',1,3,3,NULL,1,NULL),(178,'130011','Giáo dục thể chất 1',1,0,3,NULL,1,NULL),(179,'2090131','Những nguyên lý cơ bản của CN Mac-Lênin 1',1,2,3,NULL,1,NULL),(180,'4130280','Anh văn A1 (dự bị)',1,5,3,NULL,1,NULL),(181,'2090141','Những nguyên lý CB của CN Mac-Lênin 2',2,3,3,NULL,1,NULL),(182,'3190121','Giải tích 2',2,4,3,NULL,1,NULL),(183,'3050011','Vật lý 1',2,3,3,NULL,1,NULL),(184,'4130251','Anh văn 2',2,2,3,NULL,1,NULL),(185,'1080401','Vẽ Kỹ thuật',2,2,3,NULL,1,NULL),(186,'3190141','Xác suất thống kê',2,2,3,NULL,1,NULL),(187,'1170011','Môi trường',2,2,3,NULL,1,NULL),(188,'130021','Giáo dục thể chất 2',2,0,3,NULL,1,NULL),(189,'3190131','Đại số',3,3,3,NULL,1,NULL),(190,'3050021','Vật lý 2',3,2,3,NULL,1,NULL),(191,'3050651','TN Vật lý',3,1,3,NULL,1,NULL),(192,'1080411','Cơ lý thuyết 1',3,3,3,NULL,1,NULL),(193,'4130261','Anh văn 3',3,2,3,NULL,1,NULL),(194,'1110782','Phương pháp tính',3,2,3,NULL,1,NULL),(195,'1050931','Kỹ thuật điện',3,2,3,NULL,1,NULL),(196,'1050921','TN Kỹ thuật điện',3,0.5,3,NULL,1,NULL),(197,'1061062','Kỹ thuật Điện tử',3,2,3,NULL,1,NULL),(198,'130031','Giáo dục thể chất 3',3,0,3,NULL,1,NULL),(199,'2090121','Đường lối CM của ĐCS Việt Nam',3,3,3,NULL,1,NULL),(200,'1090013','Trắc địa',4,3,3,NULL,1,NULL),(201,'1090752','Thực tập Trắc địa',4,1,3,NULL,1,NULL),(202,'1080421','Cơ lý thuyết 2',4,2,3,NULL,1,NULL),(203,'1080431','Sức bền vật liệu 1',4,3,3,NULL,1,NULL),(204,'1080451','TN Sức bền vật liệu',4,0.5,3,NULL,1,NULL),(205,'1110013','Thuỷ lực cơ sở A',4,3,3,NULL,1,NULL),(206,'1110023','TN Thuỷ lực cơ sở',4,0.5,3,NULL,1,NULL),(207,'1020042','Cấu trúc dữ liệu',4,2,3,NULL,1,NULL),(208,'1020783','TH Cấu trúc dữ liệu',4,1,3,NULL,1,NULL),(209,'130041','Giáo dục thể chất 4',4,0,3,NULL,1,NULL),(210,'2090101','Tư tưởng Hồ Chí Minh',4,2,3,NULL,1,NULL),(211,'1080441','Sức bền vật liệu 2',5,2,3,NULL,1,NULL),(212,'1100022','Cơ học kết cấu 1',5,3,3,NULL,1,NULL),(213,'1110083','Thuỷ văn 1',5,2,3,NULL,1,NULL),(214,'1100053','Lý thuyết đàn hồi',5,2,3,NULL,1,NULL),(215,'1080302','Động lực học Công trình',5,2,3,NULL,1,NULL),(216,'1110043','Thuỷ lực Công trình',5,4,3,NULL,1,NULL),(217,'1110053','TN Thuỷ lực công trình',5,0.5,3,NULL,1,NULL),(218,'1020102','Cơ sở dữ liệu',5,2,3,NULL,1,NULL),(219,'1020822','TH Cơ sở dữ liệu',5,1,3,NULL,1,NULL),(220,'1020153','Phân tích & thiết kế thuật toán',5,2,3,NULL,1,NULL),(221,'1020853','TH Phân tích & TK thuật toán',5,1,3,NULL,1,NULL),(222,'130051','Giáo dục thể chất 5',5,0,3,NULL,1,NULL),(223,'1100042','Cơ học kết cấu 2',6,3,3,NULL,1,NULL),(224,'1101692','Kiến trúc Dân dụng & CT nhà CN',6,2,3,NULL,1,NULL),(225,'1090062','Cơ học Đất',6,3,3,NULL,1,NULL),(226,'1090462','TN Cơ học đất',6,0.5,3,NULL,1,NULL),(227,'1100062','Kết cấu bêtông cốt thép 1',6,3,3,NULL,1,NULL),(228,'1100313','Đồ án Kết cấu bêtông cốt thép 1',6,1,3,NULL,1,NULL),(229,'1100102','Kết cấu thép 1',6,2,3,NULL,1,NULL),(230,'1020583','Ngôn ngữ lập trình',6,2,3,NULL,1,NULL),(231,'1020033','ĐA Ngôn ngữ lập trình',6,1,3,NULL,1,NULL),(232,'1090053','Vật liệu xây dựng',6,3,3,NULL,1,NULL),(233,'1090453','TN Vật liệu xây dựng',6,0.5,3,NULL,1,NULL),(234,'1110062','Các phương pháp số (X2)',7,2,3,NULL,1,NULL),(235,'1100143','Kết cấu bêtông cốt thép công trình',7,2,3,NULL,1,NULL),(236,'1090082','Nền và Móng',7,3,3,NULL,1,NULL),(237,'1090093','Đồ án Nền và Móng',7,1,3,NULL,1,NULL),(238,'1090403','Công trình Cầu',7,3,3,NULL,1,NULL),(239,'1090823','Đồ án Công trình Cầu',7,1,3,NULL,1,NULL),(240,'1020232','Lập trình hướng đối tượng',7,2,3,NULL,1,NULL),(241,'1020893','TH LT hướng đối tượng',7,1,3,NULL,1,NULL),(242,'1020213','Đồ họa máy tính',7,2,3,NULL,1,NULL),(243,'1020883','TH Đồ hoạ máy tính',7,1,3,NULL,1,NULL),(244,'1111083','Thực tập Kỹ thụât viên',7,2,3,NULL,1,NULL),(245,'1110993','Tổ chức & Quản lý thi công',8,3,3,NULL,1,NULL),(246,'1090950','Công trình Đường (THXD)',8,2,3,NULL,1,NULL),(247,'1111003','Công trình Thuỷ',8,3,3,NULL,1,NULL),(248,'1111013','Đồ án Công trình Thuỷ',8,1,3,NULL,1,NULL),(249,'1020593','Lập trình JAVA',8,2,3,NULL,1,NULL),(250,'1020943','TH Lập trình JAVA',8,1,3,NULL,1,NULL),(251,'1020252','Công nghệ phần mềm',8,2,3,NULL,1,NULL),(252,'1020932','TH Công nghệ phần mềm',8,1,3,NULL,1,NULL),(253,'4130093','Anh văn CN Tin học Xây dựng',8,3,3,NULL,1,NULL),(254,'1111093','Thực tập Nhận thức (THXD)',8,1,3,NULL,1,NULL),(255,'1111033','Quản lý doanh nghiệp & DTXD',9,2,3,NULL,1,NULL),(256,'1020353','Lập trình mạng',9,2,3,NULL,1,NULL),(257,'1020983','TH Lập trình mạng',9,1,3,NULL,1,NULL),(258,'1111103','CN thông tin trong xây dựng',9,2,3,NULL,1,NULL),(259,'1111023','Cơ học TT nâng cao',9,2,3,NULL,1,NULL),(260,'1111113','Công nghệ GIS & GPS',9,2,3,NULL,1,NULL),(261,'1111123','Tính toán kết cấu trên máy tính',9,2,3,NULL,1,NULL),(262,'1111133','Thực tập Tốt nghiệp (THXD)',10,3,3,NULL,1,NULL),(263,'1111143','Đồ án Tốt nghiệp (THXD)',10,10,3,NULL,1,NULL),(264,'2090131','Những nguyên lý cơ bản của CN Mac-Lênin 1',1,2,4,NULL,1,NULL),(265,'1080011','Hình hoạ',1,2,4,NULL,1,NULL),(266,'3190111','Giải tích 1',1,4,4,NULL,1,NULL),(267,'3060303','Hoá học Đại cương',1,2,4,NULL,1,NULL),(268,'1020691','Tin học Đại cương',1,2,4,NULL,1,NULL),(269,'1020701','TH Tin học đại cương',1,1,4,NULL,1,NULL),(270,'130011','Giáo dục thể chất 1',1,0,4,NULL,1,NULL),(271,'4130501','Anh văn A2.1',1,3,4,NULL,1,NULL),(272,'3190121','Giải tích 2',2,4,4,NULL,1,NULL),(273,'3190131','Đại số',2,3,4,NULL,1,NULL),(274,'3050011','Vật lý 1',2,3,4,NULL,1,NULL),(275,'3050651','TN Vật lý',2,1,4,NULL,1,NULL),(276,'4130311','Anh văn A2.2',2,4,4,NULL,1,NULL),(277,'1080401','Vẽ Kỹ thuật',2,2,4,NULL,1,NULL),(278,'130021','Giáo dục thể chất 2',2,0,4,NULL,1,NULL),(279,'2090101','Tư tưởng Hồ Chí Minh',3,2,4,NULL,1,NULL),(280,'3050641','Vật lý 2',3,3,4,NULL,1,NULL),(281,'1050931','Kỹ thuật điện',3,2,4,NULL,1,NULL),(282,'1080700','Cơ lý thuyết',3,3,4,NULL,1,NULL),(283,'3190041','Xác suất thống kê',3,3,4,NULL,1,NULL),(284,'1170011','Môi trường',3,2,4,NULL,1,NULL),(285,'130031','Giáo dục thể chất 3',3,0,4,NULL,1,NULL),(286,'2090141','Những nguyên lý CB của CN Mac-Lênin 2',4,3,4,NULL,1,NULL),(287,'1040451','Kỹ thuật nhiệt',4,2,4,NULL,1,NULL),(288,'1080710','Sức bền vật liệu',4,3,4,NULL,1,NULL),(289,'1090033','Địa chất công trình',4,2,4,NULL,1,NULL),(290,'1090043','Thực tập Địa chất công trình',4,0.5,4,NULL,1,NULL),(291,'1111272','Thủy lực',4,2,4,NULL,1,NULL),(292,'1110023','TN Thuỷ lực cơ sở',4,0.5,4,NULL,1,NULL),(293,'1090372','Trắc địa',4,2,4,NULL,1,NULL),(294,'1090023','Thực tập Trắc địa',4,0.5,4,NULL,1,NULL),(295,'130041','Giáo dục thể chất 4',4,0,4,NULL,1,NULL),(296,'2090121','Đường lối CM của ĐCS Việt Nam',5,3,4,NULL,1,NULL),(297,'1110083','Thuỷ văn 1',5,2,4,NULL,1,NULL),(298,'1100022','Cơ học kết cấu 1',5,3,4,NULL,1,NULL),(299,'1090970','Cơ học đất',5,2,4,NULL,1,NULL),(300,'1090462','TN Cơ học đất',5,0.5,4,NULL,1,NULL),(301,'1111153','Thủy lực công trình',5,3,4,NULL,1,NULL),(302,'1110053','TN Thuỷ lực công trình',5,0.5,4,NULL,1,NULL),(303,'1090382','Vật liệu xây dựng',5,2,4,NULL,1,NULL),(304,'1090980','TN Vật liệu XD',5,1,4,NULL,1,NULL),(305,'130051','Giáo dục thể chất 5',5,0,4,NULL,1,NULL),(306,'1111173','Nhập môn ngành',6,2,4,NULL,1,NULL),(307,'1111163','Thủy văn Công trình',6,2,4,NULL,1,NULL),(308,'1110093','Thực tập Thuỷ văn Công trình',6,0.5,4,NULL,1,NULL),(309,'1090990','Nền và Móng',6,2,4,NULL,1,NULL),(310,'1090093','Đồ án Nền và Móng',6,1,4,NULL,1,NULL),(311,'1102050','Cơ học kết cấu 2',6,2,4,NULL,1,NULL),(312,'1100062','Kết cấu bêtông cốt thép 1',6,3,4,NULL,1,NULL),(313,'1100313','Đồ án Kết cấu bêtông cốt thép 1',6,1,4,NULL,1,NULL),(314,'1111320','Phương pháp tính',6,3,4,NULL,1,NULL),(315,'4130310','Anh văn CN Xây dựng',7,2,4,NULL,1,NULL),(316,'1100102','Kết cấu thép 1',7,2,4,NULL,1,NULL),(317,'1110153','Thuỷ điện 1',7,2,4,NULL,1,NULL),(318,'1110103','Thuỷ công 1',7,3,4,NULL,1,NULL),(319,'1110113','Đồ án Thuỷ công 1',7,1,4,NULL,1,NULL),(320,'1111183','Quy hoạch thiết kế Hệ thống thuỷ lợi',7,3,4,NULL,1,NULL),(321,'1110133','Đồ án Quy hoạch TK HT thủy lợi',7,1,4,NULL,1,NULL),(322,'1110073','Thực tập Công nhân',7,2,4,NULL,1,NULL),(323,'1111213','Thủy điện 2',8,2,4,NULL,1,NULL),(324,'1110213','Đồ án Thuỷ điện 2',8,1,4,NULL,1,NULL),(325,'1111203','Thủy công 2',8,2,4,NULL,1,NULL),(326,'1110163','Thi công thuỷ lợi 1',8,3,4,NULL,1,NULL),(327,'1111193','Các phương pháp số',8,3,4,NULL,1,NULL),(328,'1111250','Chỉnh trị sông & C.trình ven bờ',8,2,4,NULL,1,NULL),(329,'1110243','Đồ án Chỉnh trị sông & CT ven biển',8,1,4,NULL,1,NULL),(330,'1110193','Kinh tế xây dựng',9,2,4,NULL,1,NULL),(331,'1111253','Trạm bơm & Cấp thoát nước',9,2,4,NULL,1,NULL),(332,'1110273','Đồ án Trạm bơm & Cấp thoát nước',9,1,4,NULL,1,NULL),(333,'1110283','Thi công thuỷ lợi 2',9,2,4,NULL,1,NULL),(334,'1110293','Đồ án Thi công thuỷ lợi 2',9,1,4,NULL,1,NULL),(335,'1111223','Chuyên đề 1',9,2,4,NULL,1,NULL),(336,'1111233','Chuyên đề 2',9,2,4,NULL,1,NULL),(337,'1111243','Thực tập Tốt nghiệp',9,2,4,NULL,1,NULL),(338,'1110333','Đồ án Tốt nghiệp (X2)',10,10,4,NULL,1,NULL),(339,'2090131','Những nguyên lý cơ bản của CN Mac-Lênin 1',1,2,5,NULL,1,NULL),(340,'1080011','Hình hoạ',1,2,5,NULL,1,NULL),(341,'3190111','Giải tích 1',1,4,5,NULL,1,NULL),(342,'3060303','Hoá học Đại cương',1,2,5,NULL,1,NULL),(343,'1020691','Tin học Đại cương',1,2,5,NULL,1,NULL),(344,'1020701','TH Tin học đại cương',1,1,5,NULL,1,NULL),(345,'130011','Giáo dục thể chất 1',1,0,5,NULL,1,NULL),(346,'4130501','Anh văn A2.1',1,3,5,NULL,1,NULL),(347,'3190121','Giải tích 2',2,4,5,NULL,1,NULL),(348,'3190131','Đại số',2,3,5,NULL,1,NULL),(349,'3050011','Vật lý 1',2,3,5,NULL,1,NULL),(350,'3050651','TN Vật lý',2,1,5,NULL,1,NULL),(351,'4130311','Anh văn A2.2',2,4,5,NULL,1,NULL),(352,'1080401','Vẽ Kỹ thuật',2,2,5,NULL,1,NULL),(353,'130021','Giáo dục thể chất 2',2,0,5,NULL,1,NULL),(354,'2090101','Tư tưởng Hồ Chí Minh',3,2,5,NULL,1,NULL),(355,'1170011','Môi trường',3,2,5,NULL,1,NULL),(356,'3050641','Vật lý 2',3,3,5,NULL,1,NULL),(357,'1050931','Kỹ thuật điện',3,2,5,NULL,1,NULL),(358,'1080700','Cơ lý thuyết',3,3,5,NULL,1,NULL),(359,'3190041','Xác suất thống kê',3,3,5,NULL,1,NULL),(360,'130031','Giáo dục thể chất 3',3,0,5,NULL,1,NULL),(361,'2090141','Những nguyên lý CB của CN Mac-Lênin 2',4,3,5,NULL,1,NULL),(362,'1040451','Kỹ thuật nhiệt',4,2,5,NULL,1,NULL),(363,'1111272','Thủy lực',4,2,5,NULL,1,NULL),(364,'1110023','TN Thuỷ lực cơ sở',4,0.5,5,NULL,1,NULL),(365,'1080710','Sức bền vật liệu',4,3,5,NULL,1,NULL),(366,'1090372','Trắc địa',4,2,5,NULL,1,NULL),(367,'1090023','Thực tập Trắc địa',4,0.5,5,NULL,1,NULL),(368,'1111262','Thủy văn',4,2,5,NULL,1,NULL),(369,'1020042','Cấu trúc dữ liệu',4,2,5,NULL,1,NULL),(370,'130041','Giáo dục thể chất 4',4,0,5,NULL,1,NULL),(371,'2090121','Đường lối CM của ĐCS Việt Nam',5,3,5,NULL,1,NULL),(372,'1100022','Cơ học kết cấu 1',5,3,5,NULL,1,NULL),(373,'1020102','Cơ sở dữ liệu',5,2,5,NULL,1,NULL),(374,'1090382','Vật liệu xây dựng',5,2,5,NULL,1,NULL),(375,'1111153','Thủy lực công trình',5,3,5,NULL,1,NULL),(376,'1110053','TN Thuỷ lực công trình',5,0.5,5,NULL,1,NULL),(377,'1090980','TN Vật liệu XD',5,1,5,NULL,1,NULL),(378,'1111163','Thủy văn Công trình',5,2,5,NULL,1,NULL),(379,'130051','Giáo dục thể chất 5',5,0,5,NULL,1,NULL),(380,'1102050','Cơ học kết cấu 2',6,2,5,NULL,1,NULL),(381,'1090970','Cơ học đất',6,2,5,NULL,1,NULL),(382,'1090462','TN Cơ học đất',6,0.5,5,NULL,1,NULL),(383,'1100062','Kết cấu bêtông cốt thép 1',6,3,5,NULL,1,NULL),(384,'1100313','Đồ án Kết cấu bêtông cốt thép 1',6,1,5,NULL,1,NULL),(385,'1111173','Nhập môn ngành',6,2,5,NULL,1,NULL),(386,'1021313','Lập trình hướng đối tượng',6,1.5,5,NULL,1,NULL),(387,'1021323','TH Lập trình hướng đối tượng',6,0.5,5,NULL,1,NULL),(388,'1111320','Phương pháp tính',6,3,5,NULL,1,NULL),(389,'4130310','Anh văn CN Xây dựng',7,2,5,NULL,1,NULL),(390,'1090990','Nền và Móng',7,2,5,NULL,1,NULL),(391,'1090093','Đồ án Nền và Móng',7,1,5,NULL,1,NULL),(392,'1100102','Kết cấu thép 1',7,2,5,NULL,1,NULL),(393,'1020593','Lập trình JAVA',7,2,5,NULL,1,NULL),(394,'1020153','Phân tích & thiết kế thuật toán',7,2,5,NULL,1,NULL),(395,'1021343','ĐA Giải thuật & Lập trình',7,2,5,NULL,1,NULL),(396,'1111083','Thực tập Kỹ thụât viên',7,2,5,NULL,1,NULL),(397,'1180853','Kinh tế xây dựng',8,2,5,NULL,1,NULL),(398,'1111193','Các phương pháp số',8,3,5,NULL,1,NULL),(399,'1111003','Công trình Thuỷ',8,3,5,NULL,1,NULL),(400,'1111013','Đồ án Công trình Thuỷ',8,1,5,NULL,1,NULL),(401,'1021773','Phát triển phần mềm mã nguồn',8,2,5,NULL,1,NULL),(402,'1091033','Cầu bê tông cốt thép',8,3,5,NULL,1,NULL),(403,'1091020','Đồ án Cầu bê tông cốt thép',8,1,5,NULL,1,NULL),(404,'1111280','Tổ chức & Quản lý thi công',9,2,5,NULL,1,NULL),(405,'1111290','Đồ án Tổ chức & Q.Lý thi công',9,1,5,NULL,1,NULL),(406,'1110303','Tin học ứng dụng',9,2,5,NULL,1,NULL),(407,'1100143','Kết cấu bêtông cốt thép công trình',9,2,5,NULL,1,NULL),(408,'1100333','Đồ án Kết cấu bêtông cốt thép 2',9,1,5,NULL,1,NULL),(409,'1111223','Chuyên đề 1',9,2,5,NULL,1,NULL),(410,'1111233','Chuyên đề 2',9,2,5,NULL,1,NULL),(411,'1111243','Thực tập Tốt nghiệp',9,2,5,NULL,1,NULL),(412,'1111143','Đồ án Tốt nghiệp (THXD)',10,10,5,NULL,1,NULL),(413,'3190111','Giải tích 1',1,4,6,NULL,1,NULL),(414,'4130241','Anh văn 1',1,3,6,NULL,1,NULL),(415,'3060031','Hoá học Đại cương',1,3,6,NULL,1,NULL),(416,'1020691','Tin học Đại cương',1,2,6,NULL,1,NULL),(417,'1020701','TH Tin học đại cương',1,1,6,NULL,1,NULL),(418,'1080011','Hình hoạ',1,2,6,NULL,1,NULL),(419,'130011','Giáo dục thể chất 1',1,0,6,NULL,1,NULL),(420,'2090131','Những nguyên lý cơ bản của CN Mac-Lênin 1',1,2,6,NULL,1,NULL),(421,'2090141','Những nguyên lý CB của CN Mac-Lênin 2',2,3,6,NULL,1,NULL),(422,'3190121','Giải tích 2',2,4,6,NULL,1,NULL),(423,'3050011','Vật lý 1',2,3,6,NULL,1,NULL),(424,'4130251','Anh văn 2',2,2,6,NULL,1,NULL),(425,'1080401','Vẽ Kỹ thuật',2,2,6,NULL,1,NULL),(426,'1170011','Môi trường',2,2,6,NULL,1,NULL),(427,'130021','Giáo dục thể chất 2',2,0,6,NULL,1,NULL),(428,'4130261','Anh văn 3',3,2,6,NULL,1,NULL),(429,'3190131','Đại số',3,3,6,NULL,1,NULL),(430,'3190141','Xác suất thống kê',3,2,6,NULL,1,NULL),(431,'3050021','Vật lý 2',3,2,6,NULL,1,NULL),(432,'3050651','TN Vật lý',3,1,6,NULL,1,NULL),(433,'1080411','Cơ lý thuyết 1',3,3,6,NULL,1,NULL),(434,'1040451','Kỹ thuật nhiệt',3,2,6,NULL,1,NULL),(435,'1050931','Kỹ thuật điện',3,2,6,NULL,1,NULL),(436,'1050921','TN Kỹ thuật điện',3,0.5,6,NULL,1,NULL),(437,'130031','Giáo dục thể chất 3',3,0,6,NULL,1,NULL),(438,'2090121','Đường lối CM của ĐCS Việt Nam',3,3,6,NULL,1,NULL),(439,'4130211','Anh văn CN Xây dựng',4,3,6,NULL,1,NULL),(440,'1080421','Cơ lý thuyết 2',4,2,6,NULL,1,NULL),(441,'1080431','Sức bền vật liệu 1',4,3,6,NULL,1,NULL),(442,'1080451','TN Sức bền vật liệu',4,0.5,6,NULL,1,NULL),(443,'1110793','Thuỷ lực cơ sở B',4,2,6,NULL,1,NULL),(444,'1110023','TN Thuỷ lực cơ sở',4,0.5,6,NULL,1,NULL),(445,'1080472','Vẽ Kỹ thuật Xây dựng',4,1,6,NULL,1,NULL),(446,'1080482','AutoCAD',4,1,6,NULL,1,NULL),(447,'130041','Giáo dục thể chất 4',4,0,6,NULL,1,NULL),(448,'2090101','Tư tưởng Hồ Chí Minh',4,2,6,NULL,1,NULL),(449,'1090033','Địa chất công trình',5,2,6,NULL,1,NULL),(450,'1090043','Thực tập Địa chất công trình',5,0.5,6,NULL,1,NULL),(451,'1080441','Sức bền vật liệu 2',5,2,6,NULL,1,NULL),(452,'1100022','Cơ học kết cấu 1',5,3,6,NULL,1,NULL),(453,'1090013','Trắc địa',5,3,6,NULL,1,NULL),(454,'1090752','Thực tập Trắc địa',5,1,6,NULL,1,NULL),(455,'1100033','Kiến trúc Dân dụng',5,3,6,NULL,1,NULL),(456,'1090053','Vật liệu xây dựng',5,3,6,NULL,1,NULL),(457,'1090453','TN Vật liệu xây dựng',5,0.5,6,NULL,1,NULL),(458,'1102003','Đồ án Kiến trúc dân dụng',5,1,6,NULL,1,NULL),(459,'130051','Giáo dục thể chất 5',5,0,6,NULL,1,NULL),(460,'1090062','Cơ học Đất',6,3,6,NULL,1,NULL),(461,'1090462','TN Cơ học đất',6,0.5,6,NULL,1,NULL),(462,'1100042','Cơ học kết cấu 2',6,3,6,NULL,1,NULL),(463,'1100062','Kết cấu bêtông cốt thép 1',6,3,6,NULL,1,NULL),(464,'1101903','Đồ án Kết cấu bêtông 1 (X1)',6,2,6,NULL,1,NULL),(465,'1101123','Thực tập Công nhân (XDDD)',6,3,6,NULL,1,NULL),(466,'1100083','Thực tập Nhận thức',6,1,6,NULL,1,NULL),(467,'1100093','Kiến trúc Công nghiệp',6,3,6,NULL,1,NULL),(468,'1100323','Đồ án Kiến trúc công nghiệp',6,1,6,NULL,1,NULL),(469,'1090082','Nền và Móng',7,3,6,NULL,1,NULL),(470,'1090093','Đồ án Nền và Móng',7,1,6,NULL,1,NULL),(471,'1100123','Máy xây dựng',7,3,6,NULL,1,NULL),(472,'1100103','Kết cấu thép 1 (X1)',7,3,6,NULL,1,NULL),(473,'1100072','Kết cấu bêtông 2 + Gạch đá',7,3,6,NULL,1,NULL),(474,'1100333','Đồ án Kết cấu bêtông cốt thép 2',7,1,6,NULL,1,NULL),(475,'1100133','Quy hoạch đô thị',7,2,6,NULL,1,NULL),(476,'1100053','Lý thuyết đàn hồi',7,2,6,NULL,1,NULL),(477,'1170383','Vật lý kiến trúc',7,2,6,NULL,1,NULL),(478,'1101723','Chuyên đề 1: Kết cấu bêtông',7,2,6,NULL,1,NULL),(479,'1100112','Kết cấu thép 2 + Gỗ',8,3,6,NULL,1,NULL),(480,'1100343','Đồ án Kết cấu thép',8,2,6,NULL,1,NULL),(481,'1100183','Kỹ thuật Thi công 1',8,3,6,NULL,1,NULL),(482,'1100353','Đồ án Kỹ thuật thi công',8,1,6,NULL,1,NULL),(483,'1170352','Thông gió',8,2,6,NULL,1,NULL),(484,'1170393','Cấp, thoát nước',8,2,6,NULL,1,NULL),(485,'1100213','Kết cấu bêtông cốt thép đặc biệt',8,2,6,NULL,1,NULL),(486,'1100153','Phương pháp số',8,2,6,NULL,1,NULL),(487,'1101933','Chuyên đề 2: Kết cấu thép',8,2,6,NULL,1,NULL),(488,'1100243','Tổ chức thi công',9,3,6,NULL,1,NULL),(489,'1100363','Đồ án Tổ chức thi công',9,2,6,NULL,1,NULL),(490,'1180012','Kinh tế xây dựng',9,2,6,NULL,1,NULL),(491,'1100253','Tin học ứng dụng',9,2,6,NULL,1,NULL),(492,'1101743','TH Tin học ứng dụng',9,0.5,6,NULL,1,NULL),(493,'1100263','Kỹ thuật Thi công 2',9,3,6,NULL,1,NULL),(494,'1101373','Thí nghiệm Công trình',9,1,6,NULL,1,NULL),(495,'1101753','TH Thí nghiệm công trình',9,1,6,NULL,1,NULL),(496,'1100283','An toàn lao động',9,2,6,NULL,1,NULL),(497,'1101733','Chuyên đề 3: Thi công',9,2,6,NULL,1,NULL),(498,'1100373','Thực tập Tốt nghiệp',10,3,6,NULL,1,NULL),(499,'1100383','Đồ án Tốt nghiệp',10,10,6,NULL,1,NULL),(500,'3190111','Giải tích 1',1,4,7,NULL,1,NULL),(501,'4130241','Anh văn 1',1,3,7,NULL,1,NULL),(502,'1080011','Hình hoạ',1,2,7,NULL,1,NULL),(503,'1101843','Cơ sở kiến trúc 1',1,2,7,NULL,1,NULL),(504,'1101853','Vẽ Mỹ thuật 1',1,1,7,NULL,1,NULL),(505,'1101863','TH Vẽ mỹ thuật 1',1,1,7,NULL,1,NULL),(506,'1020691','Tin học Đại cương',1,2,7,NULL,1,NULL),(507,'1020701','TH Tin học đại cương',1,1,7,NULL,1,NULL),(508,'130011','Giáo dục thể chất 1',1,0,7,NULL,1,NULL),(509,'2090131','Những nguyên lý cơ bản của CN Mac-Lênin 1',1,2,7,NULL,1,NULL),(510,'2090141','Những nguyên lý CB của CN Mac-Lênin 2',2,3,7,NULL,1,NULL),(511,'3190121','Giải tích 2',2,4,7,NULL,1,NULL),(512,'1080512','Hình hoạ kiến trúc',2,2,7,NULL,1,NULL),(513,'4130251','Anh văn 2',2,2,7,NULL,1,NULL),(514,'1101762','Cơ sở kiến trúc 2',2,2,7,NULL,1,NULL),(515,'1101772','Vẽ Mỹ thuật 2',2,1,7,NULL,1,NULL),(516,'1101782','TH Vẽ mỹ thuật 2',2,1,7,NULL,1,NULL),(517,'1170011','Môi trường',2,2,7,NULL,1,NULL),(518,'130021','Giáo dục thể chất 2',2,0,7,NULL,1,NULL),(519,'4130261','Anh văn 3',3,2,7,NULL,1,NULL),(520,'1080382','Cơ lý thuyết (KT)',3,2,7,NULL,1,NULL),(521,'1080533','Vẽ Kỹ thuật & AutoCAD',3,2,7,NULL,1,NULL),(522,'1080523','TH Vẽ kỹ thuật & AutoCAD',3,1,7,NULL,1,NULL),(523,'1101873','Vẽ Mỹ thuật 3',3,1,7,NULL,1,NULL),(524,'1101793','TH Vẽ mỹ thuật 3',3,1,7,NULL,1,NULL),(525,'1101883','Lý thuyết Kiến trúc',3,2,7,NULL,1,NULL),(526,'1100693','Kiến trúc Nhà ở',3,2,7,NULL,1,NULL),(527,'1101893','Đồ án Kiến trúc dân dụng 1',3,1,7,NULL,1,NULL),(528,'130031','Giáo dục thể chất 3',3,0,7,NULL,1,NULL),(529,'2090121','Đường lối CM của ĐCS Việt Nam',3,3,7,NULL,1,NULL),(530,'4130221','Anh văn CN Kiến trúc',4,3,7,NULL,1,NULL),(531,'1100773','Vẽ Mỹ thuật 4',4,1,7,NULL,1,NULL),(532,'1101803','TH Vẽ mỹ thuật 4',4,1,7,NULL,1,NULL),(533,'1100763','Vẽ ghi',4,1,7,NULL,1,NULL),(534,'1101813','TH Vẽ ghi',4,1,7,NULL,1,NULL),(535,'1100743','Thiết kế nhanh 1',4,1,7,NULL,1,NULL),(536,'1100783','Kiến trúc Nhà công cộng',4,3,7,NULL,1,NULL),(537,'1100713','Cấu tạo nhà dân dụng',4,3,7,NULL,1,NULL),(538,'1100733','Đồ án Kiến trúc dân dụng 2',4,2,7,NULL,1,NULL),(539,'1100793','Đồ án Kiến trúc dân dụng 3',4,2,7,NULL,1,NULL),(540,'1090382','Vật liệu xây dựng',4,2,7,NULL,1,NULL),(541,'130041','Giáo dục thể chất 4',4,0,7,NULL,1,NULL),(542,'2090101','Tư tưởng Hồ Chí Minh',4,2,7,NULL,1,NULL),(543,'1170362','Vật lý kiến trúc 1',5,2,7,NULL,1,NULL),(544,'1100813','Lịch sử Kiến trúc',5,3,7,NULL,1,NULL),(545,'1101382','Cơ học công trình',5,3,7,NULL,1,NULL),(546,'1101403','Kiến trúc Công nghiệp 1 (KT)',5,4,7,NULL,1,NULL),(547,'1100803','Đồ án Kiến trúc dân dụng 4',5,2,7,NULL,1,NULL),(548,'1100883','Đồ án Kiến trúc dân dụng 5',5,2,7,NULL,1,NULL),(549,'1100833','Thiết kế nhanh 2',5,1,7,NULL,1,NULL),(550,'1101473','Tham quan KT Công nghiệp',5,1,7,NULL,1,NULL),(551,'1101463','Tham quan KT Dân dụng',5,1,7,NULL,1,NULL),(552,'1100843','Quy hoạch đô thị 1',5,2,7,NULL,1,NULL),(553,'130051','Giáo dục thể chất 5',5,0,7,NULL,1,NULL),(554,'1100873','Kiến trúc Công nghiệp 2 (KT)',6,2,7,NULL,1,NULL),(555,'1170372','Vật lý kiến trúc 2',6,2,7,NULL,1,NULL),(556,'1100923','Lịch sử Đô thị',6,2,7,NULL,1,NULL),(557,'1101442','Kết cấu công trình (KT)',6,3,7,NULL,1,NULL),(558,'1090372','Trắc địa',6,2,7,NULL,1,NULL),(559,'1090752','Thực tập Trắc địa',6,1,7,NULL,1,NULL),(560,'1100893','Cơ sở tạo hình Kiến trúc',6,2,7,NULL,1,NULL),(561,'1100933','Quy hoạch đô thị 2',6,3,7,NULL,1,NULL),(562,'1100853','Đồ án Kiến trúc dân dụng 6',6,2,7,NULL,1,NULL),(563,'1100943','Đồ án Kiến trúc công nghiệp 1',6,2,7,NULL,1,NULL),(564,'1100963','Thiết kế nhanh 3',6,1,7,NULL,1,NULL),(565,'1101433','Thực tập Công nhân (KT)',6,3,7,NULL,1,NULL),(566,'1050931','Kỹ thuật điện',7,2,7,NULL,1,NULL),(567,'1090443','Cơ đất nền móng (KT)',7,2,7,NULL,1,NULL),(568,'1170393','Cấp, thoát nước',7,2,7,NULL,1,NULL),(569,'1170352','Thông gió',7,2,7,NULL,1,NULL),(570,'1100973','Xã hội học & Xã hội đô thị',7,2,7,NULL,1,NULL),(571,'1101043','Đồ án Kiến trúc dân dụng 7',7,2,7,NULL,1,NULL),(572,'1101053','Đồ án Kiến trúc dân dụng 8',7,2,7,NULL,1,NULL),(573,'1100983','Đồ án Kiến trúc công nghiệp 2',7,2,7,NULL,1,NULL),(574,'1100913','Thiết kế nhanh 4',7,1,7,NULL,1,NULL),(575,'1101003','Lịch sử Nghệ thuật',8,2,7,NULL,1,NULL),(576,'1101013','Nội thất',8,2,7,NULL,1,NULL),(577,'1101823','TH Nội thất',8,1,7,NULL,1,NULL),(578,'1101023','Điêu khắc',8,1,7,NULL,1,NULL),(579,'1101833','TH Điêu khắc',8,2,7,NULL,1,NULL),(580,'1101033','Kỹ thuật Đô thị',8,2,7,NULL,1,NULL),(581,'1101503','Kỹ thuật Tổ chức thi công (KT)',8,3,7,NULL,1,NULL),(582,'1100953','Đồ án Quy hoạch 1',8,2,7,NULL,1,NULL),(583,'1100993','Đồ án Quy hoạch 2',8,2,7,NULL,1,NULL),(584,'1101163','Thiết kế nhanh 5',8,1,7,NULL,1,NULL),(585,'1101063','Mỹ học',9,2,7,NULL,1,NULL),(586,'1101513','Cảnh quan kiến trúc',9,2,7,NULL,1,NULL),(587,'1180012','Kinh tế xây dựng',9,2,7,NULL,1,NULL),(588,'1101523','Lý thuyết Chuyên đề',9,2,7,NULL,1,NULL),(589,'1101113','Đồ án Tổng hợp',9,3,7,NULL,1,NULL),(590,'1101553','Thực tập Tốt nghiệp (KT)',9,3,7,NULL,1,NULL),(591,'1101563','Đồ án Tốt nghiệp (KT)',10,10,7,NULL,1,NULL),(592,'2090021','Kinh tế Chính trị',1,5,8,NULL,1,NULL),(593,'3190021','Giải tích 1',1,6,8,NULL,1,NULL),(594,'1020011','Tin học Đại cương',1,4,8,NULL,1,NULL),(595,'4130011','Anh văn 1',1,4,8,NULL,1,NULL),(596,'3060011','Hoá học Đại cương',1,4,8,NULL,1,NULL),(597,'1080011','Hình hoạ',1,2,8,NULL,1,NULL),(598,'1020701','TH Tin học đại cương',1,1,8,NULL,1,NULL),(599,'2090011','Triết học Mác-Lênin',2,6,8,NULL,1,NULL),(600,'3190041','Xác suất thống kê',2,3,8,NULL,1,NULL),(601,'3190031','Giải tích 2',2,6,8,NULL,1,NULL),(602,'3050631','Vật lý 1',2,4,8,NULL,1,NULL),(603,'4130021','Anh văn 2',2,3,8,NULL,1,NULL),(604,'1080021','Vẽ Kỹ thuật 1',2,3,8,NULL,1,NULL),(605,'1100011','Môi trường',2,2,8,NULL,1,NULL),(606,'130021','Giáo dục thể chất 2',2,0,8,NULL,1,NULL),(607,'2090031','Chủ nghĩa Xã hội khoa học',3,2.5,8,NULL,1,NULL),(608,'3190011','Đại số',3,4,8,NULL,1,NULL),(609,'3050641','Vật lý 2',3,3,8,NULL,1,NULL),(610,'4130031','Anh văn 3',3,3,8,NULL,1,NULL),(611,'1050581','Kỹ thuật điện',3,3,8,NULL,1,NULL),(612,'1080142','Cơ học ứng dụng',3,4,8,NULL,1,NULL),(613,'1010751','Cơ khí đại cương',3,2,8,NULL,1,NULL),(614,'3050651','TN Vật lý',3,1,8,NULL,1,NULL),(615,'1040402','Kỹ thuật nhiệt B',3,2,8,NULL,1,NULL),(616,'130031','Giáo dục thể chất 3',3,0,8,NULL,1,NULL),(617,'1050921','TN Kỹ thuật điện',3,0.5,8,NULL,1,NULL),(618,'2090041','Lịch sử Đảng Cộng sản Việt Nam',4,4,8,NULL,1,NULL),(619,'1060722','Kỹ thuật Điện tử 1',4,3,8,NULL,1,NULL),(620,'1110013','Thuỷ lực cơ sở A',4,3,8,NULL,1,NULL),(621,'1110023','TN Thuỷ lực cơ sở',4,0.5,8,NULL,1,NULL),(622,'1071822','Hoá sinh (MT)',4,2,8,NULL,1,NULL),(623,'3060162','Hoá lý - Hoá keo',4,4,8,NULL,1,NULL),(624,'3060172','TN Hoá lý hoá keo',4,0.5,8,NULL,1,NULL),(625,'1040462','Quá trình chuyển khối 1',4,3,8,NULL,1,NULL),(626,'1080472','Vẽ Kỹ thuật Xây dựng',4,1,8,NULL,1,NULL),(627,'3190102','Quy hoạch thực nghiệm',4,2,8,NULL,1,NULL),(628,'130041','Giáo dục thể chất 4',4,0,8,NULL,1,NULL),(629,'2090051','Tư tưởng Hồ Chí Minh',5,2.5,8,NULL,1,NULL),(630,'1071872','Quá trình chuyển khối 2',5,2,8,NULL,1,NULL),(631,'1080042','Vẽ Kỹ thuật trên máy tính (AutoCAD)',5,2,8,NULL,1,NULL),(632,'3060082','Hoá phân tích',5,3,8,NULL,1,NULL),(633,'3060092','TN Hoá phân tích',5,1,8,NULL,1,NULL),(634,'1030673','Thiết bị thuỷ khí',5,2,8,NULL,1,NULL),(635,'3070012','Sinh thái môi trường',5,2,8,NULL,1,NULL),(636,'1050942','Thiết bị đo lường & Tự động hoá',5,3,8,NULL,1,NULL),(637,'1071882','Vi sinh (MT)',5,2,8,NULL,1,NULL),(638,'1100403','Kiến trúc Công nghiệp & Quy hoạch',5,2,8,NULL,1,NULL),(639,'1170023','Luật & Chính sách môi trường',5,2,8,NULL,1,NULL),(640,'130051','Giáo dục thể chất 5',5,0,8,NULL,1,NULL),(641,'3060022','Phân tích công cụ',6,2,8,NULL,1,NULL),(642,'1170033','Độc học môi trường',6,2,8,NULL,1,NULL),(643,'3060202','Hoá học Môi trường',6,2,8,NULL,1,NULL),(644,'1170043','Mạng cấp nước',6,2,8,NULL,1,NULL),(645,'1170053','Đồ án Mạng cấp nước',6,2,8,NULL,1,NULL),(646,'1170063','Môi trường Vi khí hậu',6,3,8,NULL,1,NULL),(647,'1170073','Tiếng ồn',6,2,8,NULL,1,NULL),(648,'1170083','Thoát nước Đô thị & Công nghiệp',6,2,8,NULL,1,NULL),(649,'1170093','Thực tập Nhận thức',6,1,8,NULL,1,NULL),(650,'3060242','TN Phân tích công cụ',6,0.5,8,NULL,1,NULL),(651,'4130231','Anh văn CN Môi trường',7,3,8,NULL,1,NULL),(652,'1170103','Xử lý nước cấp',7,3,8,NULL,1,NULL),(653,'1170113','Đồ án Xử lý nước cấp',7,2,8,NULL,1,NULL),(654,'1170123','Quan trắc Khảo sát môi trường',7,3,8,NULL,1,NULL),(655,'1170133','TN QT KS môi trường',7,0.5,8,NULL,1,NULL),(656,'1070053','An toàn Lao động & vệ sinh CN',7,2,8,NULL,1,NULL),(657,'1170143','Quản lý Chất thải nguy hại',7,2,8,NULL,1,NULL),(658,'1170153','Kỹ thuật Thông gió',7,3,8,NULL,1,NULL),(659,'1170163','Thực tập Quan trắc & Khảo sát',7,1,8,NULL,1,NULL),(660,'1170173','Kỹ thuật Xử lý nước thải đô thị',8,3,8,NULL,1,NULL),(661,'1170183','Đồ án Xử lý nước thải',8,2,8,NULL,1,NULL),(662,'1170193','Kỹ thuật Xử lý khí thải',8,3,8,NULL,1,NULL),(663,'1170203','Đồ án Xử lý khí thải',8,2,8,NULL,1,NULL),(664,'1180313','Kinh tế môi trường',8,2,8,NULL,1,NULL),(665,'1170213','Xử lý nước thải công nghiệp',8,2,8,NULL,1,NULL),(666,'1170223','Quản lý Môi trường',8,2,8,NULL,1,NULL),(667,'1170233','Thực tập Công nhân',8,3,8,NULL,1,NULL),(668,'1170243','Tin học ứng dụng',9,2,8,NULL,1,NULL),(669,'1170253','TH Tin học ứng dụng',9,1,8,NULL,1,NULL),(670,'1170263','Đánh giá Tác động môi trường',9,3,8,NULL,1,NULL),(671,'1170273','Sản xuất sạch hơn',9,2,8,NULL,1,NULL),(672,'1170283','Quản lý Chất thải rắn',9,2,8,NULL,1,NULL),(673,'1170293','Đồ án Quản lý chất thải rắn',9,2,8,NULL,1,NULL),(674,'1170303','Chuyên đề 1',9,1,8,NULL,1,NULL),(675,'1170313','Chuyên đề 2',9,1,8,NULL,1,NULL),(676,'1170323','Thực tập Tốt nghiệp',10,3,8,NULL,1,NULL),(677,'1170333','Đồ án Tốt nghiệp',10,10,8,NULL,1,NULL),(678,'2090131','Những nguyên lý cơ bản của CN Mac-Lênin 1',1,2,9,NULL,1,NULL),(679,'1080011','Hình hoạ',1,2,9,NULL,1,NULL),(680,'3190111','Giải tích 1',1,4,9,NULL,1,NULL),(681,'3060303','Hoá học Đại cương',1,2,9,NULL,1,NULL),(682,'1020691','Tin học Đại cương',1,2,9,NULL,1,NULL),(683,'1020701','TH Tin học đại cương',1,1,9,NULL,1,NULL),(684,'130011','Giáo dục thể chất 1',1,0,9,NULL,1,NULL),(685,'4130501','Anh văn A2.1',1,3,9,NULL,1,NULL),(686,'3050011','Vật lý 1',2,3,9,NULL,1,NULL),(687,'3050651','TN Vật lý',2,1,9,NULL,1,NULL),(688,'3190121','Giải tích 2',2,4,9,NULL,1,NULL),(689,'3190131','Đại số',2,3,9,NULL,1,NULL),(690,'4130311','Anh văn A2.2',2,4,9,NULL,1,NULL),(691,'1080401','Vẽ Kỹ thuật',2,2,9,NULL,1,NULL),(692,'130021','Giáo dục thể chất 2',2,0,9,NULL,1,NULL),(693,'2090101','Tư tưởng Hồ Chí Minh',3,2,9,NULL,1,NULL),(694,'1170011','Môi trường',3,2,9,NULL,1,NULL),(695,'3190041','Xác suất thống kê',3,3,9,NULL,1,NULL),(696,'3050641','Vật lý 2',3,3,9,NULL,1,NULL),(697,'1050931','Kỹ thuật điện',3,2,9,NULL,1,NULL),(698,'1080700','Cơ lý thuyết',3,3,9,NULL,1,NULL),(699,'130031','Giáo dục thể chất 3',3,0,9,NULL,1,NULL),(700,'2090141','Những nguyên lý CB của CN Mac-Lênin 2',4,3,9,NULL,1,NULL),(701,'4130310','Anh văn CN Xây dựng',4,2,9,NULL,1,NULL),(702,'1102062','Nhập môn ngành',4,2,9,NULL,1,NULL),(703,'1040451','Kỹ thuật nhiệt',4,2,9,NULL,1,NULL),(704,'1090382','Vật liệu xây dựng',4,2,9,NULL,1,NULL),(705,'1090980','TN Vật liệu XD',4,1,9,NULL,1,NULL),(706,'1080710','Sức bền vật liệu',4,3,9,NULL,1,NULL),(707,'1080451','TN Sức bền vật liệu',4,0.5,9,NULL,1,NULL),(708,'130041','Giáo dục thể chất 4',4,0,9,NULL,1,NULL),(709,'2090121','Đường lối CM của ĐCS Việt Nam',5,3,9,NULL,1,NULL),(710,'1102060','Toán chuyên ngành XD',5,3,9,NULL,1,NULL),(711,'1090372','Trắc địa',5,2,9,NULL,1,NULL),(712,'1090752','Thực tập Trắc địa',5,1,9,NULL,1,NULL),(713,'1090033','Địa chất công trình',5,2,9,NULL,1,NULL),(714,'1090043','Thực tập Địa chất công trình',5,0.5,9,NULL,1,NULL),(715,'1100022','Cơ học kết cấu 1',5,3,9,NULL,1,NULL),(716,'1111272','Thủy lực',5,2,9,NULL,1,NULL),(717,'1110023','TN Thuỷ lực cơ sở',5,0.5,9,NULL,1,NULL),(718,'130051','Giáo dục thể chất 5',5,0,9,NULL,1,NULL),(719,'1102050','Cơ học kết cấu 2',6,2,9,NULL,1,NULL),(720,'1090970','Cơ học đất',6,2,9,NULL,1,NULL),(721,'1090462','TN Cơ học đất',6,0.5,9,NULL,1,NULL),(722,'1100062','Kết cấu bêtông cốt thép 1',6,3,9,NULL,1,NULL),(723,'1100313','Đồ án Kết cấu bêtông cốt thép 1',6,1,9,NULL,1,NULL),(724,'1102070','Thực tập công nhân',6,2,9,NULL,1,NULL),(725,'1210260','Kiến trúc 1',6,3,9,NULL,1,NULL),(726,'1210280','Đồ án Kiến trúc',6,1,9,NULL,1,NULL),(727,'1100053','Lý thuyết đàn hồi',7,2,9,NULL,1,NULL),(728,'1090990','Nền và Móng',7,2,9,NULL,1,NULL),(729,'1090093','Đồ án Nền và Móng',7,1,9,NULL,1,NULL),(730,'1100102','Kết cấu thép 1',7,2,9,NULL,1,NULL),(731,'1102180','Kết cấu bêtông cốt thép 2',7,2,9,NULL,1,NULL),(732,'1100333','Đồ án Kết cấu bêtông cốt thép 2',7,1,9,NULL,1,NULL),(733,'1170393','Cấp, thoát nước',7,2,9,NULL,1,NULL),(734,'1102080','Máy xây dựng',7,2,9,NULL,1,NULL),(735,'1102090','Phương pháp tính',8,3,9,NULL,1,NULL),(736,'1102100','Kết cấu thép 2',8,3,9,NULL,1,NULL),(737,'1102110','Đồ án Kết cấu thép',8,1,9,NULL,1,NULL),(738,'1102120','Kỹ thuật Thi công',8,3,9,NULL,1,NULL),(739,'1100353','Đồ án Kỹ thuật thi công',8,1,9,NULL,1,NULL),(740,'1210270','Kiến trúc 2',8,2,9,NULL,1,NULL),(741,'1170352','Thông gió',8,2,9,NULL,1,NULL),(742,'1100213','Kết cấu bêtông cốt thép đặc biệt',8,2,9,NULL,1,NULL),(743,'1210293','Quy hoạch Đô thị',8,2,9,NULL,1,NULL),(744,'1180853','Kinh tế xây dựng',9,2,9,NULL,1,NULL),(745,'1100243','Tổ chức thi công',9,3,9,NULL,1,NULL),(746,'1102130','Đồ án Tổ chức thi công',9,1,9,NULL,1,NULL),(747,'1102153','An toàn lao động',9,1,9,NULL,1,NULL),(748,'1101373','Thí nghiệm Công trình',9,1,9,NULL,1,NULL),(749,'1101753','TH Thí nghiệm công trình',9,1,9,NULL,1,NULL),(750,'1102113','Thực tập TN',9,2,9,NULL,1,NULL),(751,'1102183','CN thi công hiện đại',9,2,9,NULL,1,NULL),(752,'1102163','Nhà nhiều tầng',9,2,9,NULL,1,NULL),(753,'1102173','Kết cấu thép đặc biệt',9,2,9,NULL,1,NULL),(754,'1100253','Tin học ứng dụng',9,2,9,NULL,1,NULL),(755,'1100383','Đồ án Tốt nghiệp',10,10,9,NULL,1,NULL),(756,'3190111','Giải tích 1',1,4,11,NULL,1,NULL),(757,'3060031','Hoá học Đại cương',1,3,11,NULL,1,NULL),(758,'1020691','Tin học Đại cương',1,2,11,NULL,1,NULL),(759,'1080011','Hình hoạ',1,2,11,NULL,1,NULL),(760,'4130241','Anh văn 1',1,3,11,NULL,1,NULL),(761,'130011','Giáo dục thể chất 1',1,0,11,NULL,1,NULL),(762,'1020701','TH Tin học đại cương',1,1,11,NULL,1,NULL),(763,'2090131','Những nguyên lý cơ bản của CN Mac-Lênin 1',1,2,11,NULL,1,NULL),(764,'4130280','Anh văn A1 (dự bị)',1,5,11,NULL,1,NULL),(765,'2090141','Những nguyên lý CB của CN Mac-Lênin 2',2,3,11,NULL,1,NULL),(766,'3190121','Giải tích 2',2,4,11,NULL,1,NULL),(767,'3050011','Vật lý 1',2,3,11,NULL,1,NULL),(768,'4130251','Anh văn 2',2,2,11,NULL,1,NULL),(769,'1080401','Vẽ Kỹ thuật',2,2,11,NULL,1,NULL),(770,'1050931','Kỹ thuật điện',2,2,11,NULL,1,NULL),(771,'1050921','TN Kỹ thuật điện',2,0.5,11,NULL,1,NULL),(772,'130021','Giáo dục thể chất 2',2,0,11,NULL,1,NULL),(773,'3190131','Đại số',3,3,11,NULL,1,NULL),(774,'3050021','Vật lý 2',3,2,11,NULL,1,NULL),(775,'3050651','TN Vật lý',3,1,11,NULL,1,NULL),(776,'4130261','Anh văn 3',3,2,11,NULL,1,NULL),(777,'1040451','Kỹ thuật nhiệt',3,2,11,NULL,1,NULL),(778,'1080411','Cơ lý thuyết 1',3,3,11,NULL,1,NULL),(779,'130031','Giáo dục thể chất 3',3,0,11,NULL,1,NULL),(780,'1170011','Môi trường',3,2,11,NULL,1,NULL),(781,'2090121','Đường lối CM của ĐCS Việt Nam',3,3,11,NULL,1,NULL),(782,'1110793','Thuỷ lực cơ sở B',4,2,11,NULL,1,NULL),(783,'1110023','TN Thuỷ lực cơ sở',4,0.5,11,NULL,1,NULL),(784,'3190141','Xác suất thống kê',4,2,11,NULL,1,NULL),(785,'1080421','Cơ lý thuyết 2',4,2,11,NULL,1,NULL),(786,'1080431','Sức bền vật liệu 1',4,3,11,NULL,1,NULL),(787,'1080451','TN Sức bền vật liệu',4,0.5,11,NULL,1,NULL),(788,'1090013','Trắc địa',4,3,11,NULL,1,NULL),(789,'1090752','Thực tập Trắc địa',4,1,11,NULL,1,NULL),(790,'3190153','Toán chuyên đề (X3)',4,2,11,NULL,1,NULL),(791,'130041','Giáo dục thể chất 4',4,0,11,NULL,1,NULL),(792,'2090101','Tư tưởng Hồ Chí Minh',4,2,11,NULL,1,NULL),(793,'1080441','Sức bền vật liệu 2',5,2,11,NULL,1,NULL),(794,'1100022','Cơ học kết cấu 1',5,3,11,NULL,1,NULL),(795,'1090033','Địa chất công trình',5,2,11,NULL,1,NULL),(796,'1090053','Vật liệu xây dựng',5,3,11,NULL,1,NULL),(797,'1090453','TN Vật liệu xây dựng',5,0.5,11,NULL,1,NULL),(798,'1110083','Thuỷ văn 1',5,2,11,NULL,1,NULL),(799,'1090062','Cơ học Đất',5,3,11,NULL,1,NULL),(800,'1090462','TN Cơ học đất',5,0.5,11,NULL,1,NULL),(801,'1090043','Thực tập Địa chất công trình',5,0.5,11,NULL,1,NULL),(802,'130051','Giáo dục thể chất 5',5,0,11,NULL,1,NULL),(803,'1100042','Cơ học kết cấu 2',6,3,11,NULL,1,NULL),(804,'1100053','Lý thuyết đàn hồi',6,2,11,NULL,1,NULL),(805,'1090072','Các phương pháp số (X3)',6,2,11,NULL,1,NULL),(806,'1100062','Kết cấu bêtông cốt thép 1',6,3,11,NULL,1,NULL),(807,'1100313','Đồ án Kết cấu bêtông cốt thép 1',6,1,11,NULL,1,NULL),(808,'1090082','Nền và Móng',6,3,11,NULL,1,NULL),(809,'1090093','Đồ án Nền và Móng',6,1,11,NULL,1,NULL),(810,'1090103','Thực tập Công nhân',6,2,11,NULL,1,NULL),(811,'1080322','Ổn định công trình',7,2,11,NULL,1,NULL),(812,'1090473','TK Hình học & KS TK đường ôtô',7,3,11,NULL,1,NULL),(813,'1100102','Kết cấu thép 1',7,2,11,NULL,1,NULL),(814,'1080302','Động lực học Công trình',7,2,11,NULL,1,NULL),(815,'1100123','Máy xây dựng',7,3,11,NULL,1,NULL),(816,'1180012','Kinh tế xây dựng',7,2,11,NULL,1,NULL),(817,'1090123','Đồ án Thiết kế đường ôtô',7,1.5,11,NULL,1,NULL),(818,'1090133','Thiết kế Cầu bê tông CT',7,4,11,NULL,1,NULL),(819,'1090143','Đồ án Thiết kế cầu bêtông CT',7,1.5,11,NULL,1,NULL),(820,'4130201','Anh văn CN Cầu Đường',7,3,11,NULL,1,NULL),(821,'1090293','Tổ chức Quản lý thi công',8,2,11,NULL,1,NULL),(822,'1090483','TK NM đường & LCHQKT đường ôtô',8,3,11,NULL,1,NULL),(823,'1090173','Thiết kế Cầu thép',8,3,11,NULL,1,NULL),(824,'1090183','Đồ án Thiết kế cầu thép',8,1,11,NULL,1,NULL),(825,'1090243','Tin học ƯD trong Thiết kế cầu',8,1,11,NULL,1,NULL),(826,'1090493','TH ƯD Tin học trong TK cầu',8,1,11,NULL,1,NULL),(827,'1090153','Mỹ học Cầu đường',8,2,11,NULL,1,NULL),(828,'1090193','Xây dựng Nền đường ôtô',8,3,11,NULL,1,NULL),(829,'1090203','Đồ án Nền đường',8,1.5,11,NULL,1,NULL),(830,'1090223','Thực tập Nhận thức',8,1,11,NULL,1,NULL),(831,'1090253','Xây dựng Mặt đường ôtô',9,2,11,NULL,1,NULL),(832,'1090263','Đồ án Xây dựng Mặt đường ôtô',9,1,11,NULL,1,NULL),(833,'1090273','Xây dựng Cầu',9,4,11,NULL,1,NULL),(834,'1090283','Đồ án Xây dựng Cầu',9,1.5,11,NULL,1,NULL),(835,'1090303','Khai thác & Thí nghiệm Đường ôtô',9,1,11,NULL,1,NULL),(836,'1090423','TH Khai thác & TN Đường',9,1,11,NULL,1,NULL),(837,'1090313','Khai thác & Thí nghiệm Cầu',9,1,11,NULL,1,NULL),(838,'1090433','TH Khai thác & TN Cầu',9,1,11,NULL,1,NULL),(839,'1090323','Chuyên đề Cầu',9,2,11,NULL,1,NULL),(840,'1090333','Chuyên đề Đường & GT đô thị',9,2,11,NULL,1,NULL),(841,'1090233','Tin học ƯD trong Thiết kế đường ôtô',9,1,11,NULL,1,NULL),(842,'1090513','TH Tin học TK đường ôtô',9,1,11,NULL,1,NULL),(843,'1090343','An toàn lao động',9,2,11,NULL,1,NULL),(844,'1090353','Thực tập Tốt nghiệp',10,3,11,NULL,1,NULL),(845,'1090363','Đồ án Tốt nghiệp',10,10,11,NULL,1,NULL),(846,'3190111','Giải tích 1',1,4,12,NULL,1,NULL),(847,'3060031','Hoá học Đại cương',1,3,12,NULL,1,NULL),(848,'1020691','Tin học Đại cương',1,2,12,NULL,1,NULL),(849,'1020701','TH Tin học đại cương',1,1,12,NULL,1,NULL),(850,'1080011','Hình hoạ',1,2,12,NULL,1,NULL),(851,'4130241','Anh văn 1',1,3,12,NULL,1,NULL),(852,'130011','Giáo dục thể chất 1',1,0,12,NULL,1,NULL),(853,'2090131','Những nguyên lý cơ bản của CN Mac-Lênin 1',1,2,12,NULL,1,NULL),(854,'4130280','Anh văn A1 (dự bị)',1,5,12,NULL,1,NULL),(855,'2090141','Những nguyên lý CB của CN Mac-Lênin 2',2,3,12,NULL,1,NULL),(856,'3190121','Giải tích 2',2,4,12,NULL,1,NULL),(857,'3050011','Vật lý 1',2,3,12,NULL,1,NULL),(858,'4130251','Anh văn 2',2,2,12,NULL,1,NULL),(859,'1080401','Vẽ Kỹ thuật',2,2,12,NULL,1,NULL),(860,'1050931','Kỹ thuật điện',2,2,12,NULL,1,NULL),(861,'1050921','TN Kỹ thuật điện',2,0.5,12,NULL,1,NULL),(862,'1170011','Môi trường',2,2,12,NULL,1,NULL),(863,'130021','Giáo dục thể chất 2',2,0,12,NULL,1,NULL),(864,'3190131','Đại số',3,3,12,NULL,1,NULL),(865,'3050021','Vật lý 2',3,2,12,NULL,1,NULL),(866,'3050651','TN Vật lý',3,1,12,NULL,1,NULL),(867,'4130261','Anh văn 3',3,2,12,NULL,1,NULL),(868,'1040451','Kỹ thuật nhiệt',3,2,12,NULL,1,NULL),(869,'1080411','Cơ lý thuyết 1',3,3,12,NULL,1,NULL),(870,'1080472','Vẽ Kỹ thuật Xây dựng',3,1,12,NULL,1,NULL),(871,'1080482','AutoCAD',3,1,12,NULL,1,NULL),(872,'130031','Giáo dục thể chất 3',3,0,12,NULL,1,NULL),(873,'2090121','Đường lối CM của ĐCS Việt Nam',3,3,12,NULL,1,NULL),(874,'1110793','Thuỷ lực cơ sở B',4,2,12,NULL,1,NULL),(875,'1110023','TN Thuỷ lực cơ sở',4,0.5,12,NULL,1,NULL),(876,'3190141','Xác suất thống kê',4,2,12,NULL,1,NULL),(877,'1080421','Cơ lý thuyết 2',4,2,12,NULL,1,NULL),(878,'1080431','Sức bền vật liệu 1',4,3,12,NULL,1,NULL),(879,'1080451','TN Sức bền vật liệu',4,0.5,12,NULL,1,NULL),(880,'1090013','Trắc địa',4,3,12,NULL,1,NULL),(881,'1090752','Thực tập Trắc địa',4,1,12,NULL,1,NULL),(882,'1090033','Địa chất công trình',4,2,12,NULL,1,NULL),(883,'1090043','Thực tập Địa chất công trình',4,0.5,12,NULL,1,NULL),(884,'130041','Giáo dục thể chất 4',4,0,12,NULL,1,NULL),(885,'2090101','Tư tưởng Hồ Chí Minh',4,2,12,NULL,1,NULL),(886,'1080441','Sức bền vật liệu 2',5,2,12,NULL,1,NULL),(887,'1100022','Cơ học kết cấu 1',5,3,12,NULL,1,NULL),(888,'1090053','Vật liệu xây dựng',5,3,12,NULL,1,NULL),(889,'1090453','TN Vật liệu xây dựng',5,0.5,12,NULL,1,NULL),(890,'1090062','Cơ học Đất',5,3,12,NULL,1,NULL),(891,'1090462','TN Cơ học đất',5,0.5,12,NULL,1,NULL),(892,'1100033','Kiến trúc Dân dụng',5,3,12,NULL,1,NULL),(893,'4130043','Anh văn CN Vật liệu xây dựng',5,3,12,NULL,1,NULL),(894,'130051','Giáo dục thể chất 5',5,0,12,NULL,1,NULL),(895,'1100042','Cơ học kết cấu 2',6,3,12,NULL,1,NULL),(896,'1100053','Lý thuyết đàn hồi',6,2,12,NULL,1,NULL),(897,'1100062','Kết cấu bêtông cốt thép 1',6,3,12,NULL,1,NULL),(898,'1100313','Đồ án Kết cấu bêtông cốt thép 1',6,1,12,NULL,1,NULL),(899,'1100093','Kiến trúc Công nghiệp',6,3,12,NULL,1,NULL),(900,'1100323','Đồ án Kiến trúc công nghiệp',6,1,12,NULL,1,NULL),(901,'1090533','Thực tập Công nhân (VLXD)',6,3,12,NULL,1,NULL),(902,'1090523','Toán chuyên đề (QHTN) VLXD',7,2,12,NULL,1,NULL),(903,'1090082','Nền và Móng',7,3,12,NULL,1,NULL),(904,'1090093','Đồ án Nền và Móng',7,1,12,NULL,1,NULL),(905,'1100102','Kết cấu thép 1',7,2,12,NULL,1,NULL),(906,'1100123','Máy xây dựng',7,3,12,NULL,1,NULL),(907,'1100072','Kết cấu bêtông 2 + Gạch đá',7,3,12,NULL,1,NULL),(908,'1090543','Thiết bị Nhiệt trong CN VLXD',7,3,12,NULL,1,NULL),(909,'1090553','Đồ án TB Nhiệt trong CN VLXD',7,1,12,NULL,1,NULL),(910,'1090563','Công trình Giao thông',7,2,12,NULL,1,NULL),(911,'1090113','Hoá lý kỹ thuật',7,3,12,NULL,1,NULL),(912,'1100183','Kỹ thuật Thi công 1',8,3,12,NULL,1,NULL),(913,'1090573','Máy & Thiết bị sản xuất VLXD',8,3,12,NULL,1,NULL),(914,'1090583','Đồ án Máy & Thiết bị sản xuất VLXD',8,1,12,NULL,1,NULL),(915,'1090593','Công nghệ bêtông 1',8,3,12,NULL,1,NULL),(916,'1090603','TN Công nghệ bêtông',8,1,12,NULL,1,NULL),(917,'1090613','Kỹ thuật sản xuất Chất kết dính',8,3,12,NULL,1,NULL),(918,'1090623','Đồ án KT sản xuất Chất kết dính',8,1,12,NULL,1,NULL),(919,'1090633','Công nghệ bêtông nhựa',8,1,12,NULL,1,NULL),(920,'1090643','TN C.Nghệ bêtông nhựa',8,1,12,NULL,1,NULL),(921,'1090223','Thực tập Nhận thức',8,1,12,NULL,1,NULL),(922,'1090653','Công nghệ bêtông 2',9,3,12,NULL,1,NULL),(923,'1090663','Đồ án Công nghệ bêtông 2',9,2,12,NULL,1,NULL),(924,'1180023','Kinh tế Ngành Vật liệu xây dựng',9,2,12,NULL,1,NULL),(925,'1090343','An toàn lao động',9,2,12,NULL,1,NULL),(926,'1090673','Công nghệ Gốm xây dựng',9,3,12,NULL,1,NULL),(927,'1090683','Đồ án Công nghệ Gốm',9,1,12,NULL,1,NULL),(928,'1090693','TN Gốm xây dựng',9,0.5,12,NULL,1,NULL),(929,'1090703','Vật liệu mới trong Xây dựng',9,2,12,NULL,1,NULL),(930,'1090713','Kiểm định & Thử nghiệm công trình',9,2,12,NULL,1,NULL),(931,'1090733','Tự chọn',9,2,12,NULL,1,NULL),(932,'1090353','Thực tập Tốt nghiệp',10,3,12,NULL,1,NULL),(933,'1090363','Đồ án Tốt nghiệp',10,10,12,NULL,1,NULL),(934,'2090131','Những nguyên lý cơ bản của CN Mac-Lênin 1',1,2,13,NULL,1,NULL),(935,'3190111','Giải tích 1',1,4,13,NULL,1,NULL),(936,'3060303','Hoá học Đại cương',1,2,13,NULL,1,NULL),(937,'1020691','Tin học Đại cương',1,2,13,NULL,1,NULL),(938,'1020701','TH Tin học đại cương',1,1,13,NULL,1,NULL),(939,'1080011','Hình hoạ',1,2,13,NULL,1,NULL),(940,'130011','Giáo dục thể chất 1',1,0,13,NULL,1,NULL),(941,'4130501','Anh văn A2.1',1,3,13,NULL,1,NULL),(942,'3190121','Giải tích 2',2,4,13,NULL,1,NULL),(943,'3190131','Đại số',2,3,13,NULL,1,NULL),(944,'3050011','Vật lý 1',2,3,13,NULL,1,NULL),(945,'3050651','TN Vật lý',2,1,13,NULL,1,NULL),(946,'4130311','Anh văn A2.2',2,4,13,NULL,1,NULL),(947,'1080401','Vẽ Kỹ thuật',2,2,13,NULL,1,NULL),(948,'130021','Giáo dục thể chất 2',2,0,13,NULL,1,NULL),(949,'2090101','Tư tưởng Hồ Chí Minh',3,2,13,NULL,1,NULL),(950,'3190041','Xác suất thống kê',3,3,13,NULL,1,NULL),(951,'3050641','Vật lý 2',3,3,13,NULL,1,NULL),(952,'1050931','Kỹ thuật điện',3,2,13,NULL,1,NULL),(953,'1170011','Môi trường',3,2,13,NULL,1,NULL),(954,'1080700','Cơ lý thuyết',3,3,13,NULL,1,NULL),(955,'130031','Giáo dục thể chất 3',3,0,13,NULL,1,NULL),(956,'2090141','Những nguyên lý CB của CN Mac-Lênin 2',4,3,13,NULL,1,NULL),(957,'1040451','Kỹ thuật nhiệt',4,2,13,NULL,1,NULL),(958,'1111272','Thủy lực',4,2,13,NULL,1,NULL),(959,'1110023','TN Thuỷ lực cơ sở',4,0.5,13,NULL,1,NULL),(960,'1080710','Sức bền vật liệu',4,3,13,NULL,1,NULL),(961,'1090372','Trắc địa',4,2,13,NULL,1,NULL),(962,'1090752','Thực tập Trắc địa',4,1,13,NULL,1,NULL),(963,'1091012','Phương pháp tính',4,3,13,NULL,1,NULL),(964,'130041','Giáo dục thể chất 4',4,0,13,NULL,1,NULL),(965,'2090121','Đường lối CM của ĐCS Việt Nam',5,3,13,NULL,1,NULL),(966,'1110083','Thuỷ văn 1',5,2,13,NULL,1,NULL),(967,'1100022','Cơ học kết cấu 1',5,3,13,NULL,1,NULL),(968,'1090033','Địa chất công trình',5,2,13,NULL,1,NULL),(969,'1090043','Thực tập Địa chất công trình',5,0.5,13,NULL,1,NULL),(970,'1090382','Vật liệu xây dựng',5,2,13,NULL,1,NULL),(971,'1090980','TN Vật liệu XD',5,1,13,NULL,1,NULL),(972,'1090970','Cơ học đất',5,2,13,NULL,1,NULL),(973,'1090462','TN Cơ học đất',5,0.5,13,NULL,1,NULL),(974,'130051','Giáo dục thể chất 5',5,0,13,NULL,1,NULL),(975,'1091022','Toán chuyên ngành',6,3,13,NULL,1,NULL),(976,'1102050','Cơ học kết cấu 2',6,2,13,NULL,1,NULL),(977,'1100062','Kết cấu bêtông cốt thép 1',6,3,13,NULL,1,NULL),(978,'1100313','Đồ án Kết cấu bêtông cốt thép 1',6,1,13,NULL,1,NULL),(979,'1090990','Nền và Móng',6,2,13,NULL,1,NULL),(980,'1090093','Đồ án Nền và Móng',6,1,13,NULL,1,NULL),(981,'1090103','Thực tập Công nhân',6,2,13,NULL,1,NULL),(982,'1091013','Tổng quan về công trình cầu',6,2,13,NULL,1,NULL),(983,'1091300','Đồ án Lập dự án công trình cầu',6,1,13,NULL,1,NULL),(984,'1180853','Kinh tế xây dựng',7,2,13,NULL,1,NULL),(985,'1091000','Nhập môn ngành XDCĐ',7,2,13,NULL,1,NULL),(986,'1090473','TK Hình học & KS TK đường ôtô',7,3,13,NULL,1,NULL),(987,'1091023','Đồ án TK Hình học đường ô tô',7,1,13,NULL,1,NULL),(988,'1100102','Kết cấu thép 1',7,2,13,NULL,1,NULL),(989,'1102080','Máy xây dựng',7,2,13,NULL,1,NULL),(990,'1091033','Cầu bê tông cốt thép',7,3,13,NULL,1,NULL),(991,'1091020','Đồ án Cầu bê tông cốt thép',7,1,13,NULL,1,NULL),(992,'1091043','Thiết kế Nền Mặt đường',8,3,13,NULL,1,NULL),(993,'1091053','Đồ án TK Nền Mặt đường',8,1,13,NULL,1,NULL),(994,'1091063','Mố & Trụ cầu',8,3,13,NULL,1,NULL),(995,'1091073','Đồ án Mố & Trụ cầu',8,1,13,NULL,1,NULL),(996,'4130143','Anh văn CN Cầu Đường',8,2,13,NULL,1,NULL),(997,'1091083','Thi công Nền đường',8,3,13,NULL,1,NULL),(998,'1091093','Đồ án Thi công Nền đường',8,1,13,NULL,1,NULL),(999,'1090173','Thiết kế Cầu thép',9,3,13,NULL,1,NULL),(1000,'1090183','Đồ án Thiết kế cầu thép',9,1,13,NULL,1,NULL),(1001,'1091103','Thi công Mặt đường',9,2,13,NULL,1,NULL),(1002,'1091113','Đồ án Thi công Mặt đường',9,1,13,NULL,1,NULL),(1003,'1091163','Khai thác & TN Đường',9,2,13,NULL,1,NULL),(1004,'1091173','Thí nghiệm Đường',9,0.5,13,NULL,1,NULL),(1005,'1091183','Giao thông đô thị & TK Đường phố',9,2,13,NULL,1,NULL),(1006,'1091133','Thực tập TN Đường',9,2,13,NULL,1,NULL),(1007,'1091143','Khai thác & TN Cầu',9,2,13,NULL,1,NULL),(1008,'1091153','Thí nghiệm Cầu',9,0.5,13,NULL,1,NULL),(1009,'1090323','Chuyên đề Cầu',9,2,13,NULL,1,NULL),(1010,'1091123','Thực tập TN Cầu',9,2,13,NULL,1,NULL),(1011,'1090363','Đồ án Tốt nghiệp',10,10,13,NULL,1,NULL),(1012,'1020691','Tin học Đại cương',1,2,14,NULL,1,NULL),(1013,'1020701','TH Tin học đại cương',1,1,14,NULL,1,NULL),(1014,'1080011','Hình hoạ',1,2,14,NULL,1,NULL),(1015,'3190111','Giải tích 1',1,4,14,NULL,1,NULL),(1016,'2090131','Những nguyên lý cơ bản của CN Mac-Lênin 1',1,2,14,NULL,1,NULL),(1017,'130011','Giáo dục thể chất 1',1,0,14,NULL,1,NULL),(1018,'3060303','Hoá học Đại cương',1,2,14,NULL,1,NULL),(1019,'4130501','Anh văn A2.1',1,3,14,NULL,1,NULL),(1020,'3190131','Đại số',2,3,14,NULL,1,NULL),(1021,'3190121','Giải tích 2',2,4,14,NULL,1,NULL),(1022,'3050011','Vật lý 1',2,3,14,NULL,1,NULL),(1023,'3050651','TN Vật lý',2,1,14,NULL,1,NULL),(1024,'4130311','Anh văn A2.2',2,4,14,NULL,1,NULL),(1025,'130021','Giáo dục thể chất 2',2,0,14,NULL,1,NULL),(1026,'2090141','Những nguyên lý CB của CN Mac-Lênin 2',2,3,14,NULL,1,NULL),(1027,'2090101','Tư tưởng Hồ Chí Minh',3,2,14,NULL,1,NULL),(1028,'1170011','Môi trường',3,2,14,NULL,1,NULL),(1029,'1040451','Kỹ thuật nhiệt',3,2,14,NULL,1,NULL),(1030,'1080401','Vẽ Kỹ thuật',3,2,14,NULL,1,NULL),(1031,'1080700','Cơ lý thuyết',3,3,14,NULL,1,NULL),(1032,'3050641','Vật lý 2',3,3,14,NULL,1,NULL),(1033,'130031','Giáo dục thể chất 3',3,0,14,NULL,1,NULL),(1034,'2090121','Đường lối CM của ĐCS Việt Nam',4,3,14,NULL,1,NULL),(1035,'3190041','Xác suất thống kê',4,3,14,NULL,1,NULL),(1036,'1050931','Kỹ thuật điện',4,2,14,NULL,1,NULL),(1037,'1111272','Thủy lực',4,2,14,NULL,1,NULL),(1038,'1080710','Sức bền vật liệu',4,3,14,NULL,1,NULL),(1039,'1080451','TN Sức bền vật liệu',4,0.5,14,NULL,1,NULL),(1040,'1090372','Trắc địa',4,2,14,NULL,1,NULL),(1041,'1090752','Thực tập Trắc địa',4,1,14,NULL,1,NULL),(1042,'130041','Giáo dục thể chất 4',4,0,14,NULL,1,NULL),(1043,'3190052','Phương pháp tính',5,3,14,NULL,1,NULL),(1044,'1090382','Vật liệu xây dựng',5,2,14,NULL,1,NULL),(1045,'1090980','TN Vật liệu XD',5,1,14,NULL,1,NULL),(1046,'1090033','Địa chất công trình',5,2,14,NULL,1,NULL),(1047,'1090043','Thực tập Địa chất công trình',5,0.5,14,NULL,1,NULL),(1048,'1100022','Cơ học kết cấu 1',5,3,14,NULL,1,NULL),(1049,'1090970','Cơ học đất',5,2,14,NULL,1,NULL),(1050,'1090462','TN Cơ học đất',5,0.5,14,NULL,1,NULL),(1051,'4130310','Anh văn CN Xây dựng',5,2,14,NULL,1,NULL),(1052,'130051','Giáo dục thể chất 5',5,0,14,NULL,1,NULL),(1053,'1102050','Cơ học kết cấu 2',6,2,14,NULL,1,NULL),(1054,'1210260','Kiến trúc 1',6,3,14,NULL,1,NULL),(1055,'1210280','Đồ án Kiến trúc',6,1,14,NULL,1,NULL),(1056,'1100062','Kết cấu bêtông cốt thép 1',6,3,14,NULL,1,NULL),(1057,'1100313','Đồ án Kết cấu bêtông cốt thép 1',6,1,14,NULL,1,NULL),(1058,'1091180','Thực tập công nhân VLXD',6,2,14,NULL,1,NULL),(1059,'1091320','Toán chuyên ngành (QHTN)',6,3,14,NULL,1,NULL),(1060,'1091210','Nhập môn ngành VLXD',7,2,14,NULL,1,NULL),(1061,'1090990','Nền và Móng',7,2,14,NULL,1,NULL),(1062,'1090093','Đồ án Nền và Móng',7,1,14,NULL,1,NULL),(1063,'1102080','Máy xây dựng',7,2,14,NULL,1,NULL),(1064,'1091190','Hóa lý kỹ thuật',7,2,14,NULL,1,NULL),(1065,'1091200','Thiết bị nhiệt sản xuất VLXD',7,2,14,NULL,1,NULL),(1066,'1090553','Đồ án TB Nhiệt trong CN VLXD',7,1,14,NULL,1,NULL),(1067,'1090563','Công trình Giao thông',7,2,14,NULL,1,NULL),(1068,'1100102','Kết cấu thép 1',7,2,14,NULL,1,NULL),(1069,'1091220','Máy & Thiết bị sản xuất VLXD',8,2,14,NULL,1,NULL),(1070,'1090583','Đồ án Máy & Thiết bị sản xuất VLXD',8,1,14,NULL,1,NULL),(1071,'1090613','Kỹ thuật sản xuất Chất kết dính',8,3,14,NULL,1,NULL),(1072,'1090623','Đồ án KT sản xuất Chất kết dính',8,1,14,NULL,1,NULL),(1073,'1091230','Lý thuyết Bê tông',8,2,14,NULL,1,NULL),(1074,'1091240','Thí nghiệm Bê tông',8,1,14,NULL,1,NULL),(1075,'1102120','Kỹ thuật Thi công',8,3,14,NULL,1,NULL),(1076,'1090773','Vật liệu thuỷ tinh Xây dựng',8,2,14,NULL,1,NULL),(1077,'1090633','Công nghệ bêtông nhựa',8,1,14,NULL,1,NULL),(1078,'1090643','TN C.Nghệ bêtông nhựa',8,1,14,NULL,1,NULL),(1079,'1090763','Vật liệu cách nhiệt - VL hoàn thiện',8,2,14,NULL,1,NULL),(1080,'1180853','Kinh tế xây dựng',9,2,14,NULL,1,NULL),(1081,'1090673','Công nghệ Gốm xây dựng',9,3,14,NULL,1,NULL),(1082,'1090683','Đồ án Công nghệ Gốm',9,1,14,NULL,1,NULL),(1083,'1091250','Đồ án Công nghệ Bê tông',9,1,14,NULL,1,NULL),(1084,'1090693','TN Gốm xây dựng',9,0.5,14,NULL,1,NULL),(1085,'1091260','Kiểm định & TN công trình',9,1,14,NULL,1,NULL),(1086,'1091270','Thực tập Tốt nghiệp VLXD',9,2,14,NULL,1,NULL),(1087,'1090213','Chống xâm thực bêtông',9,2,14,NULL,1,NULL),(1088,'1091280','Công nghệ Bê tông nhẹ',9,2,14,NULL,1,NULL),(1089,'1091310','Công nghệ bêtông',9,3,14,NULL,1,NULL),(1090,'1090803','Đồ án Tốt nghiệp (VLXD)',10,10,14,NULL,1,NULL),(1091,'1020691','Tin học Đại cương',1,2,17,NULL,1,NULL),(1092,'1020701','TH Tin học đại cương',1,1,17,NULL,1,NULL),(1093,'1080011','Hình hoạ',1,2,17,NULL,1,NULL),(1094,'3190111','Giải tích 1',1,4,17,NULL,1,NULL),(1095,'2090131','Những nguyên lý cơ bản của CN Mac-Lênin 1',1,2,17,NULL,1,NULL),(1096,'3060303','Hoá học Đại cương',1,2,17,NULL,1,NULL),(1097,'130011','Giáo dục thể chất 1',1,0,17,NULL,1,NULL),(1098,'4130501','Anh văn A2.1',1,3,17,NULL,1,NULL),(1099,'3190121','Giải tích 2',2,4,17,NULL,1,NULL),(1100,'3190131','Đại số',2,3,17,NULL,1,NULL),(1101,'3050011','Vật lý 1',2,3,17,NULL,1,NULL),(1102,'4130311','Anh văn A2.2',2,4,17,NULL,1,NULL),(1103,'2090141','Những nguyên lý CB của CN Mac-Lênin 2',2,3,17,NULL,1,NULL),(1104,'130021','Giáo dục thể chất 2',2,0,17,NULL,1,NULL),(1105,'2090101','Tư tưởng Hồ Chí Minh',3,2,17,NULL,1,NULL),(1106,'3190041','Xác suất thống kê',3,3,17,NULL,1,NULL),(1107,'3050641','Vật lý 2',3,3,17,NULL,1,NULL),(1108,'3050651','TN Vật lý',3,1,17,NULL,1,NULL),(1109,'1050931','Kỹ thuật điện',3,2,17,NULL,1,NULL),(1110,'1050921','TN Kỹ thuật điện',3,0.5,17,NULL,1,NULL),(1111,'1040451','Kỹ thuật nhiệt',3,2,17,NULL,1,NULL),(1112,'1170011','Môi trường',3,2,17,NULL,1,NULL),(1113,'1080640','Nhập môn ngành',3,2,17,NULL,1,NULL),(1114,'130031','Giáo dục thể chất 3',3,0,17,NULL,1,NULL),(1115,'2090121','Đường lối CM của ĐCS Việt Nam',4,3,17,NULL,1,NULL),(1116,'3190180','Phương pháp tính (SPKT)',4,3,17,NULL,1,NULL),(1117,'1060063','Trường điện từ',4,2,17,NULL,1,NULL),(1118,'1060023','Lý thuyết Mạch điện tử 1',4,3,17,NULL,1,NULL),(1119,'1060013','Cấu kiện Điện tử',4,3,17,NULL,1,NULL),(1120,'1060033','TN Cấu kiện điện tử',4,1,17,NULL,1,NULL),(1121,'1061170','Toán chuyên ngành',4,3,17,NULL,1,NULL),(1122,'1080401','Vẽ Kỹ thuật',4,2,17,NULL,1,NULL),(1123,'130041','Giáo dục thể chất 4',4,0,17,NULL,1,NULL),(1124,'1060043','Lý thuyết Mạch điện tử 2',5,3,17,NULL,1,NULL),(1125,'1060742','Kỹ thuật Mạch điện tử 1',5,3,17,NULL,1,NULL),(1126,'3080043','Tâm lý học',5,2,17,NULL,1,NULL),(1127,'1061190','Tín hiệu & Hệ thống',5,3,17,NULL,1,NULL),(1128,'1061200','TN Tín hiệu & Hệ thống',5,1,17,NULL,1,NULL),(1129,'1061220','Kỹ thuật lập trình',5,2,17,NULL,1,NULL),(1130,'1060223','Cấu trúc dữ liệu',5,2,17,NULL,1,NULL),(1131,'3080053','Giáo dục học',5,2,17,NULL,1,NULL),(1132,'130051','Giáo dục thể chất 5',5,0,17,NULL,1,NULL),(1133,'1060752','Kỹ thuật Mạch điện tử 2',6,3,17,NULL,1,NULL),(1134,'1060972','TN Kỹ thuật mạch điện tử',6,1,17,NULL,1,NULL),(1135,'1061180','Kỹ thuật số',6,3,17,NULL,1,NULL),(1136,'1060103','TN Kỹ thuật số',6,1,17,NULL,1,NULL),(1137,'3080063','Lý luận dạy học',6,2,17,NULL,1,NULL),(1138,'1061513','Thực tập CS ngành ĐT (SK)',6,1,17,NULL,1,NULL),(1139,'1061230','Tổ chức máy tính',6,3,17,NULL,1,NULL),(1140,'1060162','Kỹ thuật Vi xử lý',7,3,17,NULL,1,NULL),(1141,'1061463','TN KT Vi xử lý',7,1,17,NULL,1,NULL),(1142,'1080102','P. pháp giảng dạy môn kỹ thuật',7,3,17,NULL,1,NULL),(1143,'4130053','Anh văn CN Sư phạm KTCN',7,3,17,NULL,1,NULL),(1144,'1061300','Thực tập công nhân ĐT',7,2.5,17,NULL,1,NULL),(1145,'1060832','Kỹ thuật Vi điều khiển',8,2,17,NULL,1,NULL),(1146,'1061520','Đồ án KT vi điều khiển',8,2,17,NULL,1,NULL),(1147,'1060852','Đồ án KT mạch điện tử',8,2,17,NULL,1,NULL),(1148,'1020292','Mạng máy tính',8,2,17,NULL,1,NULL),(1149,'1060822','Điện tử ứng dụng',8,2,17,NULL,1,NULL),(1150,'1080132','Thực tập Sư phạm',8,1.5,17,NULL,1,NULL),(1151,'1061530','Thực tập tốt nghiệp (ĐT-T)',9,2,17,NULL,1,NULL),(1152,'1061540','Đồ án Tốt nghiệp (ĐT-T)',9,10,17,NULL,1,NULL),(1153,'1020691','Tin học Đại cương',1,2,18,NULL,1,NULL),(1154,'1020701','TH Tin học đại cương',1,1,18,NULL,1,NULL),(1155,'1080011','Hình hoạ',1,2,18,NULL,1,NULL),(1156,'3190111','Giải tích 1',1,4,18,NULL,1,NULL),(1157,'2090131','Những nguyên lý cơ bản của CN Mac-Lênin 1',1,2,18,NULL,1,NULL),(1158,'4130241','Anh văn 1',1,3,18,NULL,1,NULL),(1159,'3060303','Hoá học Đại cương',1,2,18,NULL,1,NULL),(1160,'130011','Giáo dục thể chất 1',1,0,18,NULL,1,NULL),(1161,'3190121','Giải tích 2',2,4,18,NULL,1,NULL),(1162,'3190131','Đại số',2,3,18,NULL,1,NULL),(1163,'3050011','Vật lý 1',2,3,18,NULL,1,NULL),(1164,'3050651','TN Vật lý',2,1,18,NULL,1,NULL),(1165,'4130311','Anh văn A2.2',2,4,18,NULL,1,NULL),(1166,'2090141','Những nguyên lý CB của CN Mac-Lênin 2',2,3,18,NULL,1,NULL),(1167,'130021','Giáo dục thể chất 2',2,0,18,NULL,1,NULL),(1168,'2090101','Tư tưởng Hồ Chí Minh',3,2,18,NULL,1,NULL),(1169,'3190041','Xác suất thống kê',3,3,18,NULL,1,NULL),(1170,'3050641','Vật lý 2',3,3,18,NULL,1,NULL),(1171,'1080640','Nhập môn ngành',3,2,18,NULL,1,NULL),(1172,'1040451','Kỹ thuật nhiệt',3,2,18,NULL,1,NULL),(1173,'1170011','Môi trường',3,2,18,NULL,1,NULL),(1174,'130031','Giáo dục thể chất 3',3,0,18,NULL,1,NULL),(1175,'1050931','Kỹ thuật điện',3,2,18,NULL,1,NULL),(1176,'1050921','TN Kỹ thuật điện',3,0.5,18,NULL,1,NULL),(1177,'2090121','Đường lối CM của ĐCS Việt Nam',4,3,18,NULL,1,NULL),(1178,'1061170','Toán chuyên ngành',4,3,18,NULL,1,NULL),(1179,'1080401','Vẽ Kỹ thuật',4,2,18,NULL,1,NULL),(1180,'1051363','Lý thuyết Mạch điện 1',4,2,18,NULL,1,NULL),(1181,'1050953','TN Lý thuyết mạch điện 1',4,0.5,18,NULL,1,NULL),(1182,'3080043','Tâm lý học',4,2,18,NULL,1,NULL),(1183,'1060742','Kỹ thuật Mạch điện tử 1',4,3,18,NULL,1,NULL),(1184,'130041','Giáo dục thể chất 4',4,0,18,NULL,1,NULL),(1185,'130051','Giáo dục thể chất 5',5,0,18,NULL,1,NULL),(1186,'1051373','Lý thuyết Mạch điện 2',5,2,18,NULL,1,NULL),(1187,'1050983','TN Lý thuyết mạch điện 2',5,0.5,18,NULL,1,NULL),(1188,'1051383','Máy điện 1',5,2,18,NULL,1,NULL),(1189,'1050993','TN Máy điện 1',5,0.5,18,NULL,1,NULL),(1190,'1050073','Lý thuyết Điều khiển tự động 1',5,3,18,NULL,1,NULL),(1191,'1051453','Kỹ thuật đo lường',5,2,18,NULL,1,NULL),(1192,'1051003','TN Kỹ thuật đo lường',5,0.5,18,NULL,1,NULL),(1193,'1050153','Điện tử công suất',5,3,18,NULL,1,NULL),(1194,'1051023','TN Điện tử công suất',5,0.5,18,NULL,1,NULL),(1195,'1051433','Kỹ thuật cao áp & Vật liệu điện',5,3,18,NULL,1,NULL),(1196,'1051403','An toàn điện',5,1,18,NULL,1,NULL),(1197,'1051393','Máy điện 2',6,2,18,NULL,1,NULL),(1198,'1051033','TN Máy điện 2',6,0.5,18,NULL,1,NULL),(1199,'1050113','Đồ án Máy điện',6,2,18,NULL,1,NULL),(1200,'1051413','Thiết bị điện',6,2,18,NULL,1,NULL),(1201,'3080053','Giáo dục học',6,2,18,NULL,1,NULL),(1202,'1050183','Đồ án Điện tử công suất',6,2,18,NULL,1,NULL),(1203,'1050233','Mạng điện',6,3,18,NULL,1,NULL),(1204,'1051143','TN Mạng điện',6,0.5,18,NULL,1,NULL),(1205,'1050223','Ngắn mạch trong Hệ thống điện',6,2,18,NULL,1,NULL),(1206,'1051423','Truyền động điện',6,2,18,NULL,1,NULL),(1207,'1060752','Kỹ thuật Mạch điện tử 2',7,3,18,NULL,1,NULL),(1208,'1060972','TN Kỹ thuật mạch điện tử',7,1,18,NULL,1,NULL),(1209,'1080102','P. pháp giảng dạy môn kỹ thuật',7,3,18,NULL,1,NULL),(1210,'4130053','Anh văn CN Sư phạm KTCN',7,3,18,NULL,1,NULL),(1211,'1051650','Điều khiển logic',7,2,18,NULL,1,NULL),(1212,'1051073','TN Điều khiển logic',7,0.5,18,NULL,1,NULL),(1213,'1051660','Thực tập Công nhân điện',7,2,18,NULL,1,NULL),(1214,'3080063','Lý luận dạy học',7,2,18,NULL,1,NULL),(1215,'1060162','Kỹ thuật Vi xử lý',8,3,18,NULL,1,NULL),(1216,'1061463','TN KT Vi xử lý',8,1,18,NULL,1,NULL),(1217,'1080132','Thực tập Sư phạm',8,1.5,18,NULL,1,NULL),(1218,'1050343','Đồ án Điều khiển logic',8,2,18,NULL,1,NULL),(1219,'1050713','Thiết kế Bảo vệ rơle',8,2,18,NULL,1,NULL),(1220,'1060783','Kỹ thuật Siêu âm',8,2,18,NULL,1,NULL),(1221,'1051670','Thực tập Tốt nghiệp (SK)',9,2,18,NULL,1,NULL),(1222,'1051103','Đồ án Tốt nghiệp (SK)',9,10,18,NULL,1,NULL),(1223,'3190111','Giải tích 1',1,4,2,NULL,1,NULL),(1224,'4130241','Anh văn 1',1,3,2,NULL,1,NULL),(1225,'3060031','Hoá học Đại cương',1,3,2,NULL,1,NULL),(1226,'1020691','Tin học Đại cương',1,2,2,NULL,1,NULL),(1227,'1020701','TH Tin học đại cương',1,1,2,NULL,1,NULL),(1228,'1080011','Hình hoạ',1,2,2,NULL,1,NULL),(1229,'130011','Giáo dục thể chất 1',1,0,2,NULL,1,NULL),(1230,'2090131','Những nguyên lý cơ bản của CN Mac-Lênin 1',1,2,2,NULL,1,NULL),(1231,'2090141','Những nguyên lý CB của CN Mac-Lênin 2',2,3,2,NULL,1,NULL),(1232,'4130251','Anh văn 2',2,2,2,NULL,1,NULL),(1233,'3190121','Giải tích 2',2,4,2,NULL,1,NULL),(1234,'3050011','Vật lý 1',2,3,2,NULL,1,NULL),(1235,'1170011','Môi trường',2,2,2,NULL,1,NULL),(1236,'3190131','Đại số',2,3,2,NULL,1,NULL),(1237,'1080401','Vẽ Kỹ thuật',2,2,2,NULL,1,NULL),(1238,'130021','Giáo dục thể chất 2',2,0,2,NULL,1,NULL),(1239,'130031','Giáo dục thể chất 3',3,0,2,NULL,1,NULL),(1240,'2090121','Đường lối CM của ĐCS Việt Nam',3,3,2,NULL,1,NULL),(1241,'1180033','Kinh tế học',3,3,2,NULL,1,NULL),(1242,'4130261','Anh văn 3',3,2,2,NULL,1,NULL),(1243,'3050021','Vật lý 2',3,2,2,NULL,1,NULL),(1244,'3050651','TN Vật lý',3,1,2,NULL,1,NULL),(1245,'2070013','Luật Kinh tế',3,2,2,NULL,1,NULL),(1246,'1080411','Cơ lý thuyết 1',3,3,2,NULL,1,NULL),(1247,'1080472','Vẽ Kỹ thuật Xây dựng',3,1,2,NULL,1,NULL),(1248,'1080482','AutoCAD',3,1,2,NULL,1,NULL),(1249,'1110793','Thuỷ lực cơ sở B',3,2,2,NULL,1,NULL),(1250,'1110023','TN Thuỷ lực cơ sở',3,0.5,2,NULL,1,NULL),(1251,'3190141','Xác suất thống kê',3,2,2,NULL,1,NULL),(1252,'1021232','Quy hoạch tuyến tính',3,2,2,NULL,1,NULL),(1253,'2090101','Tư tưởng Hồ Chí Minh',4,2,2,NULL,1,NULL),(1254,'1080431','Sức bền vật liệu 1',4,3,2,NULL,1,NULL),(1255,'1080451','TN Sức bền vật liệu',4,0.5,2,NULL,1,NULL),(1256,'3190163','Mô hình toán trong Xây dựng',4,2,2,NULL,1,NULL),(1257,'1100223','Kiến trúc Dân dụng & C.nghiệp (08)',4,3,2,NULL,1,NULL),(1258,'1090053','Vật liệu xây dựng',4,3,2,NULL,1,NULL),(1259,'1090453','TN Vật liệu xây dựng',4,0.5,2,NULL,1,NULL),(1260,'1100133','Quy hoạch đô thị',4,2,2,NULL,1,NULL),(1261,'1090033','Địa chất công trình',4,2,2,NULL,1,NULL),(1262,'1110083','Thuỷ văn 1',4,2,2,NULL,1,NULL),(1263,'4130073','Anh văn CN Kinh tế XD & QLDA',4,3,2,NULL,1,NULL),(1264,'130041','Giáo dục thể chất 4',4,0,2,NULL,1,NULL),(1265,'130051','Giáo dục thể chất 5',5,0,2,NULL,1,NULL),(1266,'1110393','Thuỷ công',5,3,2,NULL,1,NULL),(1267,'1090413','Công trình Đường',5,3,2,NULL,1,NULL),(1268,'1090743','Đồ án Công trình Đường',5,1,2,NULL,1,NULL),(1269,'1100022','Cơ học kết cấu 1',5,3,2,NULL,1,NULL),(1270,'1180072','Luật xây dựng',5,2,2,NULL,1,NULL),(1271,'1180113','Thống kê Doanh nghiệp',5,2,2,NULL,1,NULL),(1272,'1090392','Cơ đất nền móng',5,3,2,NULL,1,NULL),(1273,'1100062','Kết cấu bêtông cốt thép 1',5,3,2,NULL,1,NULL),(1274,'1100313','Đồ án Kết cấu bêtông cốt thép 1',5,1,2,NULL,1,NULL),(1275,'1090372','Trắc địa',5,2,2,NULL,1,NULL),(1276,'1180043','Thực tập Nhận thức',5,1,2,NULL,1,NULL),(1277,'1180053','Tin học ứng dụng',6,3,2,NULL,1,NULL),(1278,'1180063','Thực hành Tin học ứng dụng',6,1,2,NULL,1,NULL),(1279,'1180093','Kỹ thuật thi công & An toàn lao động',6,3,2,NULL,1,NULL),(1280,'1180103','Đồ án Kỹ thuật thi công & ATLĐ',6,1,2,NULL,1,NULL),(1281,'1090403','Công trình Cầu',6,3,2,NULL,1,NULL),(1282,'1180183','Kế toán xây dựng cơ bản',6,3,2,NULL,1,NULL),(1283,'1180483','Tài chính D.nghiệp xây dựng (08)',6,3,2,NULL,1,NULL),(1284,'1110383','Thuỷ điện',6,3,2,NULL,1,NULL),(1285,'1110803','Đồ án Thuỷ điện',6,1,2,NULL,1,NULL),(1286,'1180193','Kinh tế xây dựng',6,3,2,NULL,1,NULL),(1287,'1180143','Tổ chức Thi công',7,3,2,NULL,1,NULL),(1288,'1180153','Đồ án Tổ chức thi công',7,1,2,NULL,1,NULL),(1289,'1180123','Kinh tế Đầu tư & Quản trị dự án',7,3,2,NULL,1,NULL),(1290,'1180133','Đồ án Kinh tế ĐT & Quản trị dự án',7,1,2,NULL,1,NULL),(1291,'1180173','Kế hoạch và dự báo',7,2,2,NULL,1,NULL),(1292,'1180213','Định mức KT trong xây dựng',7,3,2,NULL,1,NULL),(1293,'1180223','Thực tập Định mức KT trong XD',7,0.5,2,NULL,1,NULL),(1294,'1180203','Quản lý Chất lượng XD',7,2,2,NULL,1,NULL),(1295,'1180083','Thực tập Công nhân',7,2,2,NULL,1,NULL),(1296,'1180343','Chuyên đề tự chọn 1',7,2,2,NULL,1,NULL),(1297,'1180233','Định giá sản phẩm xây dựng',8,2,2,NULL,1,NULL),(1298,'1180243','Quản trị DN xây dựng',8,3,2,NULL,1,NULL),(1299,'1180253','Đồ án Quản trị doanh nghiệp XD',8,1,2,NULL,1,NULL),(1300,'1180433','Thẩm định Dự án xây dựng',8,3,2,NULL,1,NULL),(1301,'1180493','Quản lý Dự án xây dựng (08)',8,3,2,NULL,1,NULL),(1302,'1180353','Chuyên đề tự chọn 2',8,2,2,NULL,1,NULL),(1303,'1180293','Thực tập Tốt nghiệp',8,3,2,NULL,1,NULL),(1304,'1180303','Đồ án Tốt nghiệp',9,10,2,NULL,1,NULL),(1305,'2090131','Những nguyên lý cơ bản của CN Mac-Lênin 1',1,2,20,NULL,1,NULL),(1306,'1080011','Hình hoạ',1,2,20,NULL,1,NULL),(1307,'3190111','Giải tích 1',1,4,20,NULL,1,NULL),(1308,'3060303','Hoá học Đại cương',1,2,20,NULL,1,NULL),(1309,'1020691','Tin học Đại cương',1,2,20,NULL,1,NULL),(1310,'1020701','TH Tin học đại cương',1,1,20,NULL,1,NULL),(1311,'130011','Giáo dục thể chất 1',1,0,20,NULL,1,NULL),(1312,'4130501','Anh văn A2.1',1,3,20,NULL,1,NULL),(1313,'2090141','Những nguyên lý CB của CN Mac-Lênin 2',2,3,20,NULL,1,NULL),(1314,'4130311','Anh văn A2.2',2,4,20,NULL,1,NULL),(1315,'3050011','Vật lý 1',2,3,20,NULL,1,NULL),(1316,'3050651','TN Vật lý',2,1,20,NULL,1,NULL),(1317,'3190121','Giải tích 2',2,4,20,NULL,1,NULL),(1318,'3190131','Đại số',2,3,20,NULL,1,NULL),(1319,'1170011','Môi trường',2,2,20,NULL,1,NULL),(1320,'130021','Giáo dục thể chất 2',2,0,20,NULL,1,NULL),(1321,'2090101','Tư tưởng Hồ Chí Minh',3,2,20,NULL,1,NULL),(1322,'3050641','Vật lý 2',3,3,20,NULL,1,NULL),(1323,'1050931','Kỹ thuật điện',3,2,20,NULL,1,NULL),(1324,'1040451','Kỹ thuật nhiệt',3,2,20,NULL,1,NULL),(1325,'1072572','Kỹ thuật hóa',3,2,20,NULL,1,NULL),(1326,'1061062','Kỹ thuật Điện tử',3,2,20,NULL,1,NULL),(1327,'3190041','Xác suất thống kê',3,3,20,NULL,1,NULL),(1328,'130031','Giáo dục thể chất 3',3,0,20,NULL,1,NULL),(1329,'1080401','Vẽ Kỹ thuật',4,2,20,NULL,1,NULL),(1330,'1180902','Toán chuyên ngành',4,3,20,NULL,1,NULL),(1331,'1080491','Cơ học ứng dụng',4,3,20,NULL,1,NULL),(1332,'1180912','Nhập môn ngành',4,2,20,NULL,1,NULL),(1333,'1180033','Kinh tế học',4,3,20,NULL,1,NULL),(1334,'1180533','Marketing căn bản',4,2,20,NULL,1,NULL),(1335,'2070032','Pháp luật trong kinh doanh',4,2,20,NULL,1,NULL),(1336,'4130463','Anh văn CN QLCN',4,2,20,NULL,1,NULL),(1337,'130041','Giáo dục thể chất 4',4,0,20,NULL,1,NULL),(1338,'2090121','Đường lối CM của ĐCS Việt Nam',5,3,20,NULL,1,NULL),(1339,'1180963','Phương pháp tính',5,3,20,NULL,1,NULL),(1340,'1090953','Công nghệ vật liệu (QLCN)',5,2,20,NULL,1,NULL),(1341,'1180933','Quản trị học (QLCN)',5,2,20,NULL,1,NULL),(1342,'1182053','Thống kê & dự báo',5,2,20,NULL,1,NULL),(1343,'1180663','Nghiên cứu vận hành',5,3,20,NULL,1,NULL),(1344,'1180953','Marketing công nghiệp',5,3,20,NULL,1,NULL),(1345,'1180583','Đề án Marketing công nghiệp',5,1,20,NULL,1,NULL),(1346,'130051','Giáo dục thể chất 5',5,0,20,NULL,1,NULL),(1347,'1180553','Quản trị Nhân sự',6,2,20,NULL,1,NULL),(1348,'1180833','Lý thuyết Quản lý & Lãnh đạo',6,2,20,NULL,1,NULL),(1349,'1180823','Thực tập Hệ thống quản lý C.nghiệp',6,2,20,NULL,1,NULL),(1350,'1180973','Kế toán quản trị',6,2,20,NULL,1,NULL),(1351,'1180983','Quản lý chuỗi cung ứng',6,3,20,NULL,1,NULL),(1352,'1180993','Đồ án Quản lý chuỗi cung ứng',6,1,20,NULL,1,NULL),(1353,'1180703','Thiết kế Hệ thống sản xuất',6,3,20,NULL,1,NULL),(1354,'1180713','Đồ án Thiết kế hệ thống sản xuất',6,1,20,NULL,1,NULL),(1355,'1181023','Nhân trắc học',7,1,20,NULL,1,NULL),(1356,'1180593','Quản trị Tài chính',7,3,20,NULL,1,NULL),(1357,'1180623','Chiến lược & C.sách kinh doanh',7,3,20,NULL,1,NULL),(1358,'1180633','Đề án Chiến lược kinh doanh',7,1,20,NULL,1,NULL),(1359,'1181053','Quản trị sản xuất 1',7,3,20,NULL,1,NULL),(1360,'1180543','Giao tiếp kinh doanh',7,2,20,NULL,1,NULL),(1361,'1181003','Quản lý công nghệ',7,2,20,NULL,1,NULL),(1362,'1181013','Quản lý chất lượng',7,2,20,NULL,1,NULL),(1363,'1181033','Chuyên đề 1: Quản trị rủi ro',7,1,20,NULL,1,NULL),(1364,'1181043','Chuyên đề 2: Bảo vệ bản quyền',7,1,20,NULL,1,NULL),(1365,'1181063','Thực tập Tốt nghiệp (QLCN)',8,2,20,NULL,1,NULL),(1366,'1180753','Quản lý Dự án',8,2,20,NULL,1,NULL),(1367,'1181073','TH Quản lý Dự án',8,1,20,NULL,1,NULL),(1368,'1180763','Kinh tế Đầu tư',8,3,20,NULL,1,NULL),(1369,'1180773','Đồ án Kinh tế đầu tư',8,1,20,NULL,1,NULL),(1370,'1180803','Lý thuyết Mô phỏng trong quản lý',8,2,20,NULL,1,NULL),(1371,'1181083','TH Lý thuyết mô phỏng',8,1,20,NULL,1,NULL),(1372,'1180603','Quản trị Sản xuất 2',8,2,20,NULL,1,NULL),(1373,'1180783','Quản lý Bảo dưỡng trong CN',8,2,20,NULL,1,NULL),(1374,'1180303','Đồ án Tốt nghiệp',9,10,20,NULL,1,NULL),(1375,'2090131','Những nguyên lý cơ bản của CN Mac-Lênin 1',1,2,22,NULL,1,NULL),(1376,'1080011','Hình hoạ',1,2,22,NULL,1,NULL),(1377,'3190111','Giải tích 1',1,4,22,NULL,1,NULL),(1378,'3060303','Hoá học Đại cương',1,2,22,NULL,1,NULL),(1379,'1020691','Tin học Đại cương',1,2,22,NULL,1,NULL),(1380,'1020701','TH Tin học đại cương',1,1,22,NULL,1,NULL),(1381,'130011','Giáo dục thể chất 1',1,0,22,NULL,1,NULL),(1382,'4130501','Anh văn A2.1',1,3,22,NULL,1,NULL),(1383,'4130311','Anh văn A2.2',2,4,22,NULL,1,NULL),(1384,'3190121','Giải tích 2',2,4,22,NULL,1,NULL),(1385,'3190131','Đại số',2,3,22,NULL,1,NULL),(1386,'1170011','Môi trường',2,2,22,NULL,1,NULL),(1387,'2090141','Những nguyên lý CB của CN Mac-Lênin 2',2,3,22,NULL,1,NULL),(1388,'3050011','Vật lý 1',2,3,22,NULL,1,NULL),(1389,'3050651','TN Vật lý',2,1,22,NULL,1,NULL),(1390,'130021','Giáo dục thể chất 2',2,0,22,NULL,1,NULL),(1391,'3050641','Vật lý 2',3,3,22,NULL,1,NULL),(1392,'1050931','Kỹ thuật điện',3,2,22,NULL,1,NULL),(1393,'1050921','TN Kỹ thuật điện',3,0.5,22,NULL,1,NULL),(1394,'3190041','Xác suất thống kê',3,3,22,NULL,1,NULL),(1395,'1080700','Cơ lý thuyết',3,3,22,NULL,1,NULL),(1396,'2090101','Tư tưởng Hồ Chí Minh',3,2,22,NULL,1,NULL),(1397,'1180033','Kinh tế học',3,3,22,NULL,1,NULL),(1398,'1180912','Nhập môn ngành',3,2,22,NULL,1,NULL),(1399,'130031','Giáo dục thể chất 3',3,0,22,NULL,1,NULL),(1400,'2090121','Đường lối CM của ĐCS Việt Nam',4,3,22,NULL,1,NULL),(1401,'1080401','Vẽ Kỹ thuật',4,2,22,NULL,1,NULL),(1402,'1090372','Trắc địa',4,2,22,NULL,1,NULL),(1403,'1090382','Vật liệu xây dựng',4,2,22,NULL,1,NULL),(1404,'1101382','Cơ học công trình',4,3,22,NULL,1,NULL),(1405,'1180902','Toán chuyên ngành',4,3,22,NULL,1,NULL),(1406,'1111262','Thủy văn',4,2,22,NULL,1,NULL),(1407,'1111272','Thủy lực',4,2,22,NULL,1,NULL),(1408,'130041','Giáo dục thể chất 4',4,0,22,NULL,1,NULL),(1409,'1180963','Phương pháp tính',5,3,22,NULL,1,NULL),(1410,'1090990','Nền và Móng',5,2,22,NULL,1,NULL),(1411,'1102141','Kết cấu Bê tông cốt thép',5,3,22,NULL,1,NULL),(1412,'1102151','Đồ án Kết cấu Bê tông cốt thép',5,1,22,NULL,1,NULL),(1413,'1181092','Luật kinh tế-xây dựng',5,3,22,NULL,1,NULL),(1414,'1181101','Thống kê doanh nghiệp xây dựng',5,2,22,NULL,1,NULL),(1415,'1180193','Kinh tế xây dựng',5,3,22,NULL,1,NULL),(1416,'130051','Giáo dục thể chất 5',5,0,22,NULL,1,NULL),(1417,'1180083','Thực tập Công nhân',6,2,22,NULL,1,NULL),(1418,'1180183','Kế toán xây dựng cơ bản',6,3,22,NULL,1,NULL),(1419,'1181112','Đồ án Kế toán xây dựng cơ bản',6,1,22,NULL,1,NULL),(1420,'1181122','Quản lý Dự án xây dựng',6,2,22,NULL,1,NULL),(1421,'1181132','Tin học ứng dụng trong QLDA',6,2,22,NULL,1,NULL),(1422,'1210260','Kiến trúc 1',6,3,22,NULL,1,NULL),(1423,'1181141','Kỹ thuật thi công',6,3,22,NULL,1,NULL),(1424,'1181151','Đồ án Kỹ thuật thi công',6,1,22,NULL,1,NULL),(1425,'4130413','Anh văn CN QLDA',7,2,22,NULL,1,NULL),(1426,'1181162','Kế hoạch và Dự báo xây dựng',7,3,22,NULL,1,NULL),(1427,'1180593','Quản trị Tài chính',7,3,22,NULL,1,NULL),(1428,'1180213','Định mức KT trong xây dựng',7,3,22,NULL,1,NULL),(1429,'1180203','Quản lý Chất lượng XD',7,2,22,NULL,1,NULL),(1430,'1180143','Tổ chức Thi công',7,3,22,NULL,1,NULL),(1431,'1180153','Đồ án Tổ chức thi công',7,1,22,NULL,1,NULL),(1432,'1181160','Thực tập Tốt nghiệp (KTXD)',8,2,22,NULL,1,NULL),(1433,'1180763','Kinh tế Đầu tư',8,3,22,NULL,1,NULL),(1434,'1180773','Đồ án Kinh tế đầu tư',8,1,22,NULL,1,NULL),(1435,'1180243','Quản trị DN xây dựng',8,3,22,NULL,1,NULL),(1436,'1180253','Đồ án Quản trị doanh nghiệp XD',8,1,22,NULL,1,NULL),(1437,'1180433','Thẩm định Dự án xây dựng',8,3,22,NULL,1,NULL),(1438,'1181182','Định giá sản phẩm xây dựng',8,3,22,NULL,1,NULL),(1439,'1181193','Đồ án tốt nghiệp (KTXD-DD&CN)',9,10,22,NULL,1,NULL),(1440,'2090131','Những nguyên lý cơ bản của CN Mac-Lênin 1',1,2,23,NULL,1,NULL),(1441,'1080011','Hình hoạ',1,2,23,NULL,1,NULL),(1442,'4130241','Anh văn 1',1,3,23,NULL,1,NULL),(1443,'3190111','Giải tích 1',1,4,23,NULL,1,NULL),(1444,'3060303','Hoá học Đại cương',1,2,23,NULL,1,NULL),(1445,'1020691','Tin học Đại cương',1,2,23,NULL,1,NULL),(1446,'1020701','TH Tin học đại cương',1,1,23,NULL,1,NULL),(1447,'130011','Giáo dục thể chất 1',1,0,23,NULL,1,NULL),(1448,'4130311','Anh văn A2.2',2,4,23,NULL,1,NULL),(1449,'3190121','Giải tích 2',2,4,23,NULL,1,NULL),(1450,'3190131','Đại số',2,3,23,NULL,1,NULL),(1451,'1170011','Môi trường',2,2,23,NULL,1,NULL),(1452,'2090141','Những nguyên lý CB của CN Mac-Lênin 2',2,3,23,NULL,1,NULL),(1453,'3050011','Vật lý 1',2,3,23,NULL,1,NULL),(1454,'130021','Giáo dục thể chất 2',2,0,23,NULL,1,NULL),(1455,'3050641','Vật lý 2',3,3,23,NULL,1,NULL),(1456,'3050651','TN Vật lý',3,1,23,NULL,1,NULL),(1457,'1050931','Kỹ thuật điện',3,2,23,NULL,1,NULL),(1458,'1050921','TN Kỹ thuật điện',3,0.5,23,NULL,1,NULL),(1459,'3190041','Xác suất thống kê',3,3,23,NULL,1,NULL),(1460,'1080700','Cơ lý thuyết',3,3,23,NULL,1,NULL),(1461,'2090101','Tư tưởng Hồ Chí Minh',3,2,23,NULL,1,NULL),(1462,'1180033','Kinh tế học',3,3,23,NULL,1,NULL),(1463,'1180912','Nhập môn ngành',3,2,23,NULL,1,NULL),(1464,'130031','Giáo dục thể chất 3',3,0,23,NULL,1,NULL),(1465,'2090121','Đường lối CM của ĐCS Việt Nam',4,3,23,NULL,1,NULL),(1466,'1080401','Vẽ Kỹ thuật',4,2,23,NULL,1,NULL),(1467,'1090372','Trắc địa',4,2,23,NULL,1,NULL),(1468,'1090382','Vật liệu xây dựng',4,2,23,NULL,1,NULL),(1469,'1101382','Cơ học công trình',4,3,23,NULL,1,NULL),(1470,'1180902','Toán chuyên ngành',4,3,23,NULL,1,NULL),(1471,'1111262','Thủy văn',4,2,23,NULL,1,NULL),(1472,'1111272','Thủy lực',4,2,23,NULL,1,NULL),(1473,'130041','Giáo dục thể chất 4',4,0,23,NULL,1,NULL),(1474,'1180963','Phương pháp tính',5,3,23,NULL,1,NULL),(1475,'1090990','Nền và Móng',5,2,23,NULL,1,NULL),(1476,'1102141','Kết cấu Bê tông cốt thép',5,3,23,NULL,1,NULL),(1477,'1102151','Đồ án Kết cấu Bê tông cốt thép',5,1,23,NULL,1,NULL),(1478,'1181092','Luật kinh tế-xây dựng',5,3,23,NULL,1,NULL),(1479,'1181101','Thống kê doanh nghiệp xây dựng',5,2,23,NULL,1,NULL),(1480,'1180193','Kinh tế xây dựng',5,3,23,NULL,1,NULL),(1481,'130051','Giáo dục thể chất 5',5,0,23,NULL,1,NULL),(1482,'1180083','Thực tập Công nhân',6,2,23,NULL,1,NULL),(1483,'1180183','Kế toán xây dựng cơ bản',6,3,23,NULL,1,NULL),(1484,'1181112','Đồ án Kế toán xây dựng cơ bản',6,1,23,NULL,1,NULL),(1485,'1181122','Quản lý Dự án xây dựng',6,2,23,NULL,1,NULL),(1486,'1181132','Tin học ứng dụng trong QLDA',6,2,23,NULL,1,NULL),(1487,'1111300','Thủy công 1',6,2,23,NULL,1,NULL),(1488,'1110113','Đồ án Thuỷ công 1',6,1,23,NULL,1,NULL),(1489,'1111310','Thi công thuỷ lợi 1',6,2,23,NULL,1,NULL),(1490,'1101692','Kiến trúc Dân dụng & CT nhà CN',6,2,23,NULL,1,NULL),(1491,'4130413','Anh văn CN QLDA',7,2,23,NULL,1,NULL),(1492,'1181162','Kế hoạch và Dự báo xây dựng',7,3,23,NULL,1,NULL),(1493,'1180593','Quản trị Tài chính',7,3,23,NULL,1,NULL),(1494,'1180213','Định mức KT trong xây dựng',7,3,23,NULL,1,NULL),(1495,'1180203','Quản lý Chất lượng XD',7,2,23,NULL,1,NULL),(1496,'1110283','Thi công thuỷ lợi 2',7,2,23,NULL,1,NULL),(1497,'1110293','Đồ án Thi công thuỷ lợi 2',7,1,23,NULL,1,NULL),(1498,'1111282','Chuyên đề KCBT Thủy công',7,1,23,NULL,1,NULL),(1499,'1181160','Thực tập Tốt nghiệp (KTXD)',8,2,23,NULL,1,NULL),(1500,'1180763','Kinh tế Đầu tư',8,3,23,NULL,1,NULL),(1501,'1180773','Đồ án Kinh tế đầu tư',8,1,23,NULL,1,NULL),(1502,'1180243','Quản trị DN xây dựng',8,3,23,NULL,1,NULL),(1503,'1180253','Đồ án Quản trị doanh nghiệp XD',8,1,23,NULL,1,NULL),(1504,'1180433','Thẩm định Dự án xây dựng',8,3,23,NULL,1,NULL),(1505,'1181182','Định giá sản phẩm xây dựng',8,3,23,NULL,1,NULL),(1506,'1182003','Đồ án tốt nghiệp (KTXD-TL&TĐ)',9,10,23,NULL,1,NULL),(1507,'3190111','Giải tích 1',1,4,8,NULL,1,NULL),(1508,'4130241','Anh văn 1',1,3,8,NULL,1,NULL),(1509,'3060031','Hoá học Đại cương',1,3,8,NULL,1,NULL),(1510,'1020691','Tin học Đại cương',1,2,8,NULL,1,NULL),(1511,'1020701','TH Tin học đại cương',1,1,8,NULL,1,NULL),(1512,'1080011','Hình hoạ',1,2,8,NULL,1,NULL),(1513,'130011','Giáo dục thể chất 1',1,0,8,NULL,1,NULL),(1514,'2090131','Những nguyên lý cơ bản của CN Mac-Lênin 1',1,2,8,NULL,1,NULL),(1515,'2090141','Những nguyên lý CB của CN Mac-Lênin 2',2,3,8,NULL,1,NULL),(1516,'3190121','Giải tích 2',2,4,8,NULL,1,NULL),(1517,'4130251','Anh văn 2',2,2,8,NULL,1,NULL),(1518,'3050011','Vật lý 1',2,3,8,NULL,1,NULL),(1519,'1080401','Vẽ Kỹ thuật',2,2,8,NULL,1,NULL),(1520,'1170011','Môi trường',2,2,8,NULL,1,NULL),(1521,'3190141','Xác suất thống kê',2,2,8,NULL,1,NULL),(1522,'130021','Giáo dục thể chất 2',2,0,8,NULL,1,NULL),(1523,'3190131','Đại số',3,3,8,NULL,1,NULL),(1524,'4130261','Anh văn 3',3,2,8,NULL,1,NULL),(1525,'1080491','Cơ học ứng dụng',3,3,8,NULL,1,NULL),(1526,'3190102','Quy hoạch thực nghiệm',3,2,8,NULL,1,NULL),(1527,'1010751','Cơ khí đại cương',3,2,8,NULL,1,NULL),(1528,'1040451','Kỹ thuật nhiệt',3,2,8,NULL,1,NULL),(1529,'1050931','Kỹ thuật điện',3,2,8,NULL,1,NULL),(1530,'1050921','TN Kỹ thuật điện',3,0.5,8,NULL,1,NULL),(1531,'130031','Giáo dục thể chất 3',3,0,8,NULL,1,NULL),(1532,'3050021','Vật lý 2',3,2,8,NULL,1,NULL),(1533,'3050651','TN Vật lý',3,1,8,NULL,1,NULL),(1534,'2090121','Đường lối CM của ĐCS Việt Nam',3,3,8,NULL,1,NULL),(1535,'1061062','Kỹ thuật Điện tử',4,2,8,NULL,1,NULL),(1536,'1110013','Thuỷ lực cơ sở A',4,3,8,NULL,1,NULL),(1537,'1110023','TN Thuỷ lực cơ sở',4,0.5,8,NULL,1,NULL),(1538,'1071822','Hoá sinh (MT)',4,2,8,NULL,1,NULL),(1539,'3060162','Hoá lý - Hoá keo',4,4,8,NULL,1,NULL),(1540,'3060172','TN Hoá lý hoá keo',4,0.5,8,NULL,1,NULL),(1541,'1040462','Quá trình chuyển khối 1',4,3,8,NULL,1,NULL),(1542,'1080472','Vẽ Kỹ thuật Xây dựng',4,1,8,NULL,1,NULL),(1543,'1080482','AutoCAD',4,1,8,NULL,1,NULL),(1544,'130041','Giáo dục thể chất 4',4,0,8,NULL,1,NULL),(1545,'2090101','Tư tưởng Hồ Chí Minh',4,2,8,NULL,1,NULL),(1546,'1071872','Quá trình chuyển khối 2',5,2,8,NULL,1,NULL),(1547,'3060082','Hoá phân tích',5,3,8,NULL,1,NULL),(1548,'3060092','TN Hoá phân tích',5,1,8,NULL,1,NULL),(1549,'1030673','Thiết bị thuỷ khí',5,2,8,NULL,1,NULL),(1550,'3070012','Sinh thái môi trường',5,2,8,NULL,1,NULL),(1551,'1050942','Thiết bị đo lường & Tự động hoá',5,3,8,NULL,1,NULL),(1552,'1071882','Vi sinh (MT)',5,2,8,NULL,1,NULL),(1553,'1100403','Kiến trúc Công nghiệp & Quy hoạch',5,2,8,NULL,1,NULL),(1554,'1170023','Luật & Chính sách môi trường',5,2,8,NULL,1,NULL),(1555,'130051','Giáo dục thể chất 5',5,0,8,NULL,1,NULL),(1556,'3060022','Phân tích công cụ',6,2,8,NULL,1,NULL),(1557,'3060242','TN Phân tích công cụ',6,0.5,8,NULL,1,NULL),(1558,'1170033','Độc học môi trường',6,2,8,NULL,1,NULL),(1559,'3060202','Hoá học Môi trường',6,2,8,NULL,1,NULL),(1560,'1170043','Mạng cấp nước',6,2,8,NULL,1,NULL),(1561,'1170053','Đồ án Mạng cấp nước',6,2,8,NULL,1,NULL),(1562,'1170063','Môi trường Vi khí hậu',6,3,8,NULL,1,NULL),(1563,'1170073','Tiếng ồn',6,2,8,NULL,1,NULL),(1564,'1170083','Thoát nước Đô thị & Công nghiệp',6,2,8,NULL,1,NULL),(1565,'1170093','Thực tập Nhận thức',6,1,8,NULL,1,NULL),(1566,'4130231','Anh văn CN Môi trường',7,3,8,NULL,1,NULL),(1567,'1170103','Xử lý nước cấp',7,3,8,NULL,1,NULL),(1568,'1170113','Đồ án Xử lý nước cấp',7,2,8,NULL,1,NULL),(1569,'1170123','Quan trắc Khảo sát môi trường',7,3,8,NULL,1,NULL),(1570,'1170133','TN QT KS môi trường',7,0.5,8,NULL,1,NULL),(1571,'1070053','An toàn Lao động & vệ sinh CN',7,2,8,NULL,1,NULL),(1572,'1170143','Quản lý Chất thải nguy hại',7,2,8,NULL,1,NULL),(1573,'1170153','Kỹ thuật Thông gió',7,3,8,NULL,1,NULL),(1574,'1170163','Thực tập Quan trắc & Khảo sát',7,1,8,NULL,1,NULL),(1575,'1170173','Kỹ thuật Xử lý nước thải đô thị',8,3,8,NULL,1,NULL),(1576,'1170183','Đồ án Xử lý nước thải',8,2,8,NULL,1,NULL),(1577,'1170193','Kỹ thuật Xử lý khí thải',8,3,8,NULL,1,NULL),(1578,'1170203','Đồ án Xử lý khí thải',8,2,8,NULL,1,NULL),(1579,'1180313','Kinh tế môi trường',8,2,8,NULL,1,NULL),(1580,'1170213','Xử lý nước thải công nghiệp',8,2,8,NULL,1,NULL),(1581,'1170223','Quản lý Môi trường',8,2,8,NULL,1,NULL),(1582,'1170233','Thực tập Công nhân',8,3,8,NULL,1,NULL),(1583,'1170243','Tin học ứng dụng',9,2,8,NULL,1,NULL),(1584,'1170253','TH Tin học ứng dụng',9,1,8,NULL,1,NULL),(1585,'1170263','Đánh giá Tác động môi trường',9,3,8,NULL,1,NULL),(1586,'1170273','Sản xuất sạch hơn',9,2,8,NULL,1,NULL),(1587,'1170283','Quản lý Chất thải rắn',9,2,8,NULL,1,NULL),(1588,'1170293','Đồ án Quản lý chất thải rắn',9,2,8,NULL,1,NULL),(1589,'1170303','Chuyên đề 1',9,1,8,NULL,1,NULL),(1590,'1170313','Chuyên đề 2',9,1,8,NULL,1,NULL),(1591,'1170323','Thực tập Tốt nghiệp',10,3,8,NULL,1,NULL),(1592,'1170333','Đồ án Tốt nghiệp',10,10,8,NULL,1,NULL),(1593,'3190111','Giải tích 1',1,4,25,NULL,1,NULL),(1594,'4130241','Anh văn 1',1,3,25,NULL,1,NULL),(1595,'3060031','Hoá học Đại cương',1,3,25,NULL,1,NULL),(1596,'1020691','Tin học Đại cương',1,2,25,NULL,1,NULL),(1597,'1020701','TH Tin học đại cương',1,1,25,NULL,1,NULL),(1598,'1080011','Hình hoạ',1,2,25,NULL,1,NULL),(1599,'130011','Giáo dục thể chất 1',1,0,25,NULL,1,NULL),(1600,'2090131','Những nguyên lý cơ bản của CN Mac-Lênin 1',1,2,25,NULL,1,NULL),(1601,'2090141','Những nguyên lý CB của CN Mac-Lênin 2',2,3,25,NULL,1,NULL),(1602,'3190121','Giải tích 2',2,4,25,NULL,1,NULL),(1603,'4130251','Anh văn 2',2,2,25,NULL,1,NULL),(1604,'3050011','Vật lý 1',2,3,25,NULL,1,NULL),(1605,'1080401','Vẽ Kỹ thuật',2,2,25,NULL,1,NULL),(1606,'1170011','Môi trường',2,2,25,NULL,1,NULL),(1607,'3190141','Xác suất thống kê',2,2,25,NULL,1,NULL),(1608,'130021','Giáo dục thể chất 2',2,0,25,NULL,1,NULL),(1609,'3190131','Đại số',3,3,25,NULL,1,NULL),(1610,'4130261','Anh văn 3',3,2,25,NULL,1,NULL),(1611,'1080491','Cơ học ứng dụng',3,3,25,NULL,1,NULL),(1612,'3190102','Quy hoạch thực nghiệm',3,2,25,NULL,1,NULL),(1613,'1010751','Cơ khí đại cương',3,2,25,NULL,1,NULL),(1614,'1040451','Kỹ thuật nhiệt',3,2,25,NULL,1,NULL),(1615,'1050931','Kỹ thuật điện',3,2,25,NULL,1,NULL),(1616,'1050921','TN Kỹ thuật điện',3,0.5,25,NULL,1,NULL),(1617,'130031','Giáo dục thể chất 3',3,0,25,NULL,1,NULL),(1618,'3050021','Vật lý 2',3,2,25,NULL,1,NULL),(1619,'3050651','TN Vật lý',3,1,25,NULL,1,NULL),(1620,'2090121','Đường lối CM của ĐCS Việt Nam',3,3,25,NULL,1,NULL),(1621,'1061062','Kỹ thuật Điện tử',4,2,25,NULL,1,NULL),(1622,'1110013','Thuỷ lực cơ sở A',4,3,25,NULL,1,NULL),(1623,'1110023','TN Thuỷ lực cơ sở',4,0.5,25,NULL,1,NULL),(1624,'1071822','Hoá sinh (MT)',4,2,25,NULL,1,NULL),(1625,'3060162','Hoá lý - Hoá keo',4,4,25,NULL,1,NULL),(1626,'3060172','TN Hoá lý hoá keo',4,0.5,25,NULL,1,NULL),(1627,'1040462','Quá trình chuyển khối 1',4,3,25,NULL,1,NULL),(1628,'1080472','Vẽ Kỹ thuật Xây dựng',4,1,25,NULL,1,NULL),(1629,'1080482','AutoCAD',4,1,25,NULL,1,NULL),(1630,'130041','Giáo dục thể chất 4',4,0,25,NULL,1,NULL),(1631,'2090101','Tư tưởng Hồ Chí Minh',4,2,25,NULL,1,NULL),(1632,'1071872','Quá trình chuyển khối 2',5,2,25,NULL,1,NULL),(1633,'3060082','Hoá phân tích',5,3,25,NULL,1,NULL),(1634,'3060092','TN Hoá phân tích',5,1,25,NULL,1,NULL),(1635,'1030673','Thiết bị thuỷ khí',5,2,25,NULL,1,NULL),(1636,'3070012','Sinh thái môi trường',5,2,25,NULL,1,NULL),(1637,'1050942','Thiết bị đo lường & Tự động hoá',5,3,25,NULL,1,NULL),(1638,'1071882','Vi sinh (MT)',5,2,25,NULL,1,NULL),(1639,'1100403','Kiến trúc Công nghiệp & Quy hoạch',5,2,25,NULL,1,NULL),(1640,'1170023','Luật & Chính sách môi trường',5,2,25,NULL,1,NULL),(1641,'130051','Giáo dục thể chất 5',5,0,25,NULL,1,NULL),(1642,'3060022','Phân tích công cụ',6,2,25,NULL,1,NULL),(1643,'1170033','Độc học môi trường',6,2,25,NULL,1,NULL),(1644,'3060202','Hoá học Môi trường',6,2,25,NULL,1,NULL),(1645,'1170431','Thoát nước Đô thị & CN (QLMT)',6,3,25,NULL,1,NULL),(1646,'1170441','Đồ án Thoát nước ĐT & CN (QLMT)',6,2,25,NULL,1,NULL),(1647,'1170491','Quản lý Chất lượng môi trường',6,2,25,NULL,1,NULL),(1648,'1170341','An toàn lao động',6,2,25,NULL,1,NULL),(1649,'1170401','Thực tập Nhận thức (QLMT)',6,1,25,NULL,1,NULL),(1650,'3060242','TN Phân tích công cụ',6,0.5,25,NULL,1,NULL),(1651,'1170411','Quản lý TN rừng & Đa dạng S.học',7,2,25,NULL,1,NULL),(1652,'4130271','Anh văn CN Quản lý môi trường',7,3,25,NULL,1,NULL),(1653,'1170451','Kiểm soát ô nhiễm MTKK & tiếng ồn',7,3,25,NULL,1,NULL),(1654,'1170461','Đồ án Kiểm soát MT không khí',7,2,25,NULL,1,NULL),(1655,'1170123','Quan trắc Khảo sát môi trường',7,3,25,NULL,1,NULL),(1656,'1170133','TN QT KS môi trường',7,0.5,25,NULL,1,NULL),(1657,'1170471','Quản lý Môi trường đô thị',7,2,25,NULL,1,NULL),(1658,'1170481','Thông gió & Môi trường Vi khí hậu',7,3,25,NULL,1,NULL),(1659,'1170163','Thực tập Quan trắc & Khảo sát',7,1,25,NULL,1,NULL),(1660,'1170421','Quản lý Tài nguyên đất',8,2,25,NULL,1,NULL),(1661,'1170501','Quản lý Môi trường nước',8,2,25,NULL,1,NULL),(1662,'1170511','ISO & Kiểm toán môi trường',8,3,25,NULL,1,NULL),(1663,'1170521','Xử lý nước thải đô thị (QLMT)',8,3,25,NULL,1,NULL),(1664,'1170531','Đồ án xử lý nước thải đô thị (QLMT)',8,2,25,NULL,1,NULL),(1665,'1180313','Kinh tế môi trường',8,2,25,NULL,1,NULL),(1666,'1170213','Xử lý nước thải công nghiệp',8,2,25,NULL,1,NULL),(1667,'1170541','Thực tập Công nhân (QLMT)',8,3,25,NULL,1,NULL),(1668,'1170551','Quản lý Môi trường khu công nghiệp',9,2,25,NULL,1,NULL),(1669,'1170561','Quản lý Chất thải rắn & CT nguy hại',9,3,25,NULL,1,NULL),(1670,'1170571','Đồ án Quản lý chất thải rắn',9,2,25,NULL,1,NULL),(1671,'1170273','Sản xuất sạch hơn',9,2,25,NULL,1,NULL),(1672,'1170581','Đánh giá Tác động M.trường (QLMT)',9,3,25,NULL,1,NULL),(1673,'1170983','Chuyên đề 1: GIS',9,2,25,NULL,1,NULL),(1674,'1170993','Chuyên đề 2: Tin học ứng dụng',9,2,25,NULL,1,NULL),(1675,'1170611','Thực tập Tốt nghiệp (QLMT)',10,3,25,NULL,1,NULL),(1676,'1170621','Đồ án Tốt nghiệp (QLMT)',10,10,25,NULL,1,NULL),(1677,'2090131','Những nguyên lý cơ bản của CN Mac-Lênin 1',1,2,26,NULL,1,NULL),(1678,'1080011','Hình hoạ',1,2,26,NULL,1,NULL),(1679,'3190111','Giải tích 1',1,4,26,NULL,1,NULL),(1680,'3060303','Hoá học Đại cương',1,2,26,NULL,1,NULL),(1681,'1020691','Tin học Đại cương',1,2,26,NULL,1,NULL),(1682,'1020701','TH Tin học đại cương',1,1,26,NULL,1,NULL),(1683,'130011','Giáo dục thể chất 1',1,0,26,NULL,1,NULL),(1684,'4130501','Anh văn A2.1',1,3,26,NULL,1,NULL),(1685,'2090141','Những nguyên lý CB của CN Mac-Lênin 2',2,3,26,NULL,1,NULL),(1686,'3050011','Vật lý 1',2,3,26,NULL,1,NULL),(1687,'3050651','TN Vật lý',2,1,26,NULL,1,NULL),(1688,'3190121','Giải tích 2',2,4,26,NULL,1,NULL),(1689,'3190131','Đại số',2,3,26,NULL,1,NULL),(1690,'4130311','Anh văn A2.2',2,4,26,NULL,1,NULL),(1691,'130021','Giáo dục thể chất 2',2,0,26,NULL,1,NULL),(1692,'2090101','Tư tưởng Hồ Chí Minh',3,2,26,NULL,1,NULL),(1693,'3050641','Vật lý 2',3,3,26,NULL,1,NULL),(1694,'1170011','Môi trường',3,2,26,NULL,1,NULL),(1695,'1050931','Kỹ thuật điện',3,2,26,NULL,1,NULL),(1696,'3190041','Xác suất thống kê',3,3,26,NULL,1,NULL),(1697,'1080491','Cơ học ứng dụng',3,3,26,NULL,1,NULL),(1698,'130031','Giáo dục thể chất 3',3,0,26,NULL,1,NULL),(1699,'2090121','Đường lối CM của ĐCS Việt Nam',4,3,26,NULL,1,NULL),(1700,'1080401','Vẽ Kỹ thuật',4,2,26,NULL,1,NULL),(1701,'1040451','Kỹ thuật nhiệt',4,2,26,NULL,1,NULL),(1702,'1061062','Kỹ thuật Điện tử',4,2,26,NULL,1,NULL),(1703,'1170650','Nhập môn ngành',4,2,26,NULL,1,NULL),(1704,'1010082','Công nghệ kim loại',4,2,26,NULL,1,NULL),(1705,'3190182','Toán chuyên ngành',4,3,26,NULL,1,NULL),(1706,'130041','Giáo dục thể chất 4',4,0,26,NULL,1,NULL),(1707,'1080482','AutoCAD',5,1,26,NULL,1,NULL),(1708,'3190052','Phương pháp tính',5,3,26,NULL,1,NULL),(1709,'1111272','Thủy lực',5,2,26,NULL,1,NULL),(1710,'1110023','TN Thuỷ lực cơ sở',5,0.5,26,NULL,1,NULL),(1711,'1072592','Vi sinh & Quá trình vi sinh vật',5,2,26,NULL,1,NULL),(1712,'3060312','Hóa lý - hóa keo',5,2,26,NULL,1,NULL),(1713,'3060172','TN Hoá lý hoá keo',5,0.5,26,NULL,1,NULL),(1714,'1072602','Quá trình chuyển khối',5,3,26,NULL,1,NULL),(1715,'1170662','Sinh thái môi trường',5,2,26,NULL,1,NULL),(1716,'130051','Giáo dục thể chất 5',5,0,26,NULL,1,NULL),(1717,'3060322','Hoá phân tích và phân tích môi trường',6,2,26,NULL,1,NULL),(1718,'3060332','TN Hóa phân tích và phân tích môi trường',6,1,26,NULL,1,NULL),(1719,'1030673','Thiết bị thuỷ khí',6,2,26,NULL,1,NULL),(1720,'1210292','Kiến trúc Công nghiệp & Quy hoạch Đô thị',6,2,26,NULL,1,NULL),(1721,'1170033','Độc học môi trường',6,2,26,NULL,1,NULL),(1722,'3060202','Hoá học Môi trường',6,2,26,NULL,1,NULL),(1723,'1170672','Quan trắc khảo sát môi trường',6,2,26,NULL,1,NULL),(1724,'1170682','TH Quan trắc khảo sát môi trường',6,1,26,NULL,1,NULL),(1725,'1170163','Thực tập Quan trắc & Khảo sát',6,1,26,NULL,1,NULL),(1726,'4130321','Anh văn CN Môi trường',7,2,26,NULL,1,NULL),(1727,'1170732','Kỹ thuật thông gió',7,2,26,NULL,1,NULL),(1728,'1170083','Thoát nước Đô thị & Công nghiệp',7,2,26,NULL,1,NULL),(1729,'1170692','Xử lý nước thải đô thị',7,2,26,NULL,1,NULL),(1730,'1170712','Đồ án Xử lý nước thải đô thị',7,2,26,NULL,1,NULL),(1731,'1170742','Kiểm soát ô nhiễm môi trường không khí',7,2,26,NULL,1,NULL),(1732,'1170752','Đồ án Thông gió & Xử lý khí thải',7,2,26,NULL,1,NULL),(1733,'1170762','Luật và chính sách môi trường',7,1,26,NULL,1,NULL),(1734,'1180943','Kinh tế ngành',8,2,26,NULL,1,NULL),(1735,'1170772','Cấp nước sinh hoạt và công nghiệp',8,2,26,NULL,1,NULL),(1736,'1170722','Đồ án Cấp nước sinh hoạt & C.nghiệp',8,2,26,NULL,1,NULL),(1737,'1170702','Xử lý nước thải công nghiệp',8,1,26,NULL,1,NULL),(1738,'1170782','TH xử lý chất thải',8,1,26,NULL,1,NULL),(1739,'1170283','Quản lý Chất thải rắn',8,2,26,NULL,1,NULL),(1740,'1170293','Đồ án Quản lý chất thải rắn',8,2,26,NULL,1,NULL),(1741,'1170233','Thực tập Công nhân',8,3,26,NULL,1,NULL),(1742,'1170792','An toàn lao động',9,1,26,NULL,1,NULL),(1743,'1170872','Xử lý nước cấp',9,2,26,NULL,1,NULL),(1744,'1170113','Đồ án Xử lý nước cấp',9,2,26,NULL,1,NULL),(1745,'1170243','Tin học ứng dụng',9,2,26,NULL,1,NULL),(1746,'1170802','TH Tin học ứng dụng',9,0.5,26,NULL,1,NULL),(1747,'1170812','Đánh giá tác động môi trường',9,1,26,NULL,1,NULL),(1748,'1170822','TH đánh giá tác động môi trường',9,0.5,26,NULL,1,NULL),(1749,'1170833','Thực tập tốt nghiệp (MT)',9,2,26,NULL,1,NULL),(1750,'1170843','Quản lý tổng hợp nguồn nước',9,2,26,NULL,1,NULL),(1751,'1170853','Mô hình Chất lượng nước',9,2,26,NULL,1,NULL),(1752,'1170863','Xử lý nước thải chi phí thấp',9,2,26,NULL,1,NULL),(1753,'1170223','Quản lý Môi trường',9,2,26,NULL,1,NULL),(1754,'1170333','Đồ án Tốt nghiệp',10,10,26,NULL,1,NULL),(1755,'2090131','Những nguyên lý cơ bản của CN Mac-Lênin 1',1,2,27,NULL,1,NULL),(1756,'1080011','Hình hoạ',1,2,27,NULL,1,NULL),(1757,'3190111','Giải tích 1',1,4,27,NULL,1,NULL),(1758,'3060303','Hoá học Đại cương',1,2,27,NULL,1,NULL),(1759,'1020691','Tin học Đại cương',1,2,27,NULL,1,NULL),(1760,'1020701','TH Tin học đại cương',1,1,27,NULL,1,NULL),(1761,'130011','Giáo dục thể chất 1',1,0,27,NULL,1,NULL),(1762,'4130501','Anh văn A2.1',1,3,27,NULL,1,NULL),(1763,'2090141','Những nguyên lý CB của CN Mac-Lênin 2',2,3,27,NULL,1,NULL),(1764,'3050011','Vật lý 1',2,3,27,NULL,1,NULL),(1765,'3050651','TN Vật lý',2,1,27,NULL,1,NULL),(1766,'3190121','Giải tích 2',2,4,27,NULL,1,NULL),(1767,'3190131','Đại số',2,3,27,NULL,1,NULL),(1768,'4130311','Anh văn A2.2',2,4,27,NULL,1,NULL),(1769,'130021','Giáo dục thể chất 2',2,0,27,NULL,1,NULL),(1770,'2090101','Tư tưởng Hồ Chí Minh',3,2,27,NULL,1,NULL),(1771,'1170011','Môi trường',3,2,27,NULL,1,NULL),(1772,'1050931','Kỹ thuật điện',3,2,27,NULL,1,NULL),(1773,'3190041','Xác suất thống kê',3,3,27,NULL,1,NULL),(1774,'3050641','Vật lý 2',3,3,27,NULL,1,NULL),(1775,'1080491','Cơ học ứng dụng',3,3,27,NULL,1,NULL),(1776,'130031','Giáo dục thể chất 3',3,0,27,NULL,1,NULL),(1777,'2090121','Đường lối CM của ĐCS Việt Nam',4,3,27,NULL,1,NULL),(1778,'1080401','Vẽ Kỹ thuật',4,2,27,NULL,1,NULL),(1779,'1040451','Kỹ thuật nhiệt',4,2,27,NULL,1,NULL),(1780,'1061062','Kỹ thuật Điện tử',4,2,27,NULL,1,NULL),(1781,'1170650','Nhập môn ngành',4,2,27,NULL,1,NULL),(1782,'1010082','Công nghệ kim loại',4,2,27,NULL,1,NULL),(1783,'3190182','Toán chuyên ngành',4,3,27,NULL,1,NULL),(1784,'130041','Giáo dục thể chất 4',4,0,27,NULL,1,NULL),(1785,'1080482','AutoCAD',5,1,27,NULL,1,NULL),(1786,'1111272','Thủy lực',5,2,27,NULL,1,NULL),(1787,'1110023','TN Thuỷ lực cơ sở',5,0.5,27,NULL,1,NULL),(1788,'1072592','Vi sinh & Quá trình vi sinh vật',5,2,27,NULL,1,NULL),(1789,'3060312','Hóa lý - hóa keo',5,2,27,NULL,1,NULL),(1790,'3060172','TN Hoá lý hoá keo',5,0.5,27,NULL,1,NULL),(1791,'1072602','Quá trình chuyển khối',5,3,27,NULL,1,NULL),(1792,'1170662','Sinh thái môi trường',5,2,27,NULL,1,NULL),(1793,'3190052','Phương pháp tính',5,3,27,NULL,1,NULL),(1794,'130051','Giáo dục thể chất 5',5,0,27,NULL,1,NULL),(1795,'1030673','Thiết bị thuỷ khí',6,2,27,NULL,1,NULL),(1796,'3060322','Hoá phân tích và phân tích môi trường',6,2,27,NULL,1,NULL),(1797,'3060332','TN Hóa phân tích và phân tích môi trường',6,1,27,NULL,1,NULL),(1798,'1210292','Kiến trúc Công nghiệp & Quy hoạch Đô thị',6,2,27,NULL,1,NULL),(1799,'1170033','Độc học môi trường',6,2,27,NULL,1,NULL),(1800,'3060202','Hoá học Môi trường',6,2,27,NULL,1,NULL),(1801,'1170672','Quan trắc khảo sát môi trường',6,2,27,NULL,1,NULL),(1802,'1170682','TH Quan trắc khảo sát môi trường',6,1,27,NULL,1,NULL),(1803,'1170163','Thực tập Quan trắc & Khảo sát',6,1,27,NULL,1,NULL),(1804,'1170083','Thoát nước Đô thị & Công nghiệp',7,2,27,NULL,1,NULL),(1805,'1170441','Đồ án Thoát nước ĐT & CN (QLMT)',7,2,27,NULL,1,NULL),(1806,'1170742','Kiểm soát ô nhiễm môi trường không khí',7,2,27,NULL,1,NULL),(1807,'1170752','Đồ án Thông gió & Xử lý khí thải',7,2,27,NULL,1,NULL),(1808,'1170692','Xử lý nước thải đô thị',7,2,27,NULL,1,NULL),(1809,'1170712','Đồ án Xử lý nước thải đô thị',7,2,27,NULL,1,NULL),(1810,'1170762','Luật và chính sách môi trường',7,1,27,NULL,1,NULL),(1811,'1170732','Kỹ thuật thông gió',7,2,27,NULL,1,NULL),(1812,'4130321','Anh văn CN Môi trường',7,2,27,NULL,1,NULL),(1813,'1180943','Kinh tế ngành',8,2,27,NULL,1,NULL),(1814,'1170883','Quản lý tài nguyên rừng & đa dạng sinh học',8,2,27,NULL,1,NULL),(1815,'1170283','Quản lý Chất thải rắn',8,2,27,NULL,1,NULL),(1816,'1170293','Đồ án Quản lý chất thải rắn',8,2,27,NULL,1,NULL),(1817,'1170702','Xử lý nước thải công nghiệp',8,1,27,NULL,1,NULL),(1818,'1170782','TH xử lý chất thải',8,1,27,NULL,1,NULL),(1819,'1170541','Thực tập Công nhân (QLMT)',8,3,27,NULL,1,NULL),(1820,'1170491','Quản lý Chất lượng môi trường',8,2,27,NULL,1,NULL),(1821,'1170792','An toàn lao động',9,1,27,NULL,1,NULL),(1822,'1170903','Quản lý tài nguyên đất',9,1,27,NULL,1,NULL),(1823,'1170973','Quản lý Môi trường đô thị và KCN',9,2,27,NULL,1,NULL),(1824,'1170913','GIS trong quản lý môi trường',9,1,27,NULL,1,NULL),(1825,'1170923','TH GIS trong quản lý môi trường',9,1,27,NULL,1,NULL),(1826,'1170812','Đánh giá tác động môi trường',9,1,27,NULL,1,NULL),(1827,'1170822','TH đánh giá tác động môi trường',9,0.5,27,NULL,1,NULL),(1828,'1170933','Thực tập tốt nghiệp (QLMT)',9,2,27,NULL,1,NULL),(1829,'1170943','Tin học ứng dụng (QLTN&MT)',9,1,27,NULL,1,NULL),(1830,'1170953','TH tin học ứng dụng (QLTN&MT)',9,0.5,27,NULL,1,NULL),(1831,'1170273','Sản xuất sạch hơn',9,2,27,NULL,1,NULL),(1832,'1170963','Hệ thống QLMT (ISO 14000)',9,2,27,NULL,1,NULL),(1833,'1170621','Đồ án Tốt nghiệp (QLMT)',10,10,27,NULL,1,NULL),(1834,'2090131','Những nguyên lý cơ bản của CN Mac-Lênin 1',1,2,28,NULL,1,NULL),(1835,'3190111','Giải tích 1',1,4,28,NULL,1,NULL),(1836,'1080011','Hình hoạ',1,2,28,NULL,1,NULL),(1837,'1102023','Kiến trúc nhập môn',1,2,28,NULL,1,NULL),(1838,'1020701','TH Tin học đại cương',1,1,28,NULL,1,NULL),(1839,'1020691','Tin học Đại cương',1,2,28,NULL,1,NULL),(1840,'130011','Giáo dục thể chất 1',1,0,28,NULL,1,NULL),(1841,'1210053','Vẽ mỹ thuật 1',1,2,28,NULL,1,NULL),(1842,'4130501','Anh văn A2.1',1,3,28,NULL,1,NULL),(1843,'1102033','Vẽ Mỹ thuật 2',2,2,28,NULL,1,NULL),(1844,'4130311','Anh văn A2.2',2,4,28,NULL,1,NULL),(1845,'3190121','Giải tích 2',2,4,28,NULL,1,NULL),(1846,'1080512','Hình hoạ kiến trúc',2,2,28,NULL,1,NULL),(1847,'1102043','Đồ án Kiến trúc nhỏ',2,2,28,NULL,1,NULL),(1848,'1102053','Tham quan kiến trúc',2,2,28,NULL,1,NULL),(1849,'130021','Giáo dục thể chất 2',2,0,28,NULL,1,NULL),(1850,'2090101','Tư tưởng Hồ Chí Minh',3,2,28,NULL,1,NULL),(1851,'1170011','Môi trường',3,2,28,NULL,1,NULL),(1852,'1080401','Vẽ Kỹ thuật',3,2,28,NULL,1,NULL),(1853,'1080482','AutoCAD',3,1,28,NULL,1,NULL),(1854,'1080700','Cơ lý thuyết',3,3,28,NULL,1,NULL),(1855,'1210013','Lý thuyết Sáng tác kiến trúc',3,3,28,NULL,1,NULL),(1856,'1100693','Kiến trúc Nhà ở',3,2,28,NULL,1,NULL),(1857,'1100743','Thiết kế nhanh 1',3,1,28,NULL,1,NULL),(1858,'130031','Giáo dục thể chất 3',3,0,28,NULL,1,NULL),(1859,'2090141','Những nguyên lý CB của CN Mac-Lênin 2',4,3,28,NULL,1,NULL),(1860,'1210063','Vẽ ghi',4,1.5,28,NULL,1,NULL),(1861,'1101382','Cơ học công trình',4,3,28,NULL,1,NULL),(1862,'1100783','Kiến trúc Nhà công cộng',4,3,28,NULL,1,NULL),(1863,'1100833','Thiết kế nhanh 2',4,1,28,NULL,1,NULL),(1864,'1210023','Cấu tạo Kiến trúc 1',4,2,28,NULL,1,NULL),(1865,'1210033','Đồ án Thiết kế nhà ở hộ gia đình',4,2,28,NULL,1,NULL),(1866,'1210043','Đồ án Trang trí kiến trúc',4,2,28,NULL,1,NULL),(1867,'130041','Giáo dục thể chất 4',4,0,28,NULL,1,NULL),(1868,'2090121','Đường lối CM của ĐCS Việt Nam',5,3,28,NULL,1,NULL),(1869,'1090372','Trắc địa',5,2,28,NULL,1,NULL),(1870,'1090752','Thực tập Trắc địa',5,1,28,NULL,1,NULL),(1871,'1170362','Vật lý kiến trúc 1',5,2,28,NULL,1,NULL),(1872,'1100813','Lịch sử Kiến trúc',5,3,28,NULL,1,NULL),(1873,'1210083','Đồ án Thiết kế chung cư thấp tầng',5,2,28,NULL,1,NULL),(1874,'1210093','Đồ án Thiết kế nhà văn hoá',5,2,28,NULL,1,NULL),(1875,'1210073','Cấu tạo kiến trúc 2',5,2,28,NULL,1,NULL),(1876,'130051','Giáo dục thể chất 5',5,0,28,NULL,1,NULL),(1877,'1210300','Kiến trúc công nghiệp 1',5,2,28,NULL,1,NULL),(1878,'1100923','Lịch sử Đô thị',6,2,28,NULL,1,NULL),(1879,'1170372','Vật lý kiến trúc 2',6,2,28,NULL,1,NULL),(1880,'1090382','Vật liệu xây dựng',6,2,28,NULL,1,NULL),(1881,'1101442','Kết cấu công trình (KT)',6,3,28,NULL,1,NULL),(1882,'1100873','Kiến trúc Công nghiệp 2 (KT)',6,2,28,NULL,1,NULL),(1883,'1210303','Đồ án Kiến trúc công nghiệp',6,2,28,NULL,1,NULL),(1884,'1100973','Xã hội học & Xã hội đô thị',6,2,28,NULL,1,NULL),(1885,'1210103','Đồ án Thiết kế nhà cao tầng',6,2,28,NULL,1,NULL),(1886,'1051353','Điện công trình',7,2,28,NULL,1,NULL),(1887,'1090443','Cơ đất nền móng (KT)',7,2,28,NULL,1,NULL),(1888,'1210113','Quy hoạch đô thị & nông thôn',7,3,28,NULL,1,NULL),(1889,'1101013','Nội thất',7,2,28,NULL,1,NULL),(1890,'1210123','Ngoại thất',7,2,28,NULL,1,NULL),(1891,'1210133','Đồ án Thiết kế công trình thể thao',7,2,28,NULL,1,NULL),(1892,'1210143','Đồ án Thiết kế công trình bảo tàng',7,2,28,NULL,1,NULL),(1893,'1210153','Đồ án Thiết kế công trình tại xưởng',7,2,28,NULL,1,NULL),(1894,'4130423','Anh văn CN Kiến trúc',7,2,28,NULL,1,NULL),(1895,'1210173','Điêu khắc',8,2,28,NULL,1,NULL),(1896,'1101033','Kỹ thuật Đô thị',8,2,28,NULL,1,NULL),(1897,'1101503','Kỹ thuật Tổ chức thi công (KT)',8,3,28,NULL,1,NULL),(1898,'1210183','Đồ án Quy hoạch',8,3,28,NULL,1,NULL),(1899,'1210193','Chuyên đề Kiến trúc cao tầng',8,2,28,NULL,1,NULL),(1900,'1210203','Chuyên đề Kiến trúc bền vững',8,2,28,NULL,1,NULL),(1901,'1210213','Chuyên đề Cấu trúc kiến trúc',8,2,28,NULL,1,NULL),(1902,'1170393','Cấp, thoát nước',9,2,28,NULL,1,NULL),(1903,'1180012','Kinh tế xây dựng',9,2,28,NULL,1,NULL),(1904,'1101113','Đồ án Tổng hợp',9,3,28,NULL,1,NULL),(1905,'1210253','Thực tập Tốt nghiệp (KT)',9,2,28,NULL,1,NULL),(1906,'1210223','Chuyên đề Mỹ học kiến trúc',9,2,28,NULL,1,NULL),(1907,'1210233','Chuyên đề Trang trí',9,2,28,NULL,1,NULL),(1908,'1101513','Cảnh quan kiến trúc',9,2,28,NULL,1,NULL),(1909,'1210243','Thiết kế Đô thị',9,2,28,NULL,1,NULL),(1910,'1101563','Đồ án Tốt nghiệp (KT)',10,10,28,NULL,1,NULL),(1911,'1020691','Tin học Đại cương',1,2,29,NULL,1,NULL),(1912,'1020701','TH Tin học đại cương',1,1,29,NULL,1,NULL),(1913,'1080011','Hình hoạ',1,2,29,NULL,1,NULL),(1914,'3190111','Giải tích 1',1,4,29,NULL,1,NULL),(1915,'2090131','Những nguyên lý cơ bản của CN Mac-Lênin 1',1,2,29,NULL,1,NULL),(1916,'130011','Giáo dục thể chất 1',1,0,29,NULL,1,NULL),(1917,'1072622','Hóa vô cơ',1,2,29,NULL,1,NULL),(1918,'1072612','TN Hóa vô cơ',1,0.5,29,NULL,1,NULL),(1919,'4130501','Anh văn A2.1',1,3,29,NULL,1,NULL),(1920,'3190121','Giải tích 2',2,4,29,NULL,1,NULL),(1921,'3190131','Đại số',2,3,29,NULL,1,NULL),(1922,'3050011','Vật lý 1',2,3,29,NULL,1,NULL),(1923,'3050651','TN Vật lý',2,1,29,NULL,1,NULL),(1924,'4130311','Anh văn A2.2',2,4,29,NULL,1,NULL),(1925,'130021','Giáo dục thể chất 2',2,0,29,NULL,1,NULL),(1926,'1072563','Hóa hữu cơ',2,3,29,NULL,1,NULL),(1927,'3060152','TN Hoá hữu cơ',2,1,29,NULL,1,NULL),(1928,'2090141','Những nguyên lý CB của CN Mac-Lênin 2',2,3,29,NULL,1,NULL),(1929,'3050641','Vật lý 2',3,3,29,NULL,1,NULL),(1930,'1072570','Nhập môn ngành CNTP',3,2,29,NULL,1,NULL),(1931,'1080491','Cơ học ứng dụng',3,3,29,NULL,1,NULL),(1932,'1050931','Kỹ thuật điện',3,2,29,NULL,1,NULL),(1933,'1050921','TN Kỹ thuật điện',3,0.5,29,NULL,1,NULL),(1934,'1072642','Hóa lý 1',3,3,29,NULL,1,NULL),(1935,'2090101','Tư tưởng Hồ Chí Minh',3,2,29,NULL,1,NULL),(1936,'130031','Giáo dục thể chất 3',3,0,29,NULL,1,NULL),(1937,'2090121','Đường lối CM của ĐCS Việt Nam',4,3,29,NULL,1,NULL),(1938,'1080401','Vẽ Kỹ thuật',4,2,29,NULL,1,NULL),(1939,'3190041','Xác suất thống kê',4,3,29,NULL,1,NULL),(1940,'1170011','Môi trường',4,2,29,NULL,1,NULL),(1941,'1072843','Hóa lý 2',4,2,29,NULL,1,NULL),(1942,'1071982','TN Hoá lý',4,1,29,NULL,1,NULL),(1943,'1072652','Quá trình thủy lực & cơ học',4,2,29,NULL,1,NULL),(1944,'130041','Giáo dục thể chất 4',4,0,29,NULL,1,NULL),(1945,'1072683','Phương pháp tính',5,3,29,NULL,1,NULL),(1946,'1072713','Hóa phân tích',5,2,29,NULL,1,NULL),(1947,'1072723','TN hóa phân tích',5,1,29,NULL,1,NULL),(1948,'1073033','Hóa sinh Thực phẩm 1',5,2,29,NULL,1,NULL),(1949,'1072403','TN Hoá sinh thực phẩm',5,1,29,NULL,1,NULL),(1950,'1072853','Vi sinh đại cương',5,2,29,NULL,1,NULL),(1951,'1072863','TN Vi sinh đại cương',5,1,29,NULL,1,NULL),(1952,'1070213','Quá trình & thiết bị truyền nhiệt',5,2,29,NULL,1,NULL),(1953,'130051','Giáo dục thể chất 5',5,0,29,NULL,1,NULL),(1954,'1072673','Quá trình & Thiết bị truyền chất',6,2,29,NULL,1,NULL),(1955,'1070243','TN Quá trình & TB CN hoá học',6,1,29,NULL,1,NULL),(1956,'1072763','Thực tập Quá trình & Thiết bị',6,1,29,NULL,1,NULL),(1957,'1072873','Hóa sinh TP 2',6,2,29,NULL,1,NULL),(1958,'1071123','Hoá học Thực phẩm',6,2,29,NULL,1,NULL),(1959,'1072033','TN Hoá học thực phẩm',6,0.5,29,NULL,1,NULL),(1960,'1072883','Đồ án CN Thực phẩm 1',6,1,29,NULL,1,NULL),(1961,'1072063','Vi sinh thực phẩm',6,2,29,NULL,1,NULL),(1962,'1072893','TN Vi sinh thực phẩm',6,0.5,29,NULL,1,NULL),(1963,'1070043','Cơ sở Thiết kế nhà máy',6,2,29,NULL,1,NULL),(1964,'4130363','Anh văn CN Hoá (TP)',7,2,29,NULL,1,NULL),(1965,'1072913','Toán chuyên ngành CNTP',7,3,29,NULL,1,NULL),(1966,'1072903','Cơ sở kỹ thuật thực phẩm',7,3,29,NULL,1,NULL),(1967,'1071603','Quản lý chất lượng thực phẩm',7,2,29,NULL,1,NULL),(1968,'1072923','TN Đánh giá cảm quan',7,0.5,29,NULL,1,NULL),(1969,'1072933','Dụng cụ đo lường và thiết bị TP',7,3,29,NULL,1,NULL),(1970,'1072943','Kỹ thuật bao bì thực phẩm',7,2,29,NULL,1,NULL),(1971,'1072953','Đồ án CN Thực phẩm 2',7,1,29,NULL,1,NULL),(1972,'1071583','Phân tích Thực phẩm',8,3,29,NULL,1,NULL),(1973,'1072963','TN Phân tích thực phẩm',8,0.5,29,NULL,1,NULL),(1974,'1071253','Công nghệ Lên men',8,3,29,NULL,1,NULL),(1975,'1072973','TN Công nghệ lên men',8,0.5,29,NULL,1,NULL),(1976,'1072983','Đồ án CN Thực phẩm 3',8,1,29,NULL,1,NULL),(1977,'1071193','Bảo quản thực phẩm',8,2,29,NULL,1,NULL),(1978,'1072413','Thực tập Công nhân (TP)',8,2,29,NULL,1,NULL),(1979,'1071273','CN Chế biến sữa & S.phẩm từ sữa',8,2,29,NULL,1,NULL),(1980,'1071283','TN CN chế biến sữa & SP từ sữa',8,0.5,29,NULL,1,NULL),(1981,'1072993','Đồ án thiết kế CNTP',9,2,29,NULL,1,NULL),(1982,'1180943','Kinh tế ngành',9,2,29,NULL,1,NULL),(1983,'1073003','Thực tập tốt nghiệp CNTP',9,2,29,NULL,1,NULL),(1984,'1071333','CN Chế biến đường - bánh kẹo',9,2,29,NULL,1,NULL),(1985,'1071343','TN CN chế biến đường- bánh kẹo',9,0.5,29,NULL,1,NULL),(1986,'1071353','Công nghệ Chế biến lương thực',9,2,29,NULL,1,NULL),(1987,'1071363','TN Công nghệ chế biến lương thực',9,0.5,29,NULL,1,NULL),(1988,'1071373','Công nghệ Chế biến cây nhiệt đới',9,2,29,NULL,1,NULL),(1989,'1071383','TN CN chế biến cây nhiệt đới',9,0.5,29,NULL,1,NULL),(1990,'1071313','Công nghệ Chế biến rau quả',9,2,29,NULL,1,NULL),(1991,'1071323','TN Chế biến rau quả',9,0.5,29,NULL,1,NULL),(1992,'1073013','Công nghệ chế biến thịt cá',9,2,29,NULL,1,NULL),(1993,'1073023','TN CN Chế biến thịt cá',9,0.5,29,NULL,1,NULL),(1994,'1071203','Kỹ thuật Sấy & Lạnh',9,2,29,NULL,1,NULL),(1995,'1073360','Phát triển sản phẩm thực phẩm',9,2,29,NULL,1,NULL),(1996,'1070353','Đồ án Tốt nghiệp (CNTP)',10,10,29,NULL,1,NULL),(1997,'1020701','TH Tin học đại cương',1,1,30,NULL,1,NULL),(1998,'1020691','Tin học Đại cương',1,2,30,NULL,1,NULL),(1999,'1080011','Hình hoạ',1,2,30,NULL,1,NULL),(2000,'3190111','Giải tích 1',1,4,30,NULL,1,NULL),(2001,'2090131','Những nguyên lý cơ bản của CN Mac-Lênin 1',1,2,30,NULL,1,NULL),(2002,'130011','Giáo dục thể chất 1',1,0,30,NULL,1,NULL),(2003,'1071972','TN Cơ sở lý thuyết hoá học',1,1,30,NULL,1,NULL),(2004,'1070073','Cơ sở Lý thuyết hoá học',1,2,30,NULL,1,NULL),(2005,'4130501','Anh văn A2.1',1,3,30,NULL,1,NULL),(2006,'3190121','Giải tích 2',2,4,30,NULL,1,NULL),(2007,'3190131','Đại số',2,3,30,NULL,1,NULL),(2008,'3050011','Vật lý 1',2,3,30,NULL,1,NULL),(2009,'3050651','TN Vật lý',2,1,30,NULL,1,NULL),(2010,'4130311','Anh văn A2.2',2,4,30,NULL,1,NULL),(2011,'130021','Giáo dục thể chất 2',2,0,30,NULL,1,NULL),(2012,'2090141','Những nguyên lý CB của CN Mac-Lênin 2',2,3,30,NULL,1,NULL),(2013,'2090101','Tư tưởng Hồ Chí Minh',3,2,30,NULL,1,NULL),(2014,'3050641','Vật lý 2',3,3,30,NULL,1,NULL),(2015,'1050931','Kỹ thuật điện',3,2,30,NULL,1,NULL),(2016,'1050921','TN Kỹ thuật điện',3,0.5,30,NULL,1,NULL),(2017,'1170011','Môi trường',3,2,30,NULL,1,NULL),(2018,'1080491','Cơ học ứng dụng',3,3,30,NULL,1,NULL),(2019,'1072622','Hóa vô cơ',3,2,30,NULL,1,NULL),(2020,'1072612','TN Hóa vô cơ',3,0.5,30,NULL,1,NULL),(2021,'130031','Giáo dục thể chất 3',3,0,30,NULL,1,NULL),(2022,'2090121','Đường lối CM của ĐCS Việt Nam',4,3,30,NULL,1,NULL),(2023,'1080401','Vẽ Kỹ thuật',4,2,30,NULL,1,NULL),(2024,'3190041','Xác suất thống kê',4,3,30,NULL,1,NULL),(2025,'1072563','Hóa hữu cơ',4,3,30,NULL,1,NULL),(2026,'1072632','TN Hóa hữu cơ',4,1,30,NULL,1,NULL),(2027,'1072652','Quá trình thủy lực & cơ học',4,2,30,NULL,1,NULL),(2028,'1072642','Hóa lý 1',4,3,30,NULL,1,NULL),(2029,'130041','Giáo dục thể chất 4',4,0,30,NULL,1,NULL),(2030,'1072843','Hóa lý 2',5,2,30,NULL,1,NULL),(2031,'1071982','TN Hoá lý',5,1,30,NULL,1,NULL),(2032,'1070213','Quá trình & thiết bị truyền nhiệt',5,2,30,NULL,1,NULL),(2033,'1072663','Hóa sinh 1',5,2,30,NULL,1,NULL),(2034,'1070123','TN Hoá sinh 1',5,1,30,NULL,1,NULL),(2035,'1072673','Quá trình & Thiết bị truyền chất',5,2,30,NULL,1,NULL),(2036,'1070243','TN Quá trình & TB CN hoá học',5,1,30,NULL,1,NULL),(2037,'1072683','Phương pháp tính',5,3,30,NULL,1,NULL),(2038,'1072582','Nhập môn ngành CNSH',5,2,30,NULL,1,NULL),(2039,'130051','Giáo dục thể chất 5',5,0,30,NULL,1,NULL),(2040,'1072693','Sinh học đại cương',6,3,30,NULL,1,NULL),(2041,'1071043','Hoá sinh 2',6,2,30,NULL,1,NULL),(2042,'1071053','TN Hoá sinh 2',6,1,30,NULL,1,NULL),(2043,'1072703','Cơ sở sinh học phân tử',6,3,30,NULL,1,NULL),(2044,'1072713','Hóa phân tích',6,2,30,NULL,1,NULL),(2045,'1072723','TN hóa phân tích',6,1,30,NULL,1,NULL),(2046,'1072763','Thực tập Quá trình & Thiết bị',6,1,30,NULL,1,NULL),(2047,'1072733','Vi sinh',6,3,30,NULL,1,NULL),(2048,'1072743','TN Vi sinh',7,1,30,NULL,1,NULL),(2049,'4130342','Anh văn CN Hoá (SH)',7,2,30,NULL,1,NULL),(2050,'1180943','Kinh tế ngành',7,2,30,NULL,1,NULL),(2051,'1072753','ATLĐ và vệ sinh CN',7,1,30,NULL,1,NULL),(2052,'1072773','Công nghệ Vi sinh vật',7,2,30,NULL,1,NULL),(2053,'1072783','TN Công nghệ Vi sinh vật',7,1,30,NULL,1,NULL),(2054,'1070143','Kỹ thuật Sinh học phân tử',7,2,30,NULL,1,NULL),(2055,'1072793','TN kỹ thuật sinh học phân tử',7,1,30,NULL,1,NULL),(2056,'1072523','Đồ án Công nghệ 1',7,2,30,NULL,1,NULL),(2057,'1072823','Toán chuyên ngành',8,3,30,NULL,1,NULL),(2058,'1072803','Quá trình và thiết bị Công nghệ Sinh học',8,2,30,NULL,1,NULL),(2059,'1070153','KT Phân tích trong CN sinh học',8,2,30,NULL,1,NULL),(2060,'1070043','Cơ sở Thiết kế nhà máy',8,2,30,NULL,1,NULL),(2061,'1072813','Công nghệ Enzym',8,2,30,NULL,1,NULL),(2062,'1071443','TN Công nghệ Enzym',8,1,30,NULL,1,NULL),(2063,'1070173','Thực tập Công nhân (SH)',8,2,30,NULL,1,NULL),(2064,'1071563','Sinh hoá miễn dịch',9,2,30,NULL,1,NULL),(2065,'1072533','Đồ án Công nghệ 2',9,2,30,NULL,1,NULL),(2066,'1072833','Thực tập tốt nghiệp (SH)',9,2,30,NULL,1,NULL),(2067,'1071483','Công nghệ Dược phẩm',9,2,30,NULL,1,NULL),(2068,'1070793','Công nghệ tế bào Động vật',9,3,30,NULL,1,NULL),(2069,'1071953','Tin sinh học',9,2,30,NULL,1,NULL),(2070,'1071963','TH Tin sinh học',9,1,30,NULL,1,NULL),(2071,'1071493','CN Sinh học bảo vệ môi trường',9,3,30,NULL,1,NULL),(2072,'1071503','TN Sinh học bảo vệ môi trường',9,1,30,NULL,1,NULL),(2073,'1071513','Sinh học thực phẩm',9,2,30,NULL,1,NULL),(2074,'1071553','Nấm & Vi nấm',9,2,30,NULL,1,NULL),(2075,'1070653','Công nghệ tế bào Thực vật',9,3,30,NULL,1,NULL),(2076,'1072440','TN Công nghệ tế bào thực vật',9,1,30,NULL,1,NULL),(2077,'1071533','Công nghệ Sinh học Chăn nuôi',9,2,30,NULL,1,NULL),(2078,'1071543','Công nghệ Sinh học Trồng trọt',9,2,30,NULL,1,NULL),(2079,'1070333','Đồ án Tốt nghiệp',10,10,30,NULL,1,NULL),(2080,'1020701','TH Tin học đại cương',1,1,31,NULL,1,NULL),(2081,'1020691','Tin học Đại cương',1,2,31,NULL,1,NULL),(2082,'1080011','Hình hoạ',1,2,31,NULL,1,NULL),(2083,'3190111','Giải tích 1',1,4,31,NULL,1,NULL),(2084,'2090131','Những nguyên lý cơ bản của CN Mac-Lênin 1',1,2,31,NULL,1,NULL),(2085,'130011','Giáo dục thể chất 1',1,0,31,NULL,1,NULL),(2086,'1070073','Cơ sở Lý thuyết hoá học',1,2,31,NULL,1,NULL),(2087,'1071972','TN Cơ sở lý thuyết hoá học',1,1,31,NULL,1,NULL),(2088,'4130501','Anh văn A2.1',1,3,31,NULL,1,NULL),(2089,'3190121','Giải tích 2',2,4,31,NULL,1,NULL),(2090,'3190131','Đại số',2,3,31,NULL,1,NULL),(2091,'3050011','Vật lý 1',2,3,31,NULL,1,NULL),(2092,'3050651','TN Vật lý',2,1,31,NULL,1,NULL),(2093,'4130311','Anh văn A2.2',2,4,31,NULL,1,NULL),(2094,'130021','Giáo dục thể chất 2',2,0,31,NULL,1,NULL),(2095,'2090141','Những nguyên lý CB của CN Mac-Lênin 2',2,3,31,NULL,1,NULL),(2096,'2090101','Tư tưởng Hồ Chí Minh',3,2,31,NULL,1,NULL),(2097,'1170011','Môi trường',3,2,31,NULL,1,NULL),(2098,'1050931','Kỹ thuật điện',3,2,31,NULL,1,NULL),(2099,'1050921','TN Kỹ thuật điện',3,0.5,31,NULL,1,NULL),(2100,'3050641','Vật lý 2',3,3,31,NULL,1,NULL),(2101,'1072622','Hóa vô cơ',3,2,31,NULL,1,NULL),(2102,'1072612','TN Hóa vô cơ',3,0.5,31,NULL,1,NULL),(2103,'1080491','Cơ học ứng dụng',3,3,31,NULL,1,NULL),(2104,'130031','Giáo dục thể chất 3',3,0,31,NULL,1,NULL),(2105,'2090121','Đường lối CM của ĐCS Việt Nam',4,3,31,NULL,1,NULL),(2106,'1080401','Vẽ Kỹ thuật',4,2,31,NULL,1,NULL),(2107,'3190041','Xác suất thống kê',4,3,31,NULL,1,NULL),(2108,'1072652','Quá trình thủy lực & cơ học',4,2,31,NULL,1,NULL),(2109,'1072642','Hóa lý 1',4,3,31,NULL,1,NULL),(2110,'1072563','Hóa hữu cơ',4,3,31,NULL,1,NULL),(2111,'1072632','TN Hóa hữu cơ',4,1,31,NULL,1,NULL),(2112,'130041','Giáo dục thể chất 4',4,0,31,NULL,1,NULL),(2113,'1180943','Kinh tế ngành',5,2,31,NULL,1,NULL),(2114,'1072683','Phương pháp tính',5,3,31,NULL,1,NULL),(2115,'1072823','Toán chuyên ngành',5,3,31,NULL,1,NULL),(2116,'1072753','ATLĐ và vệ sinh CN',5,1,31,NULL,1,NULL),(2117,'1070213','Quá trình & thiết bị truyền nhiệt',5,2,31,NULL,1,NULL),(2118,'1070243','TN Quá trình & TB CN hoá học',5,1,31,NULL,1,NULL),(2119,'1072713','Hóa phân tích',5,2,31,NULL,1,NULL),(2120,'1072723','TN hóa phân tích',5,1,31,NULL,1,NULL),(2121,'130051','Giáo dục thể chất 5',5,0,31,NULL,1,NULL),(2122,'1072580','Nhập môn ngành KTDK',6,2,31,NULL,1,NULL),(2123,'1072843','Hóa lý 2',6,2,31,NULL,1,NULL),(2124,'1071982','TN Hoá lý',6,1,31,NULL,1,NULL),(2125,'1072673','Quá trình & Thiết bị truyền chất',6,2,31,NULL,1,NULL),(2126,'1072763','Thực tập Quá trình & Thiết bị',6,1,31,NULL,1,NULL),(2127,'1073173','Kỹ thuật - Thiết bị phản ứng',6,2,31,NULL,1,NULL),(2128,'1072213','Nhiệt động học ứng dụng',6,2,31,NULL,1,NULL),(2129,'1073053','Hóa học dầu mỏ',6,2,31,NULL,1,NULL),(2130,'1073063','TN Hóa học dầu mỏ',6,1,31,NULL,1,NULL),(2131,'4130353','Anh văn CN Hoá (DK)',7,2,31,NULL,1,NULL),(2132,'1073073','Cơ sở thiết kế nhà máy dầu khí',7,2,31,NULL,1,NULL),(2133,'1070033','Kỹ thuật Xúc tác',7,2,31,NULL,1,NULL),(2134,'1070253','Đồ án Quá trình & Thiết bị',7,2,31,NULL,1,NULL),(2135,'1070063','Thiết kế mô phỏng',7,2,31,NULL,1,NULL),(2136,'1072303','Chưng cất đa cấu tử',7,2,31,NULL,1,NULL),(2137,'1073083','Kỹ thuật phân tích dầu thô & sản phẩm',7,2,31,NULL,1,NULL),(2138,'1073093','Quá trình Lọc tách trong công nghiệp dầu khí',7,2,31,NULL,1,NULL),(2139,'1071793','Đồ án Công nghệ 1 (Hoá dầu)',8,2,31,NULL,1,NULL),(2140,'1070563','Công nghệ Lọc dầu 1',8,2,31,NULL,1,NULL),(2141,'1073103','Công nghệ Lọc dầu 2',8,2,31,NULL,1,NULL),(2142,'1070573','TN Công nghệ lọc dầu',8,1,31,NULL,1,NULL),(2143,'1073113','Công nghệ Hóa dầu',8,2,31,NULL,1,NULL),(2144,'1070593','TN Công nghệ hoá dầu',8,1,31,NULL,1,NULL),(2145,'1072313','Thực tập Công nhân (hoá dầu)',8,2,31,NULL,1,NULL),(2146,'1070643','Thiết bị dầu khí',8,2,31,NULL,1,NULL),(2147,'1073123','Kỹ thuật khai thác dầu khí',8,2,31,NULL,1,NULL),(2148,'1071803','Đồ án Công nghệ 2 (Hoá dầu)',9,2,31,NULL,1,NULL),(2149,'1073143','Công nghệ Chế biến khí',9,2,31,NULL,1,NULL),(2150,'1073153','TH Công nghệ Chế biến khí',9,1,31,NULL,1,NULL),(2151,'1072333','Khống chế & điều khiển quá trình',9,2,31,NULL,1,NULL),(2152,'1070633','Dầu nhờn, mỡ, phụ gia',9,2,31,NULL,1,NULL),(2153,'1073043','Tối ưu hóa nhà máy lọc dầu',9,1,31,NULL,1,NULL),(2154,'1073163','Động cơ & Ô nhiễm môi trường',9,2,31,NULL,1,NULL),(2155,'1070673','Sản phẩm dầu mỏ thương phẩm',9,2,31,NULL,1,NULL),(2156,'1073133','Thực tập tốt nghiệp (Hóa dầu)',9,2,31,NULL,1,NULL),(2157,'1072323','Đồ án Tốt nghiệp (Hoá dầu)',10,10,31,NULL,1,NULL),(2158,'1020691','Tin học Đại cương',1,2,32,NULL,1,NULL),(2159,'1020701','TH Tin học đại cương',1,1,32,NULL,1,NULL),(2160,'1080011','Hình hoạ',1,2,32,NULL,1,NULL),(2161,'3190111','Giải tích 1',1,4,32,NULL,1,NULL),(2162,'2090131','Những nguyên lý cơ bản của CN Mac-Lênin 1',1,2,32,NULL,1,NULL),(2163,'4130241','Anh văn 1',1,3,32,NULL,1,NULL),(2164,'130011','Giáo dục thể chất 1',1,0,32,NULL,1,NULL),(2165,'1070073','Cơ sở Lý thuyết hoá học',1,2,32,NULL,1,NULL),(2166,'1071972','TN Cơ sở lý thuyết hoá học',1,1,32,NULL,1,NULL),(2167,'3190121','Giải tích 2',2,4,32,NULL,1,NULL),(2168,'3190131','Đại số',2,3,32,NULL,1,NULL),(2169,'3050011','Vật lý 1',2,3,32,NULL,1,NULL),(2170,'3050651','TN Vật lý',2,1,32,NULL,1,NULL),(2171,'4130311','Anh văn A2.2',2,4,32,NULL,1,NULL),(2172,'130021','Giáo dục thể chất 2',2,0,32,NULL,1,NULL),(2173,'2090141','Những nguyên lý CB của CN Mac-Lênin 2',2,3,32,NULL,1,NULL),(2174,'2090101','Tư tưởng Hồ Chí Minh',3,2,32,NULL,1,NULL),(2175,'1170011','Môi trường',3,2,32,NULL,1,NULL),(2176,'3050641','Vật lý 2',3,3,32,NULL,1,NULL),(2177,'1050931','Kỹ thuật điện',3,2,32,NULL,1,NULL),(2178,'1050921','TN Kỹ thuật điện',3,0.5,32,NULL,1,NULL),(2179,'1072612','TN Hóa vô cơ',3,0.5,32,NULL,1,NULL),(2180,'1080491','Cơ học ứng dụng',3,3,32,NULL,1,NULL),(2181,'1072622','Hóa vô cơ',3,2,32,NULL,1,NULL),(2182,'130031','Giáo dục thể chất 3',3,0,32,NULL,1,NULL),(2183,'2090121','Đường lối CM của ĐCS Việt Nam',4,3,32,NULL,1,NULL),(2184,'1080401','Vẽ Kỹ thuật',4,2,32,NULL,1,NULL),(2185,'3190041','Xác suất thống kê',4,3,32,NULL,1,NULL),(2186,'1072642','Hóa lý 1',4,3,32,NULL,1,NULL),(2187,'1072563','Hóa hữu cơ',4,3,32,NULL,1,NULL),(2188,'1072632','TN Hóa hữu cơ',4,1,32,NULL,1,NULL),(2189,'1072652','Quá trình thủy lực & cơ học',4,2,32,NULL,1,NULL),(2190,'130041','Giáo dục thể chất 4',4,0,32,NULL,1,NULL),(2191,'1180943','Kinh tế ngành',5,2,32,NULL,1,NULL),(2192,'1072683','Phương pháp tính',5,3,32,NULL,1,NULL),(2193,'1072753','ATLĐ và vệ sinh CN',5,1,32,NULL,1,NULL),(2194,'1072713','Hóa phân tích',5,2,32,NULL,1,NULL),(2195,'1072723','TN hóa phân tích',5,1,32,NULL,1,NULL),(2196,'1072843','Hóa lý 2',5,2,32,NULL,1,NULL),(2197,'1071982','TN Hoá lý',5,1,32,NULL,1,NULL),(2198,'1070213','Quá trình & thiết bị truyền nhiệt',5,2,32,NULL,1,NULL),(2199,'130051','Giáo dục thể chất 5',5,0,32,NULL,1,NULL),(2200,'1072823','Toán chuyên ngành',6,3,32,NULL,1,NULL),(2201,'1072490','Nhập môn ngành CNVL',6,2,32,NULL,1,NULL),(2202,'1072132','Vật liệu học đại cương',6,2,32,NULL,1,NULL),(2203,'1072673','Quá trình & Thiết bị truyền chất',6,2,32,NULL,1,NULL),(2204,'1070243','TN Quá trình & TB CN hoá học',6,1,32,NULL,1,NULL),(2205,'1072763','Thực tập Quá trình & Thiết bị',6,1,32,NULL,1,NULL),(2206,'1070043','Cơ sở Thiết kế nhà máy',6,2,32,NULL,1,NULL),(2207,'1070683','Hoá học cao phân tử',7,2,32,NULL,1,NULL),(2208,'1073363','TN hóa học cao phân tử',7,0.5,32,NULL,1,NULL),(2209,'1073370','Hoá lý Polyme',7,3,32,NULL,1,NULL),(2210,'1070713','Kỹ thuật Sản xuất nhựa',7,3,32,NULL,1,NULL),(2211,'1070723','TN Kỹ thuật sản xuất nhựa',7,1,32,NULL,1,NULL),(2212,'1070063','Thiết kế mô phỏng',7,2,32,NULL,1,NULL),(2213,'1070743','Kỹ thuật gia công Cao su',7,3,32,NULL,1,NULL),(2214,'1073183','TN Kỹ thuật gia công cao su',7,0.5,32,NULL,1,NULL),(2215,'1072223','Kỹ thuật Sản xuất xenlulo & giấy',7,2,32,NULL,1,NULL),(2216,'1073193','Công nghê SX chất tẩy rửa',7,2,32,NULL,1,NULL),(2217,'4130372','Anh văn CN Hóa (CNVL)',8,2,32,NULL,1,NULL),(2218,'1071763','Đồ án Công nghệ 1 (Polymer)',8,2,32,NULL,1,NULL),(2219,'1070733','Gia công Composite',8,2,32,NULL,1,NULL),(2220,'1072373','TN Gia công composite',8,1,32,NULL,1,NULL),(2221,'1072243','Gia công Nhựa nhiệt dẻo',8,2,32,NULL,1,NULL),(2222,'1070813','Gia công Sợi hoá học',8,2,32,NULL,1,NULL),(2223,'1073213','TN Công nghệ keo dán',8,0.5,32,NULL,1,NULL),(2224,'1072353','Thực tập Công nhân (polymer)',8,2,32,NULL,1,NULL),(2225,'1070823','Công nghệ Keo dán',8,2,32,NULL,1,NULL),(2226,'1073223','Công nghệ chất kết dính hữu cơ',8,2,32,NULL,1,NULL),(2227,'1073283','Thực tập tốt nghiệp (Polymer)',9,2,32,NULL,1,NULL),(2228,'1071773','Đồ án Công nghệ 2 (Polymer)',9,2,32,NULL,1,NULL),(2229,'1070783','Phân tích Polymer',9,2,32,NULL,1,NULL),(2230,'1072253','Phụ gia trong công nghệ Polymer',9,2,32,NULL,1,NULL),(2231,'1070803','TN Công nghệ sơn, vecni',9,0.5,32,NULL,1,NULL),(2232,'1072333','Khống chế & điều khiển quá trình',9,2,32,NULL,1,NULL),(2233,'1073303','Công nghệ Sơn, Vecni',9,2,32,NULL,1,NULL),(2234,'1073313','Công nghệ lớp phủ hữu cơ',9,2,32,NULL,1,NULL),(2235,'1072273','Vật liệu nano trong CN polymer',9,2,32,NULL,1,NULL),(2236,'1073323','Vật liệu polymer tiên tiến',9,2,32,NULL,1,NULL),(2237,'1070303','Đồ án Tốt nghiệp (CNVL_H1)',10,10,32,NULL,1,NULL),(2238,'1020691','Tin học Đại cương',1,2,33,NULL,1,NULL),(2239,'1020701','TH Tin học đại cương',1,1,33,NULL,1,NULL),(2240,'1080011','Hình hoạ',1,2,33,NULL,1,NULL),(2241,'3190111','Giải tích 1',1,4,33,NULL,1,NULL),(2242,'2090131','Những nguyên lý cơ bản của CN Mac-Lênin 1',1,2,33,NULL,1,NULL),(2243,'130011','Giáo dục thể chất 1',1,0,33,NULL,1,NULL),(2244,'1070073','Cơ sở Lý thuyết hoá học',1,2,33,NULL,1,NULL),(2245,'1071972','TN Cơ sở lý thuyết hoá học',1,1,33,NULL,1,NULL),(2246,'4130501','Anh văn A2.1',1,3,33,NULL,1,NULL),(2247,'3190121','Giải tích 2',2,4,33,NULL,1,NULL),(2248,'3190131','Đại số',2,3,33,NULL,1,NULL),(2249,'3050011','Vật lý 1',2,3,33,NULL,1,NULL),(2250,'3050651','TN Vật lý',2,1,33,NULL,1,NULL),(2251,'4130311','Anh văn A2.2',2,4,33,NULL,1,NULL),(2252,'130021','Giáo dục thể chất 2',2,0,33,NULL,1,NULL),(2253,'2090141','Những nguyên lý CB của CN Mac-Lênin 2',2,3,33,NULL,1,NULL),(2254,'2090101','Tư tưởng Hồ Chí Minh',3,2,33,NULL,1,NULL),(2255,'1170011','Môi trường',3,2,33,NULL,1,NULL),(2256,'3050641','Vật lý 2',3,3,33,NULL,1,NULL),(2257,'1050931','Kỹ thuật điện',3,2,33,NULL,1,NULL),(2258,'1050921','TN Kỹ thuật điện',3,0.5,33,NULL,1,NULL),(2259,'1072612','TN Hóa vô cơ',3,0.5,33,NULL,1,NULL),(2260,'1080491','Cơ học ứng dụng',3,3,33,NULL,1,NULL),(2261,'1072622','Hóa vô cơ',3,2,33,NULL,1,NULL),(2262,'130031','Giáo dục thể chất 3',3,0,33,NULL,1,NULL),(2263,'2090121','Đường lối CM của ĐCS Việt Nam',4,3,33,NULL,1,NULL),(2264,'1080401','Vẽ Kỹ thuật',4,2,33,NULL,1,NULL),(2265,'3190041','Xác suất thống kê',4,3,33,NULL,1,NULL),(2266,'1072642','Hóa lý 1',4,3,33,NULL,1,NULL),(2267,'1072563','Hóa hữu cơ',4,3,33,NULL,1,NULL),(2268,'1072632','TN Hóa hữu cơ',4,1,33,NULL,1,NULL),(2269,'1072652','Quá trình thủy lực & cơ học',4,2,33,NULL,1,NULL),(2270,'130041','Giáo dục thể chất 4',4,0,33,NULL,1,NULL),(2271,'1180943','Kinh tế ngành',5,2,33,NULL,1,NULL),(2272,'1072683','Phương pháp tính',5,3,33,NULL,1,NULL),(2273,'1072753','ATLĐ và vệ sinh CN',5,1,33,NULL,1,NULL),(2274,'1072713','Hóa phân tích',5,2,33,NULL,1,NULL),(2275,'1072723','TN hóa phân tích',5,1,33,NULL,1,NULL),(2276,'1072843','Hóa lý 2',5,2,33,NULL,1,NULL),(2277,'1071982','TN Hoá lý',5,1,33,NULL,1,NULL),(2278,'1070213','Quá trình & thiết bị truyền nhiệt',5,2,33,NULL,1,NULL),(2279,'130051','Giáo dục thể chất 5',5,0,33,NULL,1,NULL),(2280,'1072823','Toán chuyên ngành',6,3,33,NULL,1,NULL),(2281,'1072490','Nhập môn ngành CNVL',6,2,33,NULL,1,NULL),(2282,'1072132','Vật liệu học đại cương',6,2,33,NULL,1,NULL),(2283,'1072673','Quá trình & Thiết bị truyền chất',6,2,33,NULL,1,NULL),(2284,'1070243','TN Quá trình & TB CN hoá học',6,1,33,NULL,1,NULL),(2285,'1072763','Thực tập Quá trình & Thiết bị',6,1,33,NULL,1,NULL),(2286,'1070043','Cơ sở Thiết kế nhà máy',6,2,33,NULL,1,NULL),(2287,'1070683','Hoá học cao phân tử',7,2,33,NULL,1,NULL),(2288,'1073363','TN hóa học cao phân tử',7,0.5,33,NULL,1,NULL),(2289,'1073370','Hoá lý Polyme',7,3,33,NULL,1,NULL),(2290,'1070713','Kỹ thuật Sản xuất nhựa',7,3,33,NULL,1,NULL),(2291,'1070723','TN Kỹ thuật sản xuất nhựa',7,1,33,NULL,1,NULL),(2292,'1070063','Thiết kế mô phỏng',7,2,33,NULL,1,NULL),(2293,'1070743','Kỹ thuật gia công Cao su',7,3,33,NULL,1,NULL),(2294,'1073183','TN Kỹ thuật gia công cao su',7,0.5,33,NULL,1,NULL),(2295,'1072223','Kỹ thuật Sản xuất xenlulo & giấy',7,2,33,NULL,1,NULL),(2296,'1073193','Công nghê SX chất tẩy rửa',7,2,33,NULL,1,NULL),(2297,'4130372','Anh văn CN Hóa (CNVL)',8,2,33,NULL,1,NULL),(2298,'1071763','Đồ án Công nghệ 1 (Polymer)',8,2,33,NULL,1,NULL),(2299,'1070733','Gia công Composite',8,2,33,NULL,1,NULL),(2300,'1072373','TN Gia công composite',8,1,33,NULL,1,NULL),(2301,'1072243','Gia công Nhựa nhiệt dẻo',8,2,33,NULL,1,NULL),(2302,'1070813','Gia công Sợi hoá học',8,2,33,NULL,1,NULL),(2303,'1073213','TN Công nghệ keo dán',8,0.5,33,NULL,1,NULL),(2304,'1072353','Thực tập Công nhân (polymer)',8,2,33,NULL,1,NULL),(2305,'1070823','Công nghệ Keo dán',8,2,33,NULL,1,NULL),(2306,'1073223','Công nghệ chất kết dính hữu cơ',8,2,33,NULL,1,NULL),(2307,'1073283','Thực tập tốt nghiệp (Polymer)',9,2,33,NULL,1,NULL),(2308,'1071773','Đồ án Công nghệ 2 (Polymer)',9,2,33,NULL,1,NULL),(2309,'1070783','Phân tích Polymer',9,2,33,NULL,1,NULL),(2310,'1072253','Phụ gia trong công nghệ Polymer',9,2,33,NULL,1,NULL),(2311,'1070803','TN Công nghệ sơn, vecni',9,0.5,33,NULL,1,NULL),(2312,'1072333','Khống chế & điều khiển quá trình',9,2,33,NULL,1,NULL),(2313,'1073303','Công nghệ Sơn, Vecni',9,2,33,NULL,1,NULL),(2314,'1073313','Công nghệ lớp phủ hữu cơ',9,2,33,NULL,1,NULL),(2315,'1072273','Vật liệu nano trong CN polymer',9,2,33,NULL,1,NULL),(2316,'1073323','Vật liệu polymer tiên tiến',9,2,33,NULL,1,NULL),(2317,'1070303','Đồ án Tốt nghiệp (CNVL_H1)',10,10,33,NULL,1,NULL),(2318,'4130241','Anh văn 1',1,3,34,NULL,1,NULL),(2319,'3190111','Giải tích 1',1,4,34,NULL,1,NULL),(2320,'1020691','Tin học Đại cương',1,2,34,NULL,1,NULL),(2321,'1020701','TH Tin học đại cương',1,1,34,NULL,1,NULL),(2322,'1080011','Hình hoạ',1,2,34,NULL,1,NULL),(2323,'1070073','Cơ sở Lý thuyết hoá học',1,2,34,NULL,1,NULL),(2324,'1071972','TN Cơ sở lý thuyết hoá học',1,1,34,NULL,1,NULL),(2325,'130011','Giáo dục thể chất 1',1,0,34,NULL,1,NULL),(2326,'2090131','Những nguyên lý cơ bản của CN Mac-Lênin 1',1,2,34,NULL,1,NULL),(2327,'4130280','Anh văn A1 (dự bị)',1,5,34,NULL,1,NULL),(2328,'2090141','Những nguyên lý CB của CN Mac-Lênin 2',2,3,34,NULL,1,NULL),(2329,'4130251','Anh văn 2',2,2,34,NULL,1,NULL),(2330,'3190121','Giải tích 2',2,4,34,NULL,1,NULL),(2331,'3050011','Vật lý 1',2,3,34,NULL,1,NULL),(2332,'1050931','Kỹ thuật điện',2,2,34,NULL,1,NULL),(2333,'1050921','TN Kỹ thuật điện',2,0.5,34,NULL,1,NULL),(2334,'1061062','Kỹ thuật Điện tử',2,2,34,NULL,1,NULL),(2335,'1080401','Vẽ Kỹ thuật',2,2,34,NULL,1,NULL),(2336,'1170011','Môi trường',2,2,34,NULL,1,NULL),(2337,'130021','Giáo dục thể chất 2',2,0,34,NULL,1,NULL),(2338,'4130261','Anh văn 3',3,2,34,NULL,1,NULL),(2339,'3190131','Đại số',3,3,34,NULL,1,NULL),(2340,'3050021','Vật lý 2',3,2,34,NULL,1,NULL),(2341,'3050651','TN Vật lý',3,1,34,NULL,1,NULL),(2342,'3060252','Hoá vô cơ',3,3,34,NULL,1,NULL),(2343,'3060072','TN Hoá vô cơ',3,1,34,NULL,1,NULL),(2344,'1080491','Cơ học ứng dụng',3,3,34,NULL,1,NULL),(2345,'3190141','Xác suất thống kê',3,2,34,NULL,1,NULL),(2346,'130031','Giáo dục thể chất 3',3,0,34,NULL,1,NULL),(2347,'2090121','Đường lối CM của ĐCS Việt Nam',3,3,34,NULL,1,NULL),(2348,'1070053','An toàn Lao động & vệ sinh CN',4,2,34,NULL,1,NULL),(2349,'4130083','Anh văn CN Hoá',4,3,34,NULL,1,NULL),(2350,'1071912','Nhiệt động Hoá học',4,2,34,NULL,1,NULL),(2351,'3060132','Hoá hữu cơ',4,4,34,NULL,1,NULL),(2352,'3060152','TN Hoá hữu cơ',4,1,34,NULL,1,NULL),(2353,'1070203','Quá trình Thủy lực & cơ học',4,3,34,NULL,1,NULL),(2354,'3060082','Hoá phân tích',4,3,34,NULL,1,NULL),(2355,'3060092','TN Hoá phân tích',4,1,34,NULL,1,NULL),(2356,'130041','Giáo dục thể chất 4',4,0,34,NULL,1,NULL),(2357,'2090101','Tư tưởng Hồ Chí Minh',4,2,34,NULL,1,NULL),(2358,'1072112','Điện hoá ăn mòn',5,2,34,NULL,1,NULL),(2359,'1072122','TN Điện hoá ăn mòn',5,1,34,NULL,1,NULL),(2360,'1070092','Động học & Hoá lý Hệ phân tán',5,2,34,NULL,1,NULL),(2361,'1071982','TN Hoá lý',5,1,34,NULL,1,NULL),(2362,'1070213','Quá trình & thiết bị truyền nhiệt',5,2,34,NULL,1,NULL),(2363,'1070013','Tinh thể học',5,2,34,NULL,1,NULL),(2364,'1070233','Kỹ thuật Thiết bị phản ứng',5,3,34,NULL,1,NULL),(2365,'1070023','Quy hoạch thực nghiệm',5,2,34,NULL,1,NULL),(2366,'1180332','Kinh tế quản lý',5,2,34,NULL,1,NULL),(2367,'130051','Giáo dục thể chất 5',5,0,34,NULL,1,NULL),(2368,'1070223','Quá trình & thiết bị truyền chất',6,3,34,NULL,1,NULL),(2369,'1070243','TN Quá trình & TB CN hoá học',6,1,34,NULL,1,NULL),(2370,'1070043','Cơ sở Thiết kế nhà máy',6,2,34,NULL,1,NULL),(2371,'1070383','Thực tập Quá trình thiết bị',6,2,34,NULL,1,NULL),(2372,'1070363','Kỹ thuật Hoá học hữu cơ',6,3,34,NULL,1,NULL),(2373,'1070373','Kỹ thuật Hoá học vô cơ',6,3,34,NULL,1,NULL),(2374,'1070033','Kỹ thuật Xúc tác',6,2,34,NULL,1,NULL),(2375,'1070343','Tin học ứng dụng',6,2,34,NULL,1,NULL),(2376,'1070533','Hoá học Dầu mỏ',7,3,34,NULL,1,NULL),(2377,'1072213','Nhiệt động học ứng dụng',7,2,34,NULL,1,NULL),(2378,'1070543','TN Hoá học dầu mỏ',7,1.5,34,NULL,1,NULL),(2379,'1070253','Đồ án Quá trình & Thiết bị',7,2,34,NULL,1,NULL),(2380,'1070063','Thiết kế mô phỏng',7,2,34,NULL,1,NULL),(2381,'1070583','Công nghệ Hoá dầu',7,4,34,NULL,1,NULL),(2382,'1070593','TN Công nghệ hoá dầu',7,1,34,NULL,1,NULL),(2383,'1070553','Quá trình lọc tách Vật lý',7,3,34,NULL,1,NULL),(2384,'1071793','Đồ án Công nghệ 1 (Hoá dầu)',8,2,34,NULL,1,NULL),(2385,'1072283','KT Phân tích dầu thô & sản phẩm',8,3,34,NULL,1,NULL),(2386,'1070563','Công nghệ Lọc dầu 1',8,2,34,NULL,1,NULL),(2387,'1072293','Công nghệ Lọc dầu 2',8,3,34,NULL,1,NULL),(2388,'1070573','TN Công nghệ lọc dầu',8,1,34,NULL,1,NULL),(2389,'1070673','Sản phẩm dầu mỏ thương phẩm',8,2,34,NULL,1,NULL),(2390,'1070643','Thiết bị dầu khí',8,2,34,NULL,1,NULL),(2391,'1072303','Chưng cất đa cấu tử',8,2,34,NULL,1,NULL),(2392,'1072313','Thực tập Công nhân (hoá dầu)',8,2,34,NULL,1,NULL),(2393,'1071803','Đồ án Công nghệ 2 (Hoá dầu)',9,2,34,NULL,1,NULL),(2394,'1072343','Thực tập Tốt nghiệp',9,3,34,NULL,1,NULL),(2395,'1070603','Công nghệ Chế biến khí',9,3,34,NULL,1,NULL),(2396,'1070613','TN Công nghệ chế biến khí',9,1,34,NULL,1,NULL),(2397,'1072333','Khống chế & điều khiển quá trình',9,2,34,NULL,1,NULL),(2398,'1070623','Động cơ & Ô nhiễm',9,3,34,NULL,1,NULL),(2399,'1070663','Tối ưu hoá nhà máy lọc dầu',9,2,34,NULL,1,NULL),(2400,'1070633','Dầu nhờn, mỡ, phụ gia',9,2,34,NULL,1,NULL),(2401,'1072323','Đồ án Tốt nghiệp (Hoá dầu)',10,10,34,NULL,1,NULL),(2402,'4130241','Anh văn 1',1,3,35,NULL,1,NULL),(2403,'3190111','Giải tích 1',1,4,35,NULL,1,NULL),(2404,'1020691','Tin học Đại cương',1,2,35,NULL,1,NULL),(2405,'1020701','TH Tin học đại cương',1,1,35,NULL,1,NULL),(2406,'3060031','Hoá học Đại cương',1,3,35,NULL,1,NULL),(2407,'1080011','Hình hoạ',1,2,35,NULL,1,NULL),(2408,'130011','Giáo dục thể chất 1',1,0,35,NULL,1,NULL),(2409,'2090131','Những nguyên lý cơ bản của CN Mac-Lênin 1',1,2,35,NULL,1,NULL),(2410,'2090141','Những nguyên lý CB của CN Mac-Lênin 2',2,3,35,NULL,1,NULL),(2411,'4130251','Anh văn 2',2,2,35,NULL,1,NULL),(2412,'3190121','Giải tích 2',2,4,35,NULL,1,NULL),(2413,'3050011','Vật lý 1',2,3,35,NULL,1,NULL),(2414,'3190141','Xác suất thống kê',2,2,35,NULL,1,NULL),(2415,'3050651','TN Vật lý',2,1,35,NULL,1,NULL),(2416,'1080401','Vẽ Kỹ thuật',2,2,35,NULL,1,NULL),(2417,'130021','Giáo dục thể chất 2',2,0,35,NULL,1,NULL),(2418,'3050021','Vật lý 2',2,2,35,NULL,1,NULL),(2419,'4130261','Anh văn 3',3,2,35,NULL,1,NULL),(2420,'1060943','Cấu kiện Điện tử',3,4,35,NULL,1,NULL),(2421,'1060033','TN Cấu kiện điện tử',3,1,35,NULL,1,NULL),(2422,'1060953','Toán chuyên đề',3,2,35,NULL,1,NULL),(2423,'1060023','Lý thuyết Mạch điện tử 1',3,3,35,NULL,1,NULL),(2424,'1050931','Kỹ thuật điện',3,2,35,NULL,1,NULL),(2425,'1050921','TN Kỹ thuật điện',3,0.5,35,NULL,1,NULL),(2426,'130031','Giáo dục thể chất 3',3,0,35,NULL,1,NULL),(2427,'3190131','Đại số',3,3,35,NULL,1,NULL),(2428,'2090101','Tư tưởng Hồ Chí Minh',3,2,35,NULL,1,NULL),(2429,'4130181','Anh văn CN Điện tử',4,3,35,NULL,1,NULL),(2430,'1080491','Cơ học ứng dụng',4,3,35,NULL,1,NULL),(2431,'1060742','Kỹ thuật Mạch điện tử 1',4,3,35,NULL,1,NULL),(2432,'1040451','Kỹ thuật nhiệt',4,2,35,NULL,1,NULL),(2433,'1060043','Lý thuyết Mạch điện tử 2',4,3,35,NULL,1,NULL),(2434,'1060113','TN Lý thuyết mạch điện tử',4,1,35,NULL,1,NULL),(2435,'130041','Giáo dục thể chất 4',4,0,35,NULL,1,NULL),(2436,'1060063','Trường điện từ',4,2,35,NULL,1,NULL),(2437,'2090121','Đường lối CM của ĐCS Việt Nam',4,3,35,NULL,1,NULL),(2438,'1060752','Kỹ thuật Mạch điện tử 2',5,3,35,NULL,1,NULL),(2439,'1060133','Kỹ thuật xung',5,2,35,NULL,1,NULL),(2440,'1060223','Cấu trúc dữ liệu',5,2,35,NULL,1,NULL),(2441,'1060073','Kỹ thuật số',5,4,35,NULL,1,NULL),(2442,'1060962','Tín hiệu & hệ thống',5,2,35,NULL,1,NULL),(2443,'1060283','TN Kỹ thuật xung',5,1,35,NULL,1,NULL),(2444,'1060103','TN Kỹ thuật số',5,1,35,NULL,1,NULL),(2445,'1060972','TN Kỹ thuật mạch điện tử',5,1,35,NULL,1,NULL),(2446,'130051','Giáo dục thể chất 5',5,0,35,NULL,1,NULL),(2447,'1060162','Kỹ thuật Vi xử lý',6,3,35,NULL,1,NULL),(2448,'1060143','Kỹ thuật Lập trình',6,3,35,NULL,1,NULL),(2449,'1060193','TH Kỹ thuật lập trình',6,1,35,NULL,1,NULL),(2450,'1060543','Kỹ thuật Anten',6,2,35,NULL,1,NULL),(2451,'1060893','Đồ án Kỹ thuật mạch điện tử',6,2,35,NULL,1,NULL),(2452,'1060293','TN Đo lường điện tử',6,1,35,NULL,1,NULL),(2453,'1060303','Thực tập Nhận thức',6,1,35,NULL,1,NULL),(2454,'1060253','Đo lường điện tử',6,3,35,NULL,1,NULL),(2455,'1060213','Điện tử thông tin',6,3,35,NULL,1,NULL),(2456,'1060233','Thông tin số',6,3,35,NULL,1,NULL),(2457,'1060832','Kỹ thuật Vi điều khiển',7,2,35,NULL,1,NULL),(2458,'1060323','Xử lý tín hiệu số 1',7,3,35,NULL,1,NULL),(2459,'1060983','Đồ án Điện tử thông tin',7,2,35,NULL,1,NULL),(2460,'1060313','Kỹ thuật Truyền hình',7,3,35,NULL,1,NULL),(2461,'1060413','Kỹ thuật Siêu cao tần',7,3,35,NULL,1,NULL),(2462,'1060403','Truyền số liệu',7,2,35,NULL,1,NULL),(2463,'1060263','Cấu trúc máy tính',7,3,35,NULL,1,NULL),(2464,'1060453','TN T.T.số & Truyền số liệu',7,1,35,NULL,1,NULL),(2465,'1060383','TN Vi xử lý & Vi điều khiển',7,1,35,NULL,1,NULL),(2466,'1060333','Truyền sóng',8,2,35,NULL,1,NULL),(2467,'1170011','Môi trường',8,2,35,NULL,1,NULL),(2468,'1060353','Mạng máy tính',8,2,35,NULL,1,NULL),(2469,'1180332','Kinh tế quản lý',8,2,35,NULL,1,NULL),(2470,'1060363','Đồ án Vi xử lý & Máy tính',8,2,35,NULL,1,NULL),(2471,'1060423','Xử lý tín hiệu số 2',8,2,35,NULL,1,NULL),(2472,'1060443','TN Xử lý tín hiệu số',8,1,35,NULL,1,NULL),(2473,'1060793','TN Siêu cao tần & Anten',8,1,35,NULL,1,NULL),(2474,'1060463','Thực tập Công nhân',8,3,35,NULL,1,NULL),(2475,'1051113','Cơ sở Điều khiển tự động (SK,DT)',8,2,35,NULL,1,NULL),(2476,'1060473','Công nghệ vi điện tử',9,2,35,NULL,1,NULL),(2477,'1060483','Điện tử công nghiệp',9,2,35,NULL,1,NULL),(2478,'1060493','Điện tử y sinh',9,2,35,NULL,1,NULL),(2479,'1060503','Điều khiển logic',9,2,35,NULL,1,NULL),(2480,'1060513','Chuyên đề (KTDT)',9,2,35,NULL,1,NULL),(2481,'1060523','Đồ án Chuyên ngành điện tử',9,1.5,35,NULL,1,NULL),(2482,'1060613','Hệ điều hành',9,2,35,NULL,1,NULL),(2483,'1060773','Cấu trúc máy tính song song',9,2,35,NULL,1,NULL),(2484,'1060633','Công nghệ phần mềm',9,2,35,NULL,1,NULL),(2485,'1060643','Lập trình hệ thống',9,2,35,NULL,1,NULL),(2486,'1060653','Kỹ thuật Multimedia',9,2,35,NULL,1,NULL),(2487,'1060663','Chuyên đề (KTMT)',9,2,35,NULL,1,NULL),(2488,'1060673','Đồ án Chuyên ngành KT máy tính',9,1.5,35,NULL,1,NULL),(2489,'1060553','Thông tin sợi quang',9,2,35,NULL,1,NULL),(2490,'1060563','Kỹ thuật Chuyển mạch',9,2,35,NULL,1,NULL),(2491,'1060573','Thông tin vi ba vệ tinh',9,2,35,NULL,1,NULL),(2492,'1060583','Kỹ thuật Điện thoại',9,2,35,NULL,1,NULL),(2493,'1060763','Thông tin di động',9,2,35,NULL,1,NULL),(2494,'1060803','Chuyên đề (KTVT)',9,2,35,NULL,1,NULL),(2495,'1060993','Đồ án Chuyên ngành viễn thông',9,1.5,35,NULL,1,NULL),(2496,'1060693','Thực tập Tốt nghiệp',10,3,35,NULL,1,NULL),(2497,'1060703','Đồ án Tốt nghiệp',10,10,35,NULL,1,NULL),(2498,'1020691','Tin học Đại cương',1,2,36,NULL,1,NULL),(2499,'1020701','TH Tin học đại cương',1,1,36,NULL,1,NULL),(2500,'3190111','Giải tích 1',1,4,36,NULL,1,NULL),(2501,'2090131','Những nguyên lý cơ bản của CN Mac-Lênin 1',1,2,36,NULL,1,NULL),(2502,'130011','Giáo dục thể chất 1',1,0,36,NULL,1,NULL),(2503,'1080011','Hình hoạ',1,2,36,NULL,1,NULL),(2504,'3060303','Hoá học Đại cương',1,2,36,NULL,1,NULL),(2505,'4130501','Anh văn A2.1',1,3,36,NULL,1,NULL),(2506,'3190121','Giải tích 2',2,4,36,NULL,1,NULL),(2507,'3190131','Đại số',2,3,36,NULL,1,NULL),(2508,'4130311','Anh văn A2.2',2,4,36,NULL,1,NULL),(2509,'3050011','Vật lý 1',2,3,36,NULL,1,NULL),(2510,'3050651','TN Vật lý',2,1,36,NULL,1,NULL),(2511,'130021','Giáo dục thể chất 2',2,0,36,NULL,1,NULL),(2512,'2090141','Những nguyên lý CB của CN Mac-Lênin 2',2,3,36,NULL,1,NULL),(2513,'2090101','Tư tưởng Hồ Chí Minh',3,2,36,NULL,1,NULL),(2514,'1061162','Nhập môn ngành',3,2,36,NULL,1,NULL),(2515,'3190041','Xác suất thống kê',3,3,36,NULL,1,NULL),(2516,'3050641','Vật lý 2',3,3,36,NULL,1,NULL),(2517,'1040451','Kỹ thuật nhiệt',3,2,36,NULL,1,NULL),(2518,'1050931','Kỹ thuật điện',3,2,36,NULL,1,NULL),(2519,'1050921','TN Kỹ thuật điện',3,0.5,36,NULL,1,NULL),(2520,'130031','Giáo dục thể chất 3',3,0,36,NULL,1,NULL),(2521,'2090121','Đường lối CM của ĐCS Việt Nam',4,3,36,NULL,1,NULL),(2522,'1080401','Vẽ Kỹ thuật',4,2,36,NULL,1,NULL),(2523,'1061170','Toán chuyên ngành',4,3,36,NULL,1,NULL),(2524,'1060023','Lý thuyết Mạch điện tử 1',4,3,36,NULL,1,NULL),(2525,'1060013','Cấu kiện Điện tử',4,3,36,NULL,1,NULL),(2526,'1060033','TN Cấu kiện điện tử',4,1,36,NULL,1,NULL),(2527,'130041','Giáo dục thể chất 4',4,0,36,NULL,1,NULL),(2528,'1170011','Môi trường',5,2,36,NULL,1,NULL),(2529,'1080491','Cơ học ứng dụng',5,3,36,NULL,1,NULL),(2530,'1061180','Kỹ thuật số',5,3,36,NULL,1,NULL),(2531,'1060103','TN Kỹ thuật số',5,1,36,NULL,1,NULL),(2532,'1060043','Lý thuyết Mạch điện tử 2',5,3,36,NULL,1,NULL),(2533,'1060113','TN Lý thuyết mạch điện tử',5,1,36,NULL,1,NULL),(2534,'1060742','Kỹ thuật Mạch điện tử 1',5,3,36,NULL,1,NULL),(2535,'130051','Giáo dục thể chất 5',5,0,36,NULL,1,NULL),(2536,'1061210','Phương pháp tính',6,3,36,NULL,1,NULL),(2537,'1060063','Trường điện từ',6,2,36,NULL,1,NULL),(2538,'1061220','Kỹ thuật lập trình',6,2,36,NULL,1,NULL),(2539,'1060193','TH Kỹ thuật lập trình',6,1,36,NULL,1,NULL),(2540,'1060752','Kỹ thuật Mạch điện tử 2',6,3,36,NULL,1,NULL),(2541,'1060972','TN Kỹ thuật mạch điện tử',6,1,36,NULL,1,NULL),(2542,'1061190','Tín hiệu & Hệ thống',6,3,36,NULL,1,NULL),(2543,'1061200','TN Tín hiệu & Hệ thống',6,1,36,NULL,1,NULL),(2544,'1180332','Kinh tế quản lý',7,2,36,NULL,1,NULL),(2545,'1061230','Tổ chức máy tính',7,3,36,NULL,1,NULL),(2546,'1060543','Kỹ thuật Anten',7,2,36,NULL,1,NULL),(2547,'1061270','TN KT Anten',7,1,36,NULL,1,NULL),(2548,'1060333','Truyền sóng',7,2,36,NULL,1,NULL),(2549,'1061240','Điện tử thông tin',7,2,36,NULL,1,NULL),(2550,'1061250','Lý thuyết thông tin',7,2,36,NULL,1,NULL),(2551,'1061260','Thông tin số',7,2,36,NULL,1,NULL),(2552,'1060133','Kỹ thuật xung',7,2,36,NULL,1,NULL),(2553,'1060283','TN Kỹ thuật xung',7,1,36,NULL,1,NULL),(2554,'1060852','Đồ án KT mạch điện tử',7,2,36,NULL,1,NULL),(2555,'1061280','Đo lường điện tử',7,2,36,NULL,1,NULL),(2556,'1061043','TN Đo lường điện tử',7,1,36,NULL,1,NULL),(2557,'1060503','Điều khiển logic',7,2,36,NULL,1,NULL),(2558,'1061053','TN Điều khiển logic',7,1,36,NULL,1,NULL),(2559,'1060223','Cấu trúc dữ liệu',7,2,36,NULL,1,NULL),(2560,'1060323','Xử lý tín hiệu số 1',7,3,36,NULL,1,NULL),(2561,'1060403','Truyền số liệu',7,2,36,NULL,1,NULL),(2562,'1061560','Kỹ thuật đa phương tiện',7,2,36,NULL,1,NULL),(2563,'4130330','Anh văn CN Điện tử',8,2,36,NULL,1,NULL),(2564,'1061320','Kỹ thuật Truyền hình',8,2,36,NULL,1,NULL),(2565,'1061340','TN Hệ thống thông tin',8,1,36,NULL,1,NULL),(2566,'1061330','Kỹ thuật Siêu cao tần',8,2,36,NULL,1,NULL),(2567,'1061570','TN Kỹ thuật siêu cao tần',8,1,36,NULL,1,NULL),(2568,'1060983','Đồ án Điện tử thông tin',8,2,36,NULL,1,NULL),(2569,'1060803','Chuyên đề (KTVT)',8,2,36,NULL,1,NULL),(2570,'1061290','Thực tập công nhân VT',8,2.5,36,NULL,1,NULL),(2571,'1060513','Chuyên đề (KTDT)',8,2,36,NULL,1,NULL),(2572,'1061300','Thực tập công nhân ĐT',8,2.5,36,NULL,1,NULL),(2573,'1060822','Điện tử ứng dụng',8,2,36,NULL,1,NULL),(2574,'1061503','TN Điện tử ứng dụng',8,1,36,NULL,1,NULL),(2575,'1060832','Kỹ thuật Vi điều khiển',8,2,36,NULL,1,NULL),(2576,'1060383','TN Vi xử lý & Vi điều khiển',8,1,36,NULL,1,NULL),(2577,'1061310','Thực tập công nhân MT',8,2.5,36,NULL,1,NULL),(2578,'1060162','Kỹ thuật Vi xử lý',8,3,36,NULL,1,NULL),(2579,'1061463','TN KT Vi xử lý',8,1,36,NULL,1,NULL),(2580,'1061350','Thiết kế bộ lọc số',8,2,36,NULL,1,NULL),(2581,'1061360','TN Thiết kế bộ lọc số',8,1,36,NULL,1,NULL),(2582,'1061483','Mạng thông tin máy tính',8,2,36,NULL,1,NULL),(2583,'1061493','TN Mạng TT máy tính',8,1,36,NULL,1,NULL),(2584,'1060553','Thông tin sợi quang',9,2,36,NULL,1,NULL),(2585,'1060763','Thông tin di động',9,2,36,NULL,1,NULL),(2586,'1060563','Kỹ thuật Chuyển mạch',9,2,36,NULL,1,NULL),(2587,'1060473','Công nghệ vi điện tử',9,2,36,NULL,1,NULL),(2588,'1061420','Đồ án chuyên ngành Viễn thông',9,2,36,NULL,1,NULL),(2589,'1061390','Thực tập Tốt nghiệp (VT)',9,2,36,NULL,1,NULL),(2590,'1061580','Mạng viễn thông',9,2,36,NULL,1,NULL),(2591,'1060493','Điện tử y sinh',9,2,36,NULL,1,NULL),(2592,'1060573','Thông tin vi ba vệ tinh',9,2,36,NULL,1,NULL),(2593,'1061610','Thiết kế vi mạch tương tự',9,2,36,NULL,1,NULL),(2594,'1061630','Thiết kế vi mạch số',9,2,36,NULL,1,NULL),(2595,'1061640','Thiết kế hệ thống nhúng',9,2,36,NULL,1,NULL),(2596,'1061650','Cảm biến sinh học',9,2,36,NULL,1,NULL),(2597,'1061660','Kỹ thuật robot',9,2,36,NULL,1,NULL),(2598,'1061670','Kỹ thuật điều khiển',9,2,36,NULL,1,NULL),(2599,'1061680','Cảm biến và đo lường',9,2,36,NULL,1,NULL),(2600,'1061370','Xử lý ảnh',9,2,36,NULL,1,NULL),(2601,'1060783','Kỹ thuật Siêu âm',9,2,36,NULL,1,NULL),(2602,'1060583','Kỹ thuật Điện thoại',9,2,36,NULL,1,NULL),(2603,'1061430','Đồ án chuyên ngành Điện tử',9,2,36,NULL,1,NULL),(2604,'1061400','Thực tập Tốt nghiệp (DT)',9,2,36,NULL,1,NULL),(2605,'1060613','Hệ điều hành',9,2,36,NULL,1,NULL),(2606,'1061450','Kiến trúc & Thiết kế máy tính',9,2,36,NULL,1,NULL),(2607,'1061410','Thực tập Tốt nghiệp (MT)',9,2,36,NULL,1,NULL),(2608,'1061440','Đồ án chuyên ngành Máy tính',9,2,36,NULL,1,NULL),(2609,'1061690','Xử lý tiếng nói',9,2,36,NULL,1,NULL),(2610,'1060633','Công nghệ phần mềm',9,2,36,NULL,1,NULL),(2611,'1061710','Kỹ thuật nhận dạng',9,2,36,NULL,1,NULL),(2612,'1061720','Phân tích phổ',9,2,36,NULL,1,NULL),(2613,'1061700','Chương trình dịch',9,2,36,NULL,1,NULL),(2614,'1061143','Đồ án tốt nghiệp (KTDT)',10,10,36,NULL,1,NULL),(2615,'1061133','Đồ án tốt nghiệp (KTMT)',10,10,36,NULL,1,NULL),(2616,'1061153','Đồ án tốt nghiệp (KTVT)',10,10,36,NULL,1,NULL),(2617,'3190111','Giải tích 1',1,4,37,NULL,1,NULL),(2618,'3060031','Hoá học Đại cương',1,3,37,NULL,1,NULL),(2619,'1020691','Tin học Đại cương',1,2,37,NULL,1,NULL),(2620,'1080011','Hình hoạ',1,2,37,NULL,1,NULL),(2621,'4130241','Anh văn 1',1,3,37,NULL,1,NULL),(2622,'1020701','TH Tin học đại cương',1,1,37,NULL,1,NULL),(2623,'130011','Giáo dục thể chất 1',1,0,37,NULL,1,NULL),(2624,'2090131','Những nguyên lý cơ bản của CN Mac-Lênin 1',1,2,37,NULL,1,NULL),(2625,'4130280','Anh văn A1 (dự bị)',1,5,37,NULL,1,NULL),(2626,'2090141','Những nguyên lý CB của CN Mac-Lênin 2',2,3,37,NULL,1,NULL),(2627,'3190121','Giải tích 2',2,4,37,NULL,1,NULL),(2628,'3190141','Xác suất thống kê',2,2,37,NULL,1,NULL),(2629,'3050011','Vật lý 1',2,3,37,NULL,1,NULL),(2630,'1080401','Vẽ Kỹ thuật',2,2,37,NULL,1,NULL),(2631,'1170011','Môi trường',2,2,37,NULL,1,NULL),(2632,'4130251','Anh văn 2',2,2,37,NULL,1,NULL),(2633,'130021','Giáo dục thể chất 2',2,0,37,NULL,1,NULL),(2634,'3050021','Vật lý 2',2,2,37,NULL,1,NULL),(2635,'3050651','TN Vật lý',2,1,37,NULL,1,NULL),(2636,'3190131','Đại số',3,3,37,NULL,1,NULL),(2637,'1040502','Kỹ thuật nhiệt điện',3,3,37,NULL,1,NULL),(2638,'4130261','Anh văn 3',3,2,37,NULL,1,NULL),(2639,'130031','Giáo dục thể chất 3',3,0,37,NULL,1,NULL),(2640,'1051123','Mạch điện tử',3,3,37,NULL,1,NULL),(2641,'1051133','TN Mạch điện tử',3,0.5,37,NULL,1,NULL),(2642,'1050963','Toán chuyên ngành',3,2,37,NULL,1,NULL),(2643,'1050022','Lý thuyết Trường điện từ',3,2,37,NULL,1,NULL),(2644,'1050013','Lý thuyết Mạch điện 1',3,3,37,NULL,1,NULL),(2645,'1050953','TN Lý thuyết mạch điện 1',3,0.5,37,NULL,1,NULL),(2646,'2090101','Tư tưởng Hồ Chí Minh',3,2,37,NULL,1,NULL),(2647,'1031112','Thuỷ khí ứng dụng',4,2,37,NULL,1,NULL),(2648,'1110812','Cơ sở Kỹ thuật thuỷ điện',4,2,37,NULL,1,NULL),(2649,'1050073','Lý thuyết Điều khiển tự động 1',4,3,37,NULL,1,NULL),(2650,'130041','Giáo dục thể chất 4',4,0,37,NULL,1,NULL),(2651,'1050983','TN Lý thuyết mạch điện 2',4,0.5,37,NULL,1,NULL),(2652,'1050063','Lý thuyết Mạch điện 2',4,3,37,NULL,1,NULL),(2653,'1050083','Máy điện 1',4,3,37,NULL,1,NULL),(2654,'1050993','TN Máy điện 1',4,0.5,37,NULL,1,NULL),(2655,'1080491','Cơ học ứng dụng',4,3,37,NULL,1,NULL),(2656,'2090121','Đường lối CM của ĐCS Việt Nam',4,3,37,NULL,1,NULL),(2657,'1050143','Máy điện 2',5,3,37,NULL,1,NULL),(2658,'1051033','TN Máy điện 2',5,0.5,37,NULL,1,NULL),(2659,'1050113','Đồ án Máy điện',5,2,37,NULL,1,NULL),(2660,'1050033','Kỹ thuật đo lường',5,3,37,NULL,1,NULL),(2661,'1051003','TN Kỹ thuật đo lường',5,0.5,37,NULL,1,NULL),(2662,'1050102','An toàn điện',5,2,37,NULL,1,NULL),(2663,'1051013','Vật liệu điện',5,2,37,NULL,1,NULL),(2664,'1050153','Điện tử công suất',5,3,37,NULL,1,NULL),(2665,'1051023','TN Điện tử công suất',5,0.5,37,NULL,1,NULL),(2666,'1050183','Đồ án Điện tử công suất',5,2,37,NULL,1,NULL),(2667,'1050123','Tin học ứng dụng',5,2,37,NULL,1,NULL),(2668,'130051','Giáo dục thể chất 5',5,0,37,NULL,1,NULL),(2669,'1051043','Thiết bị điện',6,3,37,NULL,1,NULL),(2670,'1051173','TN Thiết bị điện',6,0.5,37,NULL,1,NULL),(2671,'1050233','Mạng điện',6,3,37,NULL,1,NULL),(2672,'1051143','TN Mạng điện',6,0.5,37,NULL,1,NULL),(2673,'1050213','Đồ án Mạng điện',6,2,37,NULL,1,NULL),(2674,'1050223','Ngắn mạch trong Hệ thống điện',6,2,37,NULL,1,NULL),(2675,'1050173','Thực tập Nhận thức',6,1,37,NULL,1,NULL),(2676,'4130171','Anh văn CN Điện',6,3,37,NULL,1,NULL),(2677,'1180332','Kinh tế quản lý',6,2,37,NULL,1,NULL),(2678,'1050203','Truyền động điện',6,3,37,NULL,1,NULL),(2679,'1051063','TN Truyền động điện',6,0.5,37,NULL,1,NULL),(2680,'1050323','Điều khiển logic',7,3,37,NULL,1,NULL),(2681,'1051073','TN Điều khiển logic',7,0.5,37,NULL,1,NULL),(2682,'1050343','Đồ án Điều khiển logic',7,2,37,NULL,1,NULL),(2683,'1050283','Phần điện trong Trạm biến áp',7,3,37,NULL,1,NULL),(2684,'1050273','Đồ án TK phần điện trong trạm BA',7,2,37,NULL,1,NULL),(2685,'1050263','Thực tập Xưởng điện',7,2,37,NULL,1,NULL),(2686,'1050303','Kỹ thuật cao áp',7,3,37,NULL,1,NULL),(2687,'1051153','TN Cao áp',7,0.5,37,NULL,1,NULL),(2688,'1050293','Bảo vệ rơle trong Hệ thống điện',7,3,37,NULL,1,NULL),(2689,'1050012','TN Bảo vệ Rơle trong H.thống điện',7,0.5,37,NULL,1,NULL),(2690,'1050613','Kỹ thuật xung số',8,3,37,NULL,1,NULL),(2691,'1050253','Kỹ thuật vi xử lý',8,3,37,NULL,1,NULL),(2692,'1050313','Điện công nghiệp 1',8,3,37,NULL,1,NULL),(2693,'1050473','Điều khiển truyền động điện',8,2,37,NULL,1,NULL),(2694,'1050453','Mạng T.thông C.nghiệp& hệ SCADA',8,2,37,NULL,1,NULL),(2695,'1050243','Điều khiển số',8,2,37,NULL,1,NULL),(2696,'1050333','Thực tập Tốt nghiệp',9,3,37,NULL,1,NULL),(2697,'1050483','Mô hình hoá & M.phỏng HT Đ.khiển',9,2,37,NULL,1,NULL),(2698,'1010772','Điều khiển thuỷ khí',9,2,37,NULL,1,NULL),(2699,'1050763','Robot công nghiệp',9,2,37,NULL,1,NULL),(2700,'1050423','Vi điều khiển',9,2,37,NULL,1,NULL),(2701,'1050741','Điều khiển logic trong Tr.động điện',9,2,37,NULL,1,NULL),(2702,'1050433','Điện công nghiệp 2',9,2,37,NULL,1,NULL),(2703,'1050443','Điều khiển & Ghép nối T.bị ngoại vi',9,2,37,NULL,1,NULL),(2704,'1050463','Hệ thống thông tin đo lường',9,2,37,NULL,1,NULL),(2705,'1050603','Đồ án Tốt nghiệp (LT)',10,10,37,NULL,1,NULL),(2706,'1051313','Thực tập tốt nghiệp (DTD)',10,3,37,NULL,1,NULL),(2707,'1020691','Tin học Đại cương',1,2,38,NULL,1,NULL),(2708,'1020701','TH Tin học đại cương',1,1,38,NULL,1,NULL),(2709,'1080011','Hình hoạ',1,2,38,NULL,1,NULL),(2710,'3190111','Giải tích 1',1,4,38,NULL,1,NULL),(2711,'2090131','Những nguyên lý cơ bản của CN Mac-Lênin 1',1,2,38,NULL,1,NULL),(2712,'130011','Giáo dục thể chất 1',1,0,38,NULL,1,NULL),(2713,'3060303','Hoá học Đại cương',1,2,38,NULL,1,NULL),(2714,'4130501','Anh văn A2.1',1,3,38,NULL,1,NULL),(2715,'2090141','Những nguyên lý CB của CN Mac-Lênin 2',2,3,38,NULL,1,NULL),(2716,'3050011','Vật lý 1',2,3,38,NULL,1,NULL),(2717,'3050651','TN Vật lý',2,1,38,NULL,1,NULL),(2718,'3190121','Giải tích 2',2,4,38,NULL,1,NULL),(2719,'3190131','Đại số',2,3,38,NULL,1,NULL),(2720,'4130311','Anh văn A2.2',2,4,38,NULL,1,NULL),(2721,'130021','Giáo dục thể chất 2',2,0,38,NULL,1,NULL),(2722,'1050053','Toán chuyên ngành',3,3,38,NULL,1,NULL),(2723,'2090101','Tư tưởng Hồ Chí Minh',3,2,38,NULL,1,NULL),(2724,'3050641','Vật lý 2',3,3,38,NULL,1,NULL),(2725,'3190041','Xác suất thống kê',3,3,38,NULL,1,NULL),(2726,'1051363','Lý thuyết Mạch điện 1',3,2,38,NULL,1,NULL),(2727,'1050953','TN Lý thuyết mạch điện 1',3,0.5,38,NULL,1,NULL),(2728,'1050022','Lý thuyết Trường điện từ',3,2,38,NULL,1,NULL),(2729,'130031','Giáo dục thể chất 3',3,0,38,NULL,1,NULL),(2730,'2090121','Đường lối CM của ĐCS Việt Nam',4,3,38,NULL,1,NULL),(2731,'1080401','Vẽ Kỹ thuật',4,2,38,NULL,1,NULL),(2732,'1051373','Lý thuyết Mạch điện 2',4,2,38,NULL,1,NULL),(2733,'1050983','TN Lý thuyết mạch điện 2',4,0.5,38,NULL,1,NULL),(2734,'1051383','Máy điện 1',4,2,38,NULL,1,NULL),(2735,'1050993','TN Máy điện 1',4,0.5,38,NULL,1,NULL),(2736,'1050923','Lý thuyết Điều khiển tự động',4,2,38,NULL,1,NULL),(2737,'1051573','Mạch điện tử',4,2,38,NULL,1,NULL),(2738,'1051133','TN Mạch điện tử',4,0.5,38,NULL,1,NULL),(2739,'1051583','Đồ án Mạch điện tử',4,2,38,NULL,1,NULL),(2740,'130041','Giáo dục thể chất 4',4,0,38,NULL,1,NULL),(2741,'1051111','Nhập môn ngành',5,2,38,NULL,1,NULL),(2742,'1051402','Phương pháp tính',5,3,38,NULL,1,NULL),(2743,'1051393','Máy điện 2',5,2,38,NULL,1,NULL),(2744,'1051033','TN Máy điện 2',5,0.5,38,NULL,1,NULL),(2745,'1050613','Kỹ thuật xung số',5,3,38,NULL,1,NULL),(2746,'1050153','Điện tử công suất',5,3,38,NULL,1,NULL),(2747,'1050183','Đồ án Điện tử công suất',5,2,38,NULL,1,NULL),(2748,'1051023','TN Điện tử công suất',5,0.5,38,NULL,1,NULL),(2749,'130051','Giáo dục thể chất 5',5,0,38,NULL,1,NULL),(2750,'1180943','Kinh tế ngành',6,2,38,NULL,1,NULL),(2751,'1170011','Môi trường',6,2,38,NULL,1,NULL),(2752,'1080491','Cơ học ứng dụng',6,3,38,NULL,1,NULL),(2753,'1051403','An toàn điện',6,1,38,NULL,1,NULL),(2754,'1051423','Truyền động điện',6,2,38,NULL,1,NULL),(2755,'1051063','TN Truyền động điện',6,0.5,38,NULL,1,NULL),(2756,'1051593','Vi xử lý & Vi điều khiển',6,3,38,NULL,1,NULL),(2757,'1050003','TN Vi xử lý & Vi điều khiển',6,0.5,38,NULL,1,NULL),(2758,'1050023','Đồ án Vi xử lý & Vi điều khiển',6,2,38,NULL,1,NULL),(2759,'1040451','Kỹ thuật nhiệt',7,2,38,NULL,1,NULL),(2760,'1051463','Thực tập công nhân',7,2,38,NULL,1,NULL),(2761,'1051453','Kỹ thuật đo lường',7,2,38,NULL,1,NULL),(2762,'1051003','TN Kỹ thuật đo lường',7,0.5,38,NULL,1,NULL),(2763,'1051650','Điều khiển logic',7,2,38,NULL,1,NULL),(2764,'1051073','TN Điều khiển logic',7,0.5,38,NULL,1,NULL),(2765,'1050343','Đồ án Điều khiển logic',7,2,38,NULL,1,NULL),(2766,'1050043','Cung cấp điện XNCN',7,2,38,NULL,1,NULL),(2767,'1050093','Cấu trúc hệ thống máy tính',7,2,38,NULL,1,NULL),(2768,'4130331','Anh văn CN Ðiện',8,2,38,NULL,1,NULL),(2769,'1051603','Tổng hợp hệ tuyến tính & ĐK số',8,3,38,NULL,1,NULL),(2770,'1051613','Xử lý tín hiệu số',8,3,38,NULL,1,NULL),(2771,'1051600','Điều khiển Truyền động điện',8,3,38,NULL,1,NULL),(2772,'1051610','Đồ án tổng hợp Hệ thống TĐ điện',8,2,38,NULL,1,NULL),(2773,'1050453','Mạng T.thông C.nghiệp& hệ SCADA',8,2,38,NULL,1,NULL),(2774,'1051533','Thực tập Tốt nghiệp (TĐH)',9,2,38,NULL,1,NULL),(2775,'1050543','Cảm biến',9,2,38,NULL,1,NULL),(2776,'1050753','Điều khiển thuỷ khí',9,2,38,NULL,1,NULL),(2777,'1051572','Kỹ thuật Robot',9,2,38,NULL,1,NULL),(2778,'1051413','Thiết bị điện',9,2,38,NULL,1,NULL),(2779,'1051620','Hệ thống thời gian thực',9,2,38,NULL,1,NULL),(2780,'1051630','Điều khiển Hệ phi tuyến',9,2,38,NULL,1,NULL),(2781,'1050813','Điều khiển logic trong Tr.động điện',9,2,38,NULL,1,NULL),(2782,'1050603','Đồ án Tốt nghiệp (LT)',10,10,38,NULL,1,NULL),(2783,'1020691','Tin học Đại cương',1,2,39,NULL,1,NULL),(2784,'1020701','TH Tin học đại cương',1,1,39,NULL,1,NULL),(2785,'1080011','Hình hoạ',1,2,39,NULL,1,NULL),(2786,'3190111','Giải tích 1',1,4,39,NULL,1,NULL),(2787,'2090131','Những nguyên lý cơ bản của CN Mac-Lênin 1',1,2,39,NULL,1,NULL),(2788,'130011','Giáo dục thể chất 1',1,0,39,NULL,1,NULL),(2789,'3060303','Hoá học Đại cương',1,2,39,NULL,1,NULL),(2790,'4130501','Anh văn A2.1',1,3,39,NULL,1,NULL),(2791,'3190121','Giải tích 2',2,4,39,NULL,1,NULL),(2792,'3190131','Đại số',2,3,39,NULL,1,NULL),(2793,'4130311','Anh văn A2.2',2,4,39,NULL,1,NULL),(2794,'3050011','Vật lý 1',2,3,39,NULL,1,NULL),(2795,'3050651','TN Vật lý',2,1,39,NULL,1,NULL),(2796,'130021','Giáo dục thể chất 2',2,0,39,NULL,1,NULL),(2797,'2090141','Những nguyên lý CB của CN Mac-Lênin 2',2,3,39,NULL,1,NULL),(2798,'2090101','Tư tưởng Hồ Chí Minh',3,2,39,NULL,1,NULL),(2799,'3050641','Vật lý 2',3,3,39,NULL,1,NULL),(2800,'1050053','Toán chuyên ngành',3,3,39,NULL,1,NULL),(2801,'3190041','Xác suất thống kê',3,3,39,NULL,1,NULL),(2802,'1051363','Lý thuyết Mạch điện 1',3,2,39,NULL,1,NULL),(2803,'1050953','TN Lý thuyết mạch điện 1',3,0.5,39,NULL,1,NULL),(2804,'1050022','Lý thuyết Trường điện từ',3,2,39,NULL,1,NULL),(2805,'130031','Giáo dục thể chất 3',3,0,39,NULL,1,NULL),(2806,'2090121','Đường lối CM của ĐCS Việt Nam',4,3,39,NULL,1,NULL),(2807,'1080401','Vẽ Kỹ thuật',4,2,39,NULL,1,NULL),(2808,'1051680','Mạch điện tử tương tự & số',4,3,39,NULL,1,NULL),(2809,'1051133','TN Mạch điện tử',4,0.5,39,NULL,1,NULL),(2810,'1051373','Lý thuyết Mạch điện 2',4,2,39,NULL,1,NULL),(2811,'1050983','TN Lý thuyết mạch điện 2',4,0.5,39,NULL,1,NULL),(2812,'1051383','Máy điện 1',4,2,39,NULL,1,NULL),(2813,'1050993','TN Máy điện 1',4,0.5,39,NULL,1,NULL),(2814,'1050923','Lý thuyết Điều khiển tự động',4,2,39,NULL,1,NULL),(2815,'130041','Giáo dục thể chất 4',4,0,39,NULL,1,NULL),(2816,'1051111','Nhập môn ngành',5,2,39,NULL,1,NULL),(2817,'1051402','Phương pháp tính',5,3,39,NULL,1,NULL),(2818,'1051393','Máy điện 2',5,2,39,NULL,1,NULL),(2819,'1051033','TN Máy điện 2',5,0.5,39,NULL,1,NULL),(2820,'1050113','Đồ án Máy điện',5,2,39,NULL,1,NULL),(2821,'1050153','Điện tử công suất',5,3,39,NULL,1,NULL),(2822,'1050183','Đồ án Điện tử công suất',5,2,39,NULL,1,NULL),(2823,'1051390','TN Điện tử CS & Truyền động điện',5,0.5,39,NULL,1,NULL),(2824,'130051','Giáo dục thể chất 5',5,0,39,NULL,1,NULL),(2825,'1180943','Kinh tế ngành',6,2,39,NULL,1,NULL),(2826,'1080491','Cơ học ứng dụng',6,3,39,NULL,1,NULL),(2827,'1051403','An toàn điện',6,1,39,NULL,1,NULL),(2828,'1051413','Thiết bị điện',6,2,39,NULL,1,NULL),(2829,'1051173','TN Thiết bị điện',6,0.5,39,NULL,1,NULL),(2830,'1050233','Mạng điện',6,3,39,NULL,1,NULL),(2831,'1051143','TN Mạng điện',6,0.5,39,NULL,1,NULL),(2832,'1050213','Đồ án Mạng điện',6,2,39,NULL,1,NULL),(2833,'1050223','Ngắn mạch trong Hệ thống điện',6,2,39,NULL,1,NULL),(2834,'1031112','Thuỷ khí ứng dụng',7,2,39,NULL,1,NULL),(2835,'1040451','Kỹ thuật nhiệt',7,2,39,NULL,1,NULL),(2836,'1051453','Kỹ thuật đo lường',7,2,39,NULL,1,NULL),(2837,'1051003','TN Kỹ thuật đo lường',7,0.5,39,NULL,1,NULL),(2838,'1051423','Truyền động điện',7,2,39,NULL,1,NULL),(2839,'1051433','Kỹ thuật cao áp & Vật liệu điện',7,3,39,NULL,1,NULL),(2840,'1051153','TN Cao áp',7,0.5,39,NULL,1,NULL),(2841,'1051443','Bảo vệ rơ-le & Tự động hóa HT điện',7,3,39,NULL,1,NULL),(2842,'1050012','TN Bảo vệ Rơle trong H.thống điện',7,0.5,39,NULL,1,NULL),(2843,'1051463','Thực tập công nhân',7,2,39,NULL,1,NULL),(2844,'4130331','Anh văn CN Ðiện',8,2,39,NULL,1,NULL),(2845,'1170011','Môi trường',8,2,39,NULL,1,NULL),(2846,'1051650','Điều khiển logic',8,2,39,NULL,1,NULL),(2847,'1051073','TN Điều khiển logic',8,0.5,39,NULL,1,NULL),(2848,'1050343','Đồ án Điều khiển logic',8,2,39,NULL,1,NULL),(2849,'1051473','Phần điện trong NM điện & TBA',8,3,39,NULL,1,NULL),(2850,'1051483','Đồ án Phần điện trong NMĐ & TBA',8,2,39,NULL,1,NULL),(2851,'1050643','Vận hành Nhà máy thuỷ điện',8,2,39,NULL,1,NULL),(2852,'1051513','Thực tập Tốt nghiệp (HTĐ)',9,2,39,NULL,1,NULL),(2853,'1040731','Nhà máy nhiệt điện',9,2,39,NULL,1,NULL),(2854,'1050703','Thông tin & điều độ trong HT điện',9,2,39,NULL,1,NULL),(2855,'1050413','Ổn định trong Hệ thống điện',9,2,39,NULL,1,NULL),(2856,'1051543','Vận hành Hệ thống điện',9,2,39,NULL,1,NULL),(2857,'1051293','Giải tích mạng điện',9,2,39,NULL,1,NULL),(2858,'1050723','Tính toán thiết kế cao áp',9,2,39,NULL,1,NULL),(2859,'1050853','Cơ khí đường dây',9,2,39,NULL,1,NULL),(2860,'1050713','Thiết kế Bảo vệ rơle',9,2,39,NULL,1,NULL),(2861,'1050683','Quản lý dự án Công trình điện',9,2,39,NULL,1,NULL),(2862,'1051523','Thực tập Tốt nghiệp (ĐCN)',9,2,39,NULL,1,NULL),(2863,'1050503','Kỹ thuật chiếu sáng',9,2,39,NULL,1,NULL),(2864,'1050513','Mô hình hoá máy điện',9,2,39,NULL,1,NULL),(2865,'1050543','Cảm biến',9,2,39,NULL,1,NULL),(2866,'1050043','Cung cấp điện XNCN',9,2,39,NULL,1,NULL),(2867,'1050823','Máy điện trong thiết bị tự động',9,2,39,NULL,1,NULL),(2868,'1051183','Thiết bị bù',9,2,39,NULL,1,NULL),(2869,'1051233','Năng lượng sạch & tái tạo',9,2,39,NULL,1,NULL),(2870,'1051533','Thực tập Tốt nghiệp (TĐH)',9,2,39,NULL,1,NULL),(2871,'1051552','Kỹ thuật Vi xử lý',9,2,39,NULL,1,NULL),(2872,'1051562','Điện công nghiệp',9,2,39,NULL,1,NULL),(2873,'1050473','Điều khiển truyền động điện',9,2,39,NULL,1,NULL),(2874,'1050453','Mạng T.thông C.nghiệp& hệ SCADA',9,2,39,NULL,1,NULL),(2875,'1050243','Điều khiển số',9,2,39,NULL,1,NULL),(2876,'1050483','Mô hình hoá & M.phỏng HT Đ.khiển',9,2,39,NULL,1,NULL),(2877,'1050753','Điều khiển thuỷ khí',9,2,39,NULL,1,NULL),(2878,'1051572','Kỹ thuật Robot',9,2,39,NULL,1,NULL),(2879,'1050443','Điều khiển & Ghép nối T.bị ngoại vi',9,2,39,NULL,1,NULL),(2880,'1050463','Hệ thống thông tin đo lường',9,2,39,NULL,1,NULL),(2881,'1050423','Vi điều khiển',9,2,39,NULL,1,NULL),(2882,'1050813','Điều khiển logic trong Tr.động điện',9,2,39,NULL,1,NULL),(2883,'1050603','Đồ án Tốt nghiệp (LT)',10,10,39,NULL,1,NULL),(2884,'1051323','Đồ án tốt nghiệp (DHT)',10,10,39,NULL,1,NULL),(2885,'1051333','Đồ án tốt nghiệp (DTD)',10,10,39,NULL,1,NULL),(2886,'4130241','Anh văn 1',1,3,40,NULL,1,NULL),(2887,'3190111','Giải tích 1',1,4,40,NULL,1,NULL),(2888,'1080011','Hình hoạ',1,2,40,NULL,1,NULL),(2889,'3060031','Hoá học Đại cương',1,3,40,NULL,1,NULL),(2890,'1020691','Tin học Đại cương',1,2,40,NULL,1,NULL),(2891,'1020701','TH Tin học đại cương',1,1,40,NULL,1,NULL),(2892,'130011','Giáo dục thể chất 1',1,0,40,NULL,1,NULL),(2893,'2090131','Những nguyên lý cơ bản của CN Mac-Lênin 1',1,2,40,NULL,1,NULL),(2894,'2090141','Những nguyên lý CB của CN Mac-Lênin 2',2,3,40,NULL,1,NULL),(2895,'4130251','Anh văn 2',2,2,40,NULL,1,NULL),(2896,'3190121','Giải tích 2',2,4,40,NULL,1,NULL),(2897,'3050011','Vật lý 1',2,3,40,NULL,1,NULL),(2898,'1080491','Cơ học ứng dụng',2,3,40,NULL,1,NULL),(2899,'1170011','Môi trường',2,2,40,NULL,1,NULL),(2900,'1080401','Vẽ Kỹ thuật',2,2,40,NULL,1,NULL),(2901,'130021','Giáo dục thể chất 2',2,0,40,NULL,1,NULL),(2902,'4130261','Anh văn 3',3,2,40,NULL,1,NULL),(2903,'3190131','Đại số',3,3,40,NULL,1,NULL),(2904,'3050021','Vật lý 2',3,2,40,NULL,1,NULL),(2905,'3050651','TN Vật lý',3,1,40,NULL,1,NULL),(2906,'1020723','Lập trình hệ thống',3,2,40,NULL,1,NULL),(2907,'1020733','TH Lập trình hệ thống',3,1,40,NULL,1,NULL),(2908,'1020363','Soạn thảo & trình bày báo cáo',3,1,40,NULL,1,NULL),(2909,'1020753','TH S.thảo & T.bày báo cáo',3,1,40,NULL,1,NULL),(2910,'1020023','Toán rời rạc',3,2,40,NULL,1,NULL),(2911,'1020763','TH Toán rời rạc',3,1,40,NULL,1,NULL),(2912,'130031','Giáo dục thể chất 3',3,0,40,NULL,1,NULL),(2913,'2090101','Tư tưởng Hồ Chí Minh',3,2,40,NULL,1,NULL),(2914,'3190141','Xác suất thống kê',4,2,40,NULL,1,NULL),(2915,'1020773','Toán chuyên đề',4,2,40,NULL,1,NULL),(2916,'1020042','Cấu trúc dữ liệu',4,2,40,NULL,1,NULL),(2917,'1020783','TH Cấu trúc dữ liệu',4,1,40,NULL,1,NULL),(2918,'1020052','Kỹ thuật Xung số',4,3,40,NULL,1,NULL),(2919,'1020792','TH Kỹ thuật xung số',4,1,40,NULL,1,NULL),(2920,'1020063','Ngôn ngữ Hình thức & Ôtômat',4,2,40,NULL,1,NULL),(2921,'130041','Giáo dục thể chất 4',4,0,40,NULL,1,NULL),(2922,'1020803','ĐA Lập trình hệ thống',4,1,40,NULL,1,NULL),(2923,'1020092','Xử lý tín hiệu số 1',4,3,40,NULL,1,NULL),(2924,'4130131','Anh văn CN Công nghệ thông tin',4,3,40,NULL,1,NULL),(2925,'2090121','Đường lối CM của ĐCS Việt Nam',4,3,40,NULL,1,NULL),(2926,'1021182','Phương pháp tính',5,2,40,NULL,1,NULL),(2927,'1020812','TH Phương pháp tính',5,1,40,NULL,1,NULL),(2928,'1020102','Cơ sở dữ liệu',5,2,40,NULL,1,NULL),(2929,'1020822','TH Cơ sở dữ liệu',5,1,40,NULL,1,NULL),(2930,'1020113','Chương trình dịch',5,2,40,NULL,1,NULL),(2931,'1020833','TH Chương trình dịch',5,1,40,NULL,1,NULL),(2932,'1020132','Kỹ thuật Vi xử lý',5,2,40,NULL,1,NULL),(2933,'1020842','TH Kỹ thuật vi xử lý',5,1,40,NULL,1,NULL),(2934,'1020153','Phân tích & thiết kế thuật toán',5,2,40,NULL,1,NULL),(2935,'1020853','TH Phân tích & TK thuật toán',5,1,40,NULL,1,NULL),(2936,'1020123','ĐA Cấu trúc D.liệu & thuật toán',5,2,40,NULL,1,NULL),(2937,'130051','Giáo dục thể chất 5',5,0,40,NULL,1,NULL),(2938,'1020173','Chuyên đề 1',6,2,40,NULL,1,NULL),(2939,'1020863','TH Chuyên đề 1',6,1,40,NULL,1,NULL),(2940,'1020182','Cấu trúc máy tính',6,2,40,NULL,1,NULL),(2941,'1020872','TH Cấu trúc máy tính',6,1,40,NULL,1,NULL),(2942,'1020213','Đồ họa máy tính',6,2,40,NULL,1,NULL),(2943,'1020883','TH Đồ hoạ máy tính',6,1,40,NULL,1,NULL),(2944,'1020222','Nguyên lý hệ điều hành',6,3,40,NULL,1,NULL),(2945,'1020232','Lập trình hướng đối tượng',6,2,40,NULL,1,NULL),(2946,'1020893','TH LT hướng đối tượng',6,1,40,NULL,1,NULL),(2947,'1020242','Kỹ thuật Truyền số liệu',6,2,40,NULL,1,NULL),(2948,'1020912','Đồ án Kỹ thuật vi xử lý',6,2,40,NULL,1,NULL),(2949,'1020932','TH Công nghệ phần mềm',6,1,40,NULL,1,NULL),(2950,'1020252','Công nghệ phần mềm',6,2,40,NULL,1,NULL),(2951,'1020633','Chuyên đề 2',7,2,40,NULL,1,NULL),(2952,'1020923','TH Chuyên đề 2',7,1,40,NULL,1,NULL),(2953,'1020292','Mạng máy tính',7,2,40,NULL,1,NULL),(2954,'1020593','Lập trình JAVA',7,2,40,NULL,1,NULL),(2955,'1020313','Trí tuệ nhân tạo',7,2,40,NULL,1,NULL),(2956,'1020943','TH Lập trình JAVA',7,1,40,NULL,1,NULL),(2957,'1020953','TH Trí tuệ nhân tạo',7,1,40,NULL,1,NULL),(2958,'1020263','ĐA Nguyên lý hệ điều hành',7,1,40,NULL,1,NULL),(2959,'1020743','Thực tập nhận thức',7,1,40,NULL,1,NULL),(2960,'1020302','Phân tích & thiết kế hệ thống',7,2,40,NULL,1,NULL),(2961,'1020902','TH Phân tích & TK hệ thống',7,1,40,NULL,1,NULL),(2962,'1020653','Chuyên đề 3',8,2,40,NULL,1,NULL),(2963,'1021003','TH Chuyên đề 3',8,1,40,NULL,1,NULL),(2964,'1020283','Lập trình hàm & logic',8,2,40,NULL,1,NULL),(2965,'1020973','TH Lập trình hàm logic',8,1,40,NULL,1,NULL),(2966,'1020353','Lập trình mạng',8,2,40,NULL,1,NULL),(2967,'1020983','TH Lập trình mạng',8,1,40,NULL,1,NULL),(2968,'1020333','ĐA Lập trình mạng',8,2,40,NULL,1,NULL),(2969,'1020992','Đồ án Công nghệ phần mềm',8,2,40,NULL,1,NULL),(2970,'1020663','Thực tập Công nhân',8,3,40,NULL,1,NULL),(2971,'1020473','Giao tiếp người máy',9,2,40,NULL,1,NULL),(2972,'1021013','TH Giao tiếp người máy',9,1,40,NULL,1,NULL),(2973,'1020193','Phân tích & T.kế hướng đối tượng',9,2,40,NULL,1,NULL),(2974,'1020163','TH PT&TK hướng đối tượng',9,1,40,NULL,1,NULL),(2975,'1020673','Chuyên đề Công nghệ phần mềm',9,2,40,NULL,1,NULL),(2976,'1021033','TH C.đề CN phần mềm',9,1,40,NULL,1,NULL),(2977,'1021043','Cơ sở dữ liệu nâng cao',9,2,40,NULL,1,NULL),(2978,'1021053','TH Cơ sở dữ liệu nâng cao',9,1,40,NULL,1,NULL),(2979,'1020413','Kiểm thử phần mềm',9,2,40,NULL,1,NULL),(2980,'1021063','TH Kiểm thử phần mềm',9,1,40,NULL,1,NULL),(2981,'1020433','Quản trị dự án phần mềm',9,2,40,NULL,1,NULL),(2982,'1021073','TH Quản trị DA phần mềm',9,1,40,NULL,1,NULL),(2983,'1020563','Thực tập Tốt nghiệp',9,3,40,NULL,1,NULL),(2984,'1020573','Đồ án Tốt nghiệp',10,10,40,NULL,1,NULL),(2985,'4130241','Anh văn 1',1,3,41,NULL,1,NULL),(2986,'3190111','Giải tích 1',1,4,41,NULL,1,NULL),(2987,'1080011','Hình hoạ',1,2,41,NULL,1,NULL),(2988,'3060031','Hoá học Đại cương',1,3,41,NULL,1,NULL),(2989,'1020691','Tin học Đại cương',1,2,41,NULL,1,NULL),(2990,'1020701','TH Tin học đại cương',1,1,41,NULL,1,NULL),(2991,'130011','Giáo dục thể chất 1',1,0,41,NULL,1,NULL),(2992,'2090131','Những nguyên lý cơ bản của CN Mac-Lênin 1',1,2,41,NULL,1,NULL),(2993,'2090141','Những nguyên lý CB của CN Mac-Lênin 2',2,3,41,NULL,1,NULL),(2994,'4130251','Anh văn 2',2,2,41,NULL,1,NULL),(2995,'3190121','Giải tích 2',2,4,41,NULL,1,NULL),(2996,'3050011','Vật lý 1',2,3,41,NULL,1,NULL),(2997,'1080491','Cơ học ứng dụng',2,3,41,NULL,1,NULL),(2998,'1170011','Môi trường',2,2,41,NULL,1,NULL),(2999,'1080401','Vẽ Kỹ thuật',2,2,41,NULL,1,NULL),(3000,'130021','Giáo dục thể chất 2',2,0,41,NULL,1,NULL),(3001,'4130261','Anh văn 3',3,2,41,NULL,1,NULL),(3002,'3190131','Đại số',3,3,41,NULL,1,NULL),(3003,'3050021','Vật lý 2',3,2,41,NULL,1,NULL),(3004,'3050651','TN Vật lý',3,1,41,NULL,1,NULL),(3005,'1020723','Lập trình hệ thống',3,2,41,NULL,1,NULL),(3006,'1020733','TH Lập trình hệ thống',3,1,41,NULL,1,NULL),(3007,'1020363','Soạn thảo & trình bày báo cáo',3,1,41,NULL,1,NULL),(3008,'1020753','TH S.thảo & T.bày báo cáo',3,1,41,NULL,1,NULL),(3009,'1020023','Toán rời rạc',3,2,41,NULL,1,NULL),(3010,'1020763','TH Toán rời rạc',3,1,41,NULL,1,NULL),(3011,'130031','Giáo dục thể chất 3',3,0,41,NULL,1,NULL),(3012,'2090101','Tư tưởng Hồ Chí Minh',3,2,41,NULL,1,NULL),(3013,'3190141','Xác suất thống kê',4,2,41,NULL,1,NULL),(3014,'1020773','Toán chuyên đề',4,2,41,NULL,1,NULL),(3015,'1020042','Cấu trúc dữ liệu',4,2,41,NULL,1,NULL),(3016,'1020783','TH Cấu trúc dữ liệu',4,1,41,NULL,1,NULL),(3017,'1020052','Kỹ thuật Xung số',4,3,41,NULL,1,NULL),(3018,'1020792','TH Kỹ thuật xung số',4,1,41,NULL,1,NULL),(3019,'1020063','Ngôn ngữ Hình thức & Ôtômat',4,2,41,NULL,1,NULL),(3020,'130041','Giáo dục thể chất 4',4,0,41,NULL,1,NULL),(3021,'1020803','ĐA Lập trình hệ thống',4,1,41,NULL,1,NULL),(3022,'1020092','Xử lý tín hiệu số 1',4,3,41,NULL,1,NULL),(3023,'4130131','Anh văn CN Công nghệ thông tin',4,3,41,NULL,1,NULL),(3024,'2090121','Đường lối CM của ĐCS Việt Nam',4,3,41,NULL,1,NULL),(3025,'1021182','Phương pháp tính',5,2,41,NULL,1,NULL),(3026,'1020812','TH Phương pháp tính',5,1,41,NULL,1,NULL),(3027,'1020102','Cơ sở dữ liệu',5,2,41,NULL,1,NULL),(3028,'1020822','TH Cơ sở dữ liệu',5,1,41,NULL,1,NULL),(3029,'1020113','Chương trình dịch',5,2,41,NULL,1,NULL),(3030,'1020833','TH Chương trình dịch',5,1,41,NULL,1,NULL),(3031,'1020132','Kỹ thuật Vi xử lý',5,2,41,NULL,1,NULL),(3032,'1020842','TH Kỹ thuật vi xử lý',5,1,41,NULL,1,NULL),(3033,'1020153','Phân tích & thiết kế thuật toán',5,2,41,NULL,1,NULL),(3034,'1020853','TH Phân tích & TK thuật toán',5,1,41,NULL,1,NULL),(3035,'1020123','ĐA Cấu trúc D.liệu & thuật toán',5,2,41,NULL,1,NULL),(3036,'130051','Giáo dục thể chất 5',5,0,41,NULL,1,NULL),(3037,'1020173','Chuyên đề 1',6,2,41,NULL,1,NULL),(3038,'1020863','TH Chuyên đề 1',6,1,41,NULL,1,NULL),(3039,'1020182','Cấu trúc máy tính',6,2,41,NULL,1,NULL),(3040,'1020872','TH Cấu trúc máy tính',6,1,41,NULL,1,NULL),(3041,'1020213','Đồ họa máy tính',6,2,41,NULL,1,NULL),(3042,'1020883','TH Đồ hoạ máy tính',6,1,41,NULL,1,NULL),(3043,'1020222','Nguyên lý hệ điều hành',6,3,41,NULL,1,NULL),(3044,'1020232','Lập trình hướng đối tượng',6,2,41,NULL,1,NULL),(3045,'1020893','TH LT hướng đối tượng',6,1,41,NULL,1,NULL),(3046,'1020242','Kỹ thuật Truyền số liệu',6,2,41,NULL,1,NULL),(3047,'1020912','Đồ án Kỹ thuật vi xử lý',6,2,41,NULL,1,NULL),(3048,'1020932','TH Công nghệ phần mềm',6,1,41,NULL,1,NULL),(3049,'1020252','Công nghệ phần mềm',6,2,41,NULL,1,NULL),(3050,'1020633','Chuyên đề 2',7,2,41,NULL,1,NULL),(3051,'1020923','TH Chuyên đề 2',7,1,41,NULL,1,NULL),(3052,'1020292','Mạng máy tính',7,2,41,NULL,1,NULL),(3053,'1020593','Lập trình JAVA',7,2,41,NULL,1,NULL),(3054,'1020313','Trí tuệ nhân tạo',7,2,41,NULL,1,NULL),(3055,'1020943','TH Lập trình JAVA',7,1,41,NULL,1,NULL),(3056,'1020953','TH Trí tuệ nhân tạo',7,1,41,NULL,1,NULL),(3057,'1020263','ĐA Nguyên lý hệ điều hành',7,1,41,NULL,1,NULL),(3058,'1020743','Thực tập nhận thức',7,1,41,NULL,1,NULL),(3059,'1020302','Phân tích & thiết kế hệ thống',7,2,41,NULL,1,NULL),(3060,'1020902','TH Phân tích & TK hệ thống',7,1,41,NULL,1,NULL),(3061,'1020653','Chuyên đề 3',8,2,41,NULL,1,NULL),(3062,'1021003','TH Chuyên đề 3',8,1,41,NULL,1,NULL),(3063,'1020283','Lập trình hàm & logic',8,2,41,NULL,1,NULL),(3064,'1020973','TH Lập trình hàm logic',8,1,41,NULL,1,NULL),(3065,'1020353','Lập trình mạng',8,2,41,NULL,1,NULL),(3066,'1020983','TH Lập trình mạng',8,1,41,NULL,1,NULL),(3067,'1020333','ĐA Lập trình mạng',8,2,41,NULL,1,NULL),(3068,'1020992','Đồ án Công nghệ phần mềm',8,2,41,NULL,1,NULL),(3069,'1020663','Thực tập Công nhân',8,3,41,NULL,1,NULL),(3070,'1020443','Phát triển ứng dụng trên TB di động',9,3,41,NULL,1,NULL),(3071,'1022120','Thiết kế các hệ thống nhúng',9,3,41,NULL,1,NULL),(3072,'1022130','Thiết kế phần cứng trên FPGA',9,2,41,NULL,1,NULL),(3073,'1022140','TH Thiết kế PC trên FPGA',9,1,41,NULL,1,NULL),(3074,'1022150','Lập trình C trong các HTN',9,2,41,NULL,1,NULL),(3075,'1022160','TH LT C trong các HTN',9,1,41,NULL,1,NULL),(3076,'1020373','Xử lý ảnh',9,3,41,NULL,1,NULL),(3077,'1021103','TH Xử lý ảnh',9,1,41,NULL,1,NULL),(3078,'1022170','Xử lý tín hiệu trên các HTN',9,2,41,NULL,1,NULL),(3079,'1022180','TH Xử lý tín hiệu trên các HTN',9,1,41,NULL,1,NULL),(3080,'1020563','Thực tập Tốt nghiệp',9,3,41,NULL,1,NULL),(3081,'1020573','Đồ án Tốt nghiệp',10,10,41,NULL,1,NULL),(3082,'4130241','Anh văn 1',1,3,42,NULL,1,NULL),(3083,'3190111','Giải tích 1',1,4,42,NULL,1,NULL),(3084,'1080011','Hình hoạ',1,2,42,NULL,1,NULL),(3085,'3060031','Hoá học Đại cương',1,3,42,NULL,1,NULL),(3086,'1020691','Tin học Đại cương',1,2,42,NULL,1,NULL),(3087,'1020701','TH Tin học đại cương',1,1,42,NULL,1,NULL),(3088,'130011','Giáo dục thể chất 1',1,0,42,NULL,1,NULL),(3089,'2090131','Những nguyên lý cơ bản của CN Mac-Lênin 1',1,2,42,NULL,1,NULL),(3090,'2090141','Những nguyên lý CB của CN Mac-Lênin 2',2,3,42,NULL,1,NULL),(3091,'4130251','Anh văn 2',2,2,42,NULL,1,NULL),(3092,'3190121','Giải tích 2',2,4,42,NULL,1,NULL),(3093,'3050011','Vật lý 1',2,3,42,NULL,1,NULL),(3094,'1080491','Cơ học ứng dụng',2,3,42,NULL,1,NULL),(3095,'1170011','Môi trường',2,2,42,NULL,1,NULL),(3096,'1080401','Vẽ Kỹ thuật',2,2,42,NULL,1,NULL),(3097,'130021','Giáo dục thể chất 2',2,0,42,NULL,1,NULL),(3098,'4130261','Anh văn 3',3,2,42,NULL,1,NULL),(3099,'3190131','Đại số',3,3,42,NULL,1,NULL),(3100,'3050021','Vật lý 2',3,2,42,NULL,1,NULL),(3101,'3050651','TN Vật lý',3,1,42,NULL,1,NULL),(3102,'1020723','Lập trình hệ thống',3,2,42,NULL,1,NULL),(3103,'1020733','TH Lập trình hệ thống',3,1,42,NULL,1,NULL),(3104,'1020363','Soạn thảo & trình bày báo cáo',3,1,42,NULL,1,NULL),(3105,'1020753','TH S.thảo & T.bày báo cáo',3,1,42,NULL,1,NULL),(3106,'1020023','Toán rời rạc',3,2,42,NULL,1,NULL),(3107,'1020763','TH Toán rời rạc',3,1,42,NULL,1,NULL),(3108,'130031','Giáo dục thể chất 3',3,0,42,NULL,1,NULL),(3109,'2090101','Tư tưởng Hồ Chí Minh',3,2,42,NULL,1,NULL),(3110,'3190141','Xác suất thống kê',4,2,42,NULL,1,NULL),(3111,'1020773','Toán chuyên đề',4,2,42,NULL,1,NULL),(3112,'1020042','Cấu trúc dữ liệu',4,2,42,NULL,1,NULL),(3113,'1020783','TH Cấu trúc dữ liệu',4,1,42,NULL,1,NULL),(3114,'1020052','Kỹ thuật Xung số',4,3,42,NULL,1,NULL),(3115,'1020792','TH Kỹ thuật xung số',4,1,42,NULL,1,NULL),(3116,'1020063','Ngôn ngữ Hình thức & Ôtômat',4,2,42,NULL,1,NULL),(3117,'130041','Giáo dục thể chất 4',4,0,42,NULL,1,NULL),(3118,'1020803','ĐA Lập trình hệ thống',4,1,42,NULL,1,NULL),(3119,'1020092','Xử lý tín hiệu số 1',4,3,42,NULL,1,NULL),(3120,'4130131','Anh văn CN Công nghệ thông tin',4,3,42,NULL,1,NULL),(3121,'2090121','Đường lối CM của ĐCS Việt Nam',4,3,42,NULL,1,NULL),(3122,'1021182','Phương pháp tính',5,2,42,NULL,1,NULL),(3123,'1020812','TH Phương pháp tính',5,1,42,NULL,1,NULL),(3124,'1020102','Cơ sở dữ liệu',5,2,42,NULL,1,NULL),(3125,'1020822','TH Cơ sở dữ liệu',5,1,42,NULL,1,NULL),(3126,'1020113','Chương trình dịch',5,2,42,NULL,1,NULL),(3127,'1020833','TH Chương trình dịch',5,1,42,NULL,1,NULL),(3128,'1020132','Kỹ thuật Vi xử lý',5,2,42,NULL,1,NULL),(3129,'1020842','TH Kỹ thuật vi xử lý',5,1,42,NULL,1,NULL),(3130,'1020153','Phân tích & thiết kế thuật toán',5,2,42,NULL,1,NULL),(3131,'1020853','TH Phân tích & TK thuật toán',5,1,42,NULL,1,NULL),(3132,'1020123','ĐA Cấu trúc D.liệu & thuật toán',5,2,42,NULL,1,NULL),(3133,'130051','Giáo dục thể chất 5',5,0,42,NULL,1,NULL),(3134,'1020173','Chuyên đề 1',6,2,42,NULL,1,NULL),(3135,'1020863','TH Chuyên đề 1',6,1,42,NULL,1,NULL),(3136,'1020182','Cấu trúc máy tính',6,2,42,NULL,1,NULL),(3137,'1020872','TH Cấu trúc máy tính',6,1,42,NULL,1,NULL),(3138,'1020213','Đồ họa máy tính',6,2,42,NULL,1,NULL),(3139,'1020883','TH Đồ hoạ máy tính',6,1,42,NULL,1,NULL),(3140,'1020222','Nguyên lý hệ điều hành',6,3,42,NULL,1,NULL),(3141,'1020232','Lập trình hướng đối tượng',6,2,42,NULL,1,NULL),(3142,'1020893','TH LT hướng đối tượng',6,1,42,NULL,1,NULL),(3143,'1020242','Kỹ thuật Truyền số liệu',6,2,42,NULL,1,NULL),(3144,'1020912','Đồ án Kỹ thuật vi xử lý',6,2,42,NULL,1,NULL),(3145,'1020932','TH Công nghệ phần mềm',6,1,42,NULL,1,NULL),(3146,'1020252','Công nghệ phần mềm',6,2,42,NULL,1,NULL),(3147,'1020633','Chuyên đề 2',7,2,42,NULL,1,NULL),(3148,'1020923','TH Chuyên đề 2',7,1,42,NULL,1,NULL),(3149,'1020292','Mạng máy tính',7,2,42,NULL,1,NULL),(3150,'1020593','Lập trình JAVA',7,2,42,NULL,1,NULL),(3151,'1020313','Trí tuệ nhân tạo',7,2,42,NULL,1,NULL),(3152,'1020943','TH Lập trình JAVA',7,1,42,NULL,1,NULL),(3153,'1020953','TH Trí tuệ nhân tạo',7,1,42,NULL,1,NULL),(3154,'1020263','ĐA Nguyên lý hệ điều hành',7,1,42,NULL,1,NULL),(3155,'1020743','Thực tập nhận thức',7,1,42,NULL,1,NULL),(3156,'1020302','Phân tích & thiết kế hệ thống',7,2,42,NULL,1,NULL),(3157,'1020902','TH Phân tích & TK hệ thống',7,1,42,NULL,1,NULL),(3158,'1020653','Chuyên đề 3',8,2,42,NULL,1,NULL),(3159,'1021003','TH Chuyên đề 3',8,1,42,NULL,1,NULL),(3160,'1020283','Lập trình hàm & logic',8,2,42,NULL,1,NULL),(3161,'1020973','TH Lập trình hàm logic',8,1,42,NULL,1,NULL),(3162,'1020353','Lập trình mạng',8,2,42,NULL,1,NULL),(3163,'1020983','TH Lập trình mạng',8,1,42,NULL,1,NULL),(3164,'1020333','ĐA Lập trình mạng',8,2,42,NULL,1,NULL),(3165,'1020992','Đồ án Công nghệ phần mềm',8,2,42,NULL,1,NULL),(3166,'1020663','Thực tập Công nhân',8,3,42,NULL,1,NULL),(3167,'1020503','An toàn Thông tin mạng',9,2,42,NULL,1,NULL),(3168,'1021133','TH An toàn Thông tin mạng',9,1,42,NULL,1,NULL),(3169,'1020523','Hệ phân tán',9,2,42,NULL,1,NULL),(3170,'1021143','TH Hệ phân tán',9,1,42,NULL,1,NULL),(3171,'1021213','Chuyên đề Mạng',9,2,42,NULL,1,NULL),(3172,'1021223','TH Chuyên đề Mạng',9,1,42,NULL,1,NULL),(3173,'1020533','Lập trình mạng nâng cao',9,2,42,NULL,1,NULL),(3174,'1021153','TH LT mạng nâng cao',9,1,42,NULL,1,NULL),(3175,'1020543','Quản trị mạng',9,2,42,NULL,1,NULL),(3176,'1021163','TH Quản trị mạng',9,1,42,NULL,1,NULL),(3177,'1020553','Xử lý song song',9,2,42,NULL,1,NULL),(3178,'1021173','TH Xử lý song song',9,1,42,NULL,1,NULL),(3179,'1020563','Thực tập Tốt nghiệp',9,3,42,NULL,1,NULL),(3180,'1020573','Đồ án Tốt nghiệp',10,10,42,NULL,1,NULL),(3181,'130011','Giáo dục thể chất 1',1,0,43,NULL,1,NULL),(3182,'4130241','Anh văn 1',1,3,43,NULL,1,NULL),(3183,'1080011','Hình hoạ',1,2,43,NULL,1,NULL),(3184,'3060031','Hoá học Đại cương',1,3,43,NULL,1,NULL),(3185,'1020691','Tin học Đại cương',1,2,43,NULL,1,NULL),(3186,'1020701','TH Tin học đại cương',1,1,43,NULL,1,NULL),(3187,'3190111','Giải tích 1',1,4,43,NULL,1,NULL),(3188,'2090131','Những nguyên lý cơ bản của CN Mac-Lênin 1',1,2,43,NULL,1,NULL),(3189,'4130280','Anh văn A1 (dự bị)',1,5,43,NULL,1,NULL),(3190,'130021','Giáo dục thể chất 2',2,0,43,NULL,1,NULL),(3191,'2090141','Những nguyên lý CB của CN Mac-Lênin 2',2,3,43,NULL,1,NULL),(3192,'4130251','Anh văn 2',2,2,43,NULL,1,NULL),(3193,'3190121','Giải tích 2',2,4,43,NULL,1,NULL),(3194,'3050011','Vật lý 1',2,3,43,NULL,1,NULL),(3195,'1170011','Môi trường',2,2,43,NULL,1,NULL),(3196,'1080411','Cơ lý thuyết 1',2,3,43,NULL,1,NULL),(3197,'1080401','Vẽ Kỹ thuật',2,2,43,NULL,1,NULL),(3198,'1030683','Tin học ứng dụng',2,1,43,NULL,1,NULL),(3199,'1030693','TH Tin học ứng dụng',2,1,43,NULL,1,NULL),(3200,'2090101','Tư tưởng Hồ Chí Minh',3,2,43,NULL,1,NULL),(3201,'4130261','Anh văn 3',3,2,43,NULL,1,NULL),(3202,'3190131','Đại số',3,3,43,NULL,1,NULL),(3203,'3050021','Vật lý 2',3,2,43,NULL,1,NULL),(3204,'3050651','TN Vật lý',3,1,43,NULL,1,NULL),(3205,'1080421','Cơ lý thuyết 2',3,2,43,NULL,1,NULL),(3206,'1080502','Vẽ Kỹ thuật cơ khí',3,2,43,NULL,1,NULL),(3207,'1050931','Kỹ thuật điện',3,2,43,NULL,1,NULL),(3208,'1050921','TN Kỹ thuật điện',3,0.5,43,NULL,1,NULL),(3209,'1080053','Nguyên lý máy',3,3,43,NULL,1,NULL),(3210,'1080431','Sức bền vật liệu 1',3,3,43,NULL,1,NULL),(3211,'130031','Giáo dục thể chất 3',3,0,43,NULL,1,NULL),(3212,'2090121','Đường lối CM của ĐCS Việt Nam',4,3,43,NULL,1,NULL),(3213,'3190141','Xác suất thống kê',4,2,43,NULL,1,NULL),(3214,'1080192','Cơ sở thiết kế máy 1',4,3,43,NULL,1,NULL),(3215,'1061062','Kỹ thuật Điện tử',4,2,43,NULL,1,NULL),(3216,'1040451','Kỹ thuật nhiệt',4,2,43,NULL,1,NULL),(3217,'1010702','Vật liệu kỹ thuật',4,3,43,NULL,1,NULL),(3218,'1030013','Thuỷ khí',4,4,43,NULL,1,NULL),(3219,'1030703','TN Thuỷ khí',4,0.5,43,NULL,1,NULL),(3220,'130041','Giáo dục thể chất 4',4,0,43,NULL,1,NULL),(3221,'1080202','Cơ sở thiết kế máy 2',5,2,43,NULL,1,NULL),(3222,'1080542','Đồ án Thiết kế truyền động cơ khí',5,1.5,43,NULL,1,NULL),(3223,'1060742','Kỹ thuật Mạch điện tử 1',5,3,43,NULL,1,NULL),(3224,'1030123','Nguyên lý động cơ đốt trong',5,4,43,NULL,1,NULL),(3225,'1030113','Máy thuỷ khí',5,3,43,NULL,1,NULL),(3226,'1010082','Công nghệ kim loại',5,2,43,NULL,1,NULL),(3227,'1030133','Nhiên liệu & dầu mỡ',5,2,43,NULL,1,NULL),(3228,'1010672','Thực tập Cơ khí (C4)',5,0.5,43,NULL,1,NULL),(3229,'130051','Giáo dục thể chất 5',5,0,43,NULL,1,NULL),(3230,'1030712','Kỹ thuật Vi điều khiển',6,3,43,NULL,1,NULL),(3231,'1030722','Đồ án Thiết kế Vi điều khiển',6,1.5,43,NULL,1,NULL),(3232,'1030103','Lý thuyết ôtô & máy công trình',6,4,43,NULL,1,NULL),(3233,'1030173','Truyền động Thuỷ khí động lực',6,2,43,NULL,1,NULL),(3234,'1030083','Kết cấu tính toán động cơ đốt trong',6,3,43,NULL,1,NULL),(3235,'1030733','Đồ án Truyền động thuỷ khí động lực',6,1.5,43,NULL,1,NULL),(3236,'1030503','Thực tập Nhận thức',6,0.5,43,NULL,1,NULL),(3237,'1030423','Phương pháp phần tử hữu hạn',7,3,43,NULL,1,NULL),(3238,'4130151','Anh văn CN Cơ khí giao thông',7,3,43,NULL,1,NULL),(3239,'1030023','An toàn lao động',7,1,43,NULL,1,NULL),(3240,'1010303','Kỹ thuật Chế tạo máy',7,3,43,NULL,1,NULL),(3241,'1010152','ROBOT Công nghiệp',7,2,43,NULL,1,NULL),(3242,'1030743','Cảm biến & Kỹ thuật đo',7,3,43,NULL,1,NULL),(3243,'1031163','TH Cảm biến & KT đo',7,0.5,43,NULL,1,NULL),(3244,'1030753','Hệ thống truyền lực ôtô',7,2,43,NULL,1,NULL),(3245,'1030763','Đồ án Thiết kế Động cơ đốt trong',7,2,43,NULL,1,NULL),(3246,'1030513','Thực tập Kỹ thuật 1',7,1.5,43,NULL,1,NULL),(3247,'1030073','Chẩn đoán kỹ thuật động cơ',8,2,43,NULL,1,NULL),(3248,'1030773','TH Chẩn đoán động cơ',8,0.5,43,NULL,1,NULL),(3249,'1030143','Trang bị điện & điện tử ĐCĐT',8,3,43,NULL,1,NULL),(3250,'1030783','TH TB điện & điện tử ĐCĐT',8,1,43,NULL,1,NULL),(3251,'1030793','TH Thí nghiệm động cơ',8,1,43,NULL,1,NULL),(3252,'1030163','Thí nghiệm Động cơ',8,1,43,NULL,1,NULL),(3253,'1030453','Đồ án Thiết kế ôtô',8,2,43,NULL,1,NULL),(3254,'1030523','Thực tập Kỹ thuật 2',8,1.5,43,NULL,1,NULL),(3255,'1030183','Điều chỉnh tự động lực phanh ôtô',8,2,43,NULL,1,NULL),(3256,'1030193','Đ.khiển tự động HT Truyền lực ôtô',8,2,43,NULL,1,NULL),(3257,'1030803','Kết cấu tính toán HT phanh, lái',8,2,43,NULL,1,NULL),(3258,'1030813','Kết cấu tính toán hệ thống treo',8,2,43,NULL,1,NULL),(3259,'1030953','TH TĐ kết hợp ôtô hybrid',8,1,43,NULL,1,NULL),(3260,'1030973','Thiết kế Kiểu dáng ôtô',8,2,43,NULL,1,NULL),(3261,'1030403','Thiết kế các HT trong động cơ',8,3,43,NULL,1,NULL),(3262,'1030943','Truyền động kết hợp ôtô hybrid',8,2,43,NULL,1,NULL),(3263,'1030833','HT Nhiên liệu điều khiển điện tử',8,2,43,NULL,1,NULL),(3264,'1030843','TH TK các HT trong động cơ',8,1,43,NULL,1,NULL),(3265,'1030853','ƯD CAD/CAM trong thiết kế động cơ',8,2,43,NULL,1,NULL),(3266,'1030863','TH ƯD CAD/CAM trong TK động cơ',8,1,43,NULL,1,NULL),(3267,'1030363','Trang bị động lực Nhà máy điện',8,3,43,NULL,1,NULL),(3268,'1030873','Trang bị động lực Công nghiệp',8,3,43,NULL,1,NULL),(3269,'1180332','Kinh tế quản lý',9,2,43,NULL,1,NULL),(3270,'1030883','Trang bị điện & điện tử thân xe',9,2,43,NULL,1,NULL),(3271,'1030893','TH TB điện & điện tử thân xe',9,1,43,NULL,1,NULL),(3272,'1030153','Thí nghiệm Ôtô & máy công trình',9,1,43,NULL,1,NULL),(3273,'1030903','TH TN ô tô & máy công trình',9,1,43,NULL,1,NULL),(3274,'1030913','Đồ án Điện - điện tử động lực',9,1.5,43,NULL,1,NULL),(3275,'1030213','Chẩn đoán kỹ thuật ôtô',9,1,43,NULL,1,NULL),(3276,'1030933','TH Chẩn đoán kỹ thuật ôtô',9,1,43,NULL,1,NULL),(3277,'1030243','Thí nghiệm Điện & điện tử trên ôtô',9,0.5,43,NULL,1,NULL),(3278,'1030963','Thiết kế Khung vỏ ôtô',9,2,43,NULL,1,NULL),(3279,'1030273','C.đoán KT & B.dưỡng máy C.trình',9,1,43,NULL,1,NULL),(3280,'1031123','TH C.Đoán KT & bảo dưỡng MCT',9,1,43,NULL,1,NULL),(3281,'1031043','Máy SX vật liệu & cấu kiện xây dựng',9,3,43,NULL,1,NULL),(3282,'1031053','Tự động điều khiển máy xây dựng',9,2,43,NULL,1,NULL),(3283,'1031063','TH Tự động ĐK máy xây dựng',9,1,43,NULL,1,NULL),(3284,'1030993','Động lực học máy xây dựng',9,2,43,NULL,1,NULL),(3285,'1031133','TN điện & điện tử trên máy công trình',9,0.5,43,NULL,1,NULL),(3286,'1030393','Động cơ tăng áp',9,2,43,NULL,1,NULL),(3287,'1031023','Cơ cấu phối khí điều khiển điện tử',9,2,43,NULL,1,NULL),(3288,'1031033','Trang bị động lực Tàu thuỷ',9,2,43,NULL,1,NULL),(3289,'1031083','Hệ động lực đầu máy xe lửa',9,2,43,NULL,1,NULL),(3290,'1030433','CN xử lý ô nhiễm môi trường',9,2,43,NULL,1,NULL),(3291,'1040442','Truyền nhiệt & Thiết bị trao đổi nhiệt',9,2,43,NULL,1,NULL),(3292,'1031073','KT động cơ sử dụng nhiên liệu mới',9,2,43,NULL,1,NULL),(3293,'1030533','Thực tập Tốt nghiệp',9,3,43,NULL,1,NULL),(3294,'1031553','Năng lượng & môi trường',9,2,43,NULL,1,NULL),(3295,'1030493','Đồ án Tốt nghiệp',10,10,43,NULL,1,NULL),(3296,'1020701','TH Tin học đại cương',1,1,44,NULL,1,NULL),(3297,'1020691','Tin học Đại cương',1,2,44,NULL,1,NULL),(3298,'1080011','Hình hoạ',1,2,44,NULL,1,NULL),(3299,'3190111','Giải tích 1',1,4,44,NULL,1,NULL),(3300,'2090131','Những nguyên lý cơ bản của CN Mac-Lênin 1',1,2,44,NULL,1,NULL),(3301,'130011','Giáo dục thể chất 1',1,0,44,NULL,1,NULL),(3302,'3060303','Hoá học Đại cương',1,2,44,NULL,1,NULL),(3303,'4130501','Anh văn A2.1',1,3,44,NULL,1,NULL),(3304,'4130311','Anh văn A2.2',2,4,44,NULL,1,NULL),(3305,'3190121','Giải tích 2',2,4,44,NULL,1,NULL),(3306,'3190131','Đại số',2,3,44,NULL,1,NULL),(3307,'3050011','Vật lý 1',2,3,44,NULL,1,NULL),(3308,'3050651','TN Vật lý',2,1,44,NULL,1,NULL),(3309,'1080401','Vẽ Kỹ thuật',2,2,44,NULL,1,NULL),(3310,'130021','Giáo dục thể chất 2',2,0,44,NULL,1,NULL),(3311,'2090101','Tư tưởng Hồ Chí Minh',3,2,44,NULL,1,NULL),(3312,'3190041','Xác suất thống kê',3,3,44,NULL,1,NULL),(3313,'3050641','Vật lý 2',3,3,44,NULL,1,NULL),(3314,'1040451','Kỹ thuật nhiệt',3,2,44,NULL,1,NULL),(3315,'1050931','Kỹ thuật điện',3,2,44,NULL,1,NULL),(3316,'1050921','TN Kỹ thuật điện',3,0.5,44,NULL,1,NULL),(3317,'1031560','Nhập môn ngành (KTTT)',3,2,44,NULL,1,NULL),(3318,'130031','Giáo dục thể chất 3',3,0,44,NULL,1,NULL),(3319,'2090141','Những nguyên lý CB của CN Mac-Lênin 2',4,3,44,NULL,1,NULL),(3320,'1031580','KT An toàn & Bảo vệ môi trường',4,2,44,NULL,1,NULL),(3321,'3190182','Toán chuyên ngành',4,3,44,NULL,1,NULL),(3322,'1080700','Cơ lý thuyết',4,3,44,NULL,1,NULL),(3323,'1080710','Sức bền vật liệu',4,3,44,NULL,1,NULL),(3324,'1061062','Kỹ thuật Điện tử',4,2,44,NULL,1,NULL),(3325,'1011113','Vật liệu kỹ thuật',4,2,44,NULL,1,NULL),(3326,'1031570','Thủy khí',4,3,44,NULL,1,NULL),(3327,'130041','Giáo dục thể chất 4',4,0,44,NULL,1,NULL),(3328,'2090121','Đường lối CM của ĐCS Việt Nam',5,3,44,NULL,1,NULL),(3329,'1080630','Truyền động cơ khí',5,3,44,NULL,1,NULL),(3330,'1080282','Đồ án Truyền động cơ khí',5,2,44,NULL,1,NULL),(3331,'1031790','Tĩnh học Tàu thủy',5,3,44,NULL,1,NULL),(3332,'1031590','Nguyên lý động cơ',5,3,44,NULL,1,NULL),(3333,'1010082','Công nghệ kim loại',5,2,44,NULL,1,NULL),(3334,'1031800','Vẽ tàu',5,1,44,NULL,1,NULL),(3335,'130051','Giáo dục thể chất 5',5,0,44,NULL,1,NULL),(3336,'1010303','Kỹ thuật Chế tạo máy',6,3,44,NULL,1,NULL),(3337,'1031630','Máy & Truyền động thủy khí',6,3,44,NULL,1,NULL),(3338,'1030703','TN Thuỷ khí',6,0.5,44,NULL,1,NULL),(3339,'1031273','Cơ học kết cấu tàu thuỷ',6,3,44,NULL,1,NULL),(3340,'1031283','Động lực học tàu thuỷ',6,3,44,NULL,1,NULL),(3341,'1030083','Kết cấu tính toán động cơ đốt trong',6,3,44,NULL,1,NULL),(3342,'4130420','Anh văn CN KT Tàu thủy',7,2,44,NULL,1,NULL),(3343,'1031620','Phương pháp tính',7,3,44,NULL,1,NULL),(3344,'1031810','Kết cấu thân tàu',7,3,44,NULL,1,NULL),(3345,'1031820','Hệ thống động lực tàu thủy',7,2,44,NULL,1,NULL),(3346,'1031830','Đồ án TK Máy tàu',7,1.5,44,NULL,1,NULL),(3347,'1031840','Đồ án TK Hệ động lực tàu',7,1.5,44,NULL,1,NULL),(3348,'1031850','Bố trí chung & Kiến trúc tàu',7,1,44,NULL,1,NULL),(3349,'1030513','Thực tập Kỹ thuật 1',7,1.5,44,NULL,1,NULL),(3350,'1031033','Trang bị động lực Tàu thuỷ',8,2,44,NULL,1,NULL),(3351,'1031353','Công ước & quy phạm đóng tàu',8,1,44,NULL,1,NULL),(3352,'1031363','Thiết kế Tàu thuỷ',8,3,44,NULL,1,NULL),(3353,'1031373','Đồ án Thiết kế Tàu thuỷ',8,2,44,NULL,1,NULL),(3354,'1031422','Thực tập Kỹ thuật 2 (KTTT)',8,1.5,44,NULL,1,NULL),(3355,'1031453','Công nghệ hàn tàu',8,2,44,NULL,1,NULL),(3356,'1031690','Nhiên liệu & Dầu mỡ',8,1,44,NULL,1,NULL),(3357,'1031860','Trang bị điện - điện tử tàu thủy',8,2,44,NULL,1,NULL),(3358,'1031770','Kinh tế vận tải',9,2,44,NULL,1,NULL),(3359,'1031870','Công nghệ đóng tàu',9,3,44,NULL,1,NULL),(3360,'1031880','Đồ án CN đóng tàu',9,2,44,NULL,1,NULL),(3361,'1031890','Thực tập tốt nghiệp KTTT',9,2,44,NULL,1,NULL),(3362,'1031403','Thí nghiệm Máy tàu',9,1,44,NULL,1,NULL),(3363,'1031413','TH Thí nghiệm máy tàu',9,1,44,NULL,1,NULL),(3364,'1031533','Kỹ thuật tàu cao tốc',9,2,44,NULL,1,NULL),(3365,'1031900','Đồ án tốt nghiệp KTTT',10,10,44,NULL,1,NULL),(3366,'1020691','Tin học Đại cương',1,2,45,NULL,1,NULL),(3367,'1020701','TH Tin học đại cương',1,1,45,NULL,1,NULL),(3368,'1080011','Hình hoạ',1,2,45,NULL,1,NULL),(3369,'3190111','Giải tích 1',1,4,45,NULL,1,NULL),(3370,'2090131','Những nguyên lý cơ bản của CN Mac-Lênin 1',1,2,45,NULL,1,NULL),(3371,'130011','Giáo dục thể chất 1',1,0,45,NULL,1,NULL),(3372,'3060303','Hoá học Đại cương',1,2,45,NULL,1,NULL),(3373,'4130501','Anh văn A2.1',1,3,45,NULL,1,NULL),(3374,'4130311','Anh văn A2.2',2,4,45,NULL,1,NULL),(3375,'3190121','Giải tích 2',2,4,45,NULL,1,NULL),(3376,'3190131','Đại số',2,3,45,NULL,1,NULL),(3377,'3050011','Vật lý 1',2,3,45,NULL,1,NULL),(3378,'3050651','TN Vật lý',2,1,45,NULL,1,NULL),(3379,'1080401','Vẽ Kỹ thuật',2,2,45,NULL,1,NULL),(3380,'130021','Giáo dục thể chất 2',2,0,45,NULL,1,NULL),(3381,'1080613','Vẽ kỹ thuật cơ khí',3,1,45,NULL,1,NULL),(3382,'2090101','Tư tưởng Hồ Chí Minh',3,2,45,NULL,1,NULL),(3383,'3050641','Vật lý 2',3,3,45,NULL,1,NULL),(3384,'3190041','Xác suất thống kê',3,3,45,NULL,1,NULL),(3385,'1040451','Kỹ thuật nhiệt',3,2,45,NULL,1,NULL),(3386,'1050931','Kỹ thuật điện',3,2,45,NULL,1,NULL),(3387,'1050921','TN Kỹ thuật điện',3,0.5,45,NULL,1,NULL),(3388,'1031562','Nhập môn ngành',3,2,45,NULL,1,NULL),(3389,'130031','Giáo dục thể chất 3',3,0,45,NULL,1,NULL),(3390,'2090141','Những nguyên lý CB của CN Mac-Lênin 2',4,3,45,NULL,1,NULL),(3391,'1031620','Phương pháp tính',4,3,45,NULL,1,NULL),(3392,'1080700','Cơ lý thuyết',4,3,45,NULL,1,NULL),(3393,'1080710','Sức bền vật liệu',4,3,45,NULL,1,NULL),(3394,'1011113','Vật liệu kỹ thuật',4,2,45,NULL,1,NULL),(3395,'1031570','Thủy khí',4,3,45,NULL,1,NULL),(3396,'130041','Giáo dục thể chất 4',4,0,45,NULL,1,NULL),(3397,'2090121','Đường lối CM của ĐCS Việt Nam',5,3,45,NULL,1,NULL),(3398,'1061062','Kỹ thuật Điện tử',5,2,45,NULL,1,NULL),(3399,'1010303','Kỹ thuật Chế tạo máy',5,3,45,NULL,1,NULL),(3400,'1010082','Công nghệ kim loại',5,2,45,NULL,1,NULL),(3401,'1031590','Nguyên lý động cơ',5,3,45,NULL,1,NULL),(3402,'1080630','Truyền động cơ khí',5,3,45,NULL,1,NULL),(3403,'1031600','Truyền động tự động điện',5,2,45,NULL,1,NULL),(3404,'130051','Giáo dục thể chất 5',5,0,45,NULL,1,NULL),(3405,'3190182','Toán chuyên ngành',6,3,45,NULL,1,NULL),(3406,'1080282','Đồ án Truyền động cơ khí',6,2,45,NULL,1,NULL),(3407,'1031630','Máy & Truyền động thủy khí',6,3,45,NULL,1,NULL),(3408,'1030703','TN Thuỷ khí',6,0.5,45,NULL,1,NULL),(3409,'1031610','Lý thuyết ô tô & máy công trình',6,3,45,NULL,1,NULL),(3410,'1030083','Kết cấu tính toán động cơ đốt trong',6,3,45,NULL,1,NULL),(3411,'1030733','Đồ án Truyền động thuỷ khí động lực',6,1.5,45,NULL,1,NULL),(3412,'1031580','KT An toàn & Bảo vệ môi trường',7,2,45,NULL,1,NULL),(3413,'1031640','Cảm biến & Kỹ thuật đo',7,2,45,NULL,1,NULL),(3414,'1031163','TH Cảm biến & KT đo',7,0.5,45,NULL,1,NULL),(3415,'1030753','Hệ thống truyền lực ôtô',7,2,45,NULL,1,NULL),(3416,'1030763','Đồ án Thiết kế Động cơ đốt trong',7,2,45,NULL,1,NULL),(3417,'1030513','Thực tập Kỹ thuật 1',7,1.5,45,NULL,1,NULL),(3418,'1031650','Thiết kế các hệ thống động cơ',7,2,45,NULL,1,NULL),(3419,'1031660','Trang bị Điện-Điện tử ĐCĐT',7,2,45,NULL,1,NULL),(3420,'4130360','Anh văn CN Cơ khí GT',7,2,45,NULL,1,NULL),(3421,'1030073','Chẩn đoán kỹ thuật động cơ',8,2,45,NULL,1,NULL),(3422,'1030773','TH Chẩn đoán động cơ',8,0.5,45,NULL,1,NULL),(3423,'1031670','Thiết kế các hệ thống ô tô',8,3,45,NULL,1,NULL),(3424,'1030163','Thí nghiệm Động cơ',8,1,45,NULL,1,NULL),(3425,'1030793','TH Thí nghiệm động cơ',8,1,45,NULL,1,NULL),(3426,'1030453','Đồ án Thiết kế ôtô',8,2,45,NULL,1,NULL),(3427,'1030523','Thực tập Kỹ thuật 2',8,1.5,45,NULL,1,NULL),(3428,'1031710','Điều khiển tự động HT truyền lực',8,1,45,NULL,1,NULL),(3429,'1031700','Hệ thống cung cấp nhiên liệu ĐK điện tử',8,1,45,NULL,1,NULL),(3430,'1031680','Tin học ứng dụng',8,2,45,NULL,1,NULL),(3431,'1031690','Nhiên liệu & Dầu mỡ',8,1,45,NULL,1,NULL),(3432,'1031770','Kinh tế vận tải',9,2,45,NULL,1,NULL),(3433,'1030883','Trang bị điện & điện tử thân xe',9,2,45,NULL,1,NULL),(3434,'1031760','Đồ án TK Hệ thống điện tử ô tô',9,1.5,45,NULL,1,NULL),(3435,'1030153','Thí nghiệm Ôtô & máy công trình',9,1,45,NULL,1,NULL),(3436,'1030903','TH TN ô tô & máy công trình',9,1,45,NULL,1,NULL),(3437,'1031780','Thực tập tốt nghiệp',9,2,45,NULL,1,NULL),(3438,'1031730','Ô tô hybrid',9,1,45,NULL,1,NULL),(3439,'1031720','Điều khiển tự động HT phanh',9,1,45,NULL,1,NULL),(3440,'1031740','Năng lượng tái tạo',9,1,45,NULL,1,NULL),(3441,'1031750','Xe - Máy chuyên dùng',9,1,45,NULL,1,NULL),(3442,'1030493','Đồ án Tốt nghiệp',10,10,45,NULL,1,NULL),(3443,'3190111','Giải tích 1',1,4,46,NULL,1,NULL),(3444,'4130241','Anh văn 1',1,3,46,NULL,1,NULL),(3445,'1020691','Tin học Đại cương',1,2,46,NULL,1,NULL),(3446,'1020701','TH Tin học đại cương',1,1,46,NULL,1,NULL),(3447,'1080011','Hình hoạ',1,2,46,NULL,1,NULL),(3448,'3060031','Hoá học Đại cương',1,3,46,NULL,1,NULL),(3449,'130011','Giáo dục thể chất 1',1,0,46,NULL,1,NULL),(3450,'2090131','Những nguyên lý cơ bản của CN Mac-Lênin 1',1,2,46,NULL,1,NULL),(3451,'4130280','Anh văn A1 (dự bị)',1,5,46,NULL,1,NULL),(3452,'2090141','Những nguyên lý CB của CN Mac-Lênin 2',2,3,46,NULL,1,NULL),(3453,'3190121','Giải tích 2',2,4,46,NULL,1,NULL),(3454,'4130251','Anh văn 2',2,2,46,NULL,1,NULL),(3455,'3050011','Vật lý 1',2,3,46,NULL,1,NULL),(3456,'3190141','Xác suất thống kê',2,2,46,NULL,1,NULL),(3457,'1080401','Vẽ Kỹ thuật',2,2,46,NULL,1,NULL),(3458,'1170011','Môi trường',2,2,46,NULL,1,NULL),(3459,'130021','Giáo dục thể chất 2',2,0,46,NULL,1,NULL),(3460,'2090101','Tư tưởng Hồ Chí Minh',3,2,46,NULL,1,NULL),(3461,'3190131','Đại số',3,3,46,NULL,1,NULL),(3462,'4130261','Anh văn 3',3,2,46,NULL,1,NULL),(3463,'3050021','Vật lý 2',3,2,46,NULL,1,NULL),(3464,'3050651','TN Vật lý',3,1,46,NULL,1,NULL),(3465,'1080411','Cơ lý thuyết 1',3,3,46,NULL,1,NULL),(3466,'1080502','Vẽ Kỹ thuật cơ khí',3,2,46,NULL,1,NULL),(3467,'1050931','Kỹ thuật điện',3,2,46,NULL,1,NULL),(3468,'1050921','TN Kỹ thuật điện',3,0.5,46,NULL,1,NULL),(3469,'130031','Giáo dục thể chất 3',3,0,46,NULL,1,NULL),(3470,'2090121','Đường lối CM của ĐCS Việt Nam',4,3,46,NULL,1,NULL),(3471,'1080421','Cơ lý thuyết 2',4,2,46,NULL,1,NULL),(3472,'1061062','Kỹ thuật Điện tử',4,2,46,NULL,1,NULL),(3473,'4130101','Anh văn CN Cơ khí',4,3,46,NULL,1,NULL),(3474,'1040451','Kỹ thuật nhiệt',4,2,46,NULL,1,NULL),(3475,'1080482','AutoCAD',4,1,46,NULL,1,NULL),(3476,'1080431','Sức bền vật liệu 1',4,3,46,NULL,1,NULL),(3477,'1080451','TN Sức bền vật liệu',4,0.5,46,NULL,1,NULL),(3478,'130041','Giáo dục thể chất 4',4,0,46,NULL,1,NULL),(3479,'1010092','Công nghệ kim loại 1',5,3,46,NULL,1,NULL),(3480,'1080441','Sức bền vật liệu 2',5,2,46,NULL,1,NULL),(3481,'1010702','Vật liệu kỹ thuật',5,3,46,NULL,1,NULL),(3482,'1010932','TN Vật liệu kỹ thuật',5,0.5,46,NULL,1,NULL),(3483,'1080053','Nguyên lý máy',5,3,46,NULL,1,NULL),(3484,'1031092','Thủy khí & Máy thủy khí',5,2,46,NULL,1,NULL),(3485,'1030562','Động cơ đốt trong',5,2,46,NULL,1,NULL),(3486,'1010942','Toán chuyên đề',5,2,46,NULL,1,NULL),(3487,'1010062','Thực tập Nhận thức (CK)',5,1,46,NULL,1,NULL),(3488,'130051','Giáo dục thể chất 5',5,0,46,NULL,1,NULL),(3489,'1080192','Cơ sở thiết kế máy 1',6,3,46,NULL,1,NULL),(3490,'1010103','Nguyên lý cắt & dụng cụ cắt',6,3,46,NULL,1,NULL),(3491,'1010973','TH Nguyên lý cắt & D.cụ cắt',6,0.5,46,NULL,1,NULL),(3492,'1010363','Truyền động thuỷ lực & khí nén',6,2,46,NULL,1,NULL),(3493,'1010952','TH T.Động T.lực & khí nén',6,1,46,NULL,1,NULL),(3494,'1011022','Công nghệ kim loại 2',6,2,46,NULL,1,NULL),(3495,'1010192','Kỹ thuật đo',6,4,46,NULL,1,NULL),(3496,'1010963','TH Kỹ thuật đo',6,1,46,NULL,1,NULL),(3497,'1010003','Thiết kế trên máy tính',6,2,46,NULL,1,NULL),(3498,'1010843','TH Thiết kế trên máy tính',6,1,46,NULL,1,NULL),(3499,'1050902','Trang bị điện trong công nghiệp',6,2,46,NULL,1,NULL),(3500,'1080202','Cơ sở thiết kế máy 2',7,2,46,NULL,1,NULL),(3501,'1010983','Máy công cụ',7,4,46,NULL,1,NULL),(3502,'1010993','TH Máy công cụ',7,1,46,NULL,1,NULL),(3503,'1010173','Công nghệ Chế tạo máy 1',7,3,46,NULL,1,NULL),(3504,'1011003','TN CN chế tạo máy 1',7,1,46,NULL,1,NULL),(3505,'1010042','Kỹ thuật Điều khiển tự động',7,3,46,NULL,1,NULL),(3506,'1010613','Ðiều khiển thuỷ khí & L.Trình PLC',7,2,46,NULL,1,NULL),(3507,'1010052','An toàn lao động',7,1,46,NULL,1,NULL),(3508,'1060732','Kỹ thuật số ứng dụng',7,2,46,NULL,1,NULL),(3509,'1080352','Đồ án Cơ sở thiết kế máy',7,2,46,NULL,1,NULL),(3510,'1010123','Máy CNC',8,2,46,NULL,1,NULL),(3511,'1010163','TBCN & cấp phôi tự động',8,2,46,NULL,1,NULL),(3512,'1010183','Công nghệ Chế tạo máy 2',8,2,46,NULL,1,NULL),(3513,'1010132','Công nghệ CAD/CAM',8,1,46,NULL,1,NULL),(3514,'1011050','TH Công nghệ CAD/CAM',8,2,46,NULL,1,NULL),(3515,'1010143','Hệ thống sản xuất tự động (CIM)',8,2,46,NULL,1,NULL),(3516,'1080113','Thiết bị nâng chuyển',8,2,46,NULL,1,NULL),(3517,'1011013','Đồ án Máy công cụ',8,2,46,NULL,1,NULL),(3518,'1010273','Đồ án TK HT Điều khiển tự động',8,2,46,NULL,1,NULL),(3519,'1010073','Thực tập Công nhân Cơ khí',8,3,46,NULL,1,NULL),(3520,'1010383','Lắp đặt & sửa chữa máy',9,2,46,NULL,1,NULL),(3521,'1010213','Thiết kế dây chuyền sản xuất',9,2,46,NULL,1,NULL),(3522,'1180332','Kinh tế quản lý',9,2,46,NULL,1,NULL),(3523,'1010152','ROBOT Công nghiệp',9,2,46,NULL,1,NULL),(3524,'1010872','TH Robot công nghiệp',9,1,46,NULL,1,NULL),(3525,'1010242','Lập trình CNC',9,2,46,NULL,1,NULL),(3526,'1011032','TH Lập trình CNC',9,1,46,NULL,1,NULL),(3527,'1010263','Đồ án Công nghệ Chế tạo máy',9,2,46,NULL,1,NULL),(3528,'1010283','Đồ án C.Nghệ CAD/CAM/CNC',9,2,46,NULL,1,NULL),(3529,'1010233','Các Phương pháp gia công đặc biệt',9,2,46,NULL,1,NULL),(3530,'1010682','Thực tập Tốt nghiệp (CKCT)',10,3,46,NULL,1,NULL),(3531,'1010692','Đồ án Tốt nghiệp Cơ khí chế tạo',10,10,46,NULL,1,NULL),(3532,'3190111','Giải tích 1',1,4,47,NULL,1,NULL),(3533,'4130241','Anh văn 1',1,3,47,NULL,1,NULL),(3534,'1020691','Tin học Đại cương',1,2,47,NULL,1,NULL),(3535,'1020701','TH Tin học đại cương',1,1,47,NULL,1,NULL),(3536,'1080011','Hình hoạ',1,2,47,NULL,1,NULL),(3537,'3060031','Hoá học Đại cương',1,3,47,NULL,1,NULL),(3538,'130011','Giáo dục thể chất 1',1,0,47,NULL,1,NULL),(3539,'2090131','Những nguyên lý cơ bản của CN Mac-Lênin 1',1,2,47,NULL,1,NULL),(3540,'4130280','Anh văn A1 (dự bị)',1,5,47,NULL,1,NULL),(3541,'2090141','Những nguyên lý CB của CN Mac-Lênin 2',2,3,47,NULL,1,NULL),(3542,'3190121','Giải tích 2',2,4,47,NULL,1,NULL),(3543,'4130251','Anh văn 2',2,2,47,NULL,1,NULL),(3544,'3050011','Vật lý 1',2,3,47,NULL,1,NULL),(3545,'3190141','Xác suất thống kê',2,2,47,NULL,1,NULL),(3546,'1080401','Vẽ Kỹ thuật',2,2,47,NULL,1,NULL),(3547,'1170011','Môi trường',2,2,47,NULL,1,NULL),(3548,'130021','Giáo dục thể chất 2',2,0,47,NULL,1,NULL),(3549,'2090101','Tư tưởng Hồ Chí Minh',3,2,47,NULL,1,NULL),(3550,'3190131','Đại số',3,3,47,NULL,1,NULL),(3551,'4130261','Anh văn 3',3,2,47,NULL,1,NULL),(3552,'3050021','Vật lý 2',3,2,47,NULL,1,NULL),(3553,'3050651','TN Vật lý',3,1,47,NULL,1,NULL),(3554,'1080411','Cơ lý thuyết 1',3,3,47,NULL,1,NULL),(3555,'1080502','Vẽ Kỹ thuật cơ khí',3,2,47,NULL,1,NULL),(3556,'1080482','AutoCAD',3,1,47,NULL,1,NULL),(3557,'1050931','Kỹ thuật điện',3,2,47,NULL,1,NULL),(3558,'1050921','TN Kỹ thuật điện',3,0.5,47,NULL,1,NULL),(3559,'1040451','Kỹ thuật nhiệt',3,2,47,NULL,1,NULL),(3560,'130031','Giáo dục thể chất 3',3,0,47,NULL,1,NULL),(3561,'2090121','Đường lối CM của ĐCS Việt Nam',4,3,47,NULL,1,NULL),(3562,'1080421','Cơ lý thuyết 2',4,2,47,NULL,1,NULL),(3563,'1061062','Kỹ thuật Điện tử',4,2,47,NULL,1,NULL),(3564,'1020182','Cấu trúc máy tính',4,2,47,NULL,1,NULL),(3565,'1031092','Thủy khí & Máy thủy khí',4,2,47,NULL,1,NULL),(3566,'1080431','Sức bền vật liệu 1',4,3,47,NULL,1,NULL),(3567,'1010702','Vật liệu kỹ thuật',4,3,47,NULL,1,NULL),(3568,'1020232','Lập trình hướng đối tượng',4,2,47,NULL,1,NULL),(3569,'1080451','TN Sức bền vật liệu',4,0.5,47,NULL,1,NULL),(3570,'130041','Giáo dục thể chất 4',4,0,47,NULL,1,NULL),(3571,'1010082','Công nghệ kim loại',5,2,47,NULL,1,NULL),(3572,'1010353','Cảm biến công nghiệp',5,2,47,NULL,1,NULL),(3573,'1080272','Truyền động cơ khí',5,4,47,NULL,1,NULL),(3574,'1061072','Kỹ thuật xung số',5,3,47,NULL,1,NULL),(3575,'1060742','Kỹ thuật Mạch điện tử 1',5,3,47,NULL,1,NULL),(3576,'1010293','Kỹ thuật đo cơ khí',5,2,47,NULL,1,NULL),(3577,'1010013','TH Kỹ thuật đo cơ khí',5,1,47,NULL,1,NULL),(3578,'1010852','Thực tập Nhận thức',5,1,47,NULL,1,NULL),(3579,'130051','Giáo dục thể chất 5',5,0,47,NULL,1,NULL),(3580,'1010003','Thiết kế trên máy tính',6,2,47,NULL,1,NULL),(3581,'1010303','Kỹ thuật Chế tạo máy',6,3,47,NULL,1,NULL),(3582,'1010843','TH Thiết kế trên máy tính',6,1,47,NULL,1,NULL),(3583,'1010313','Thiết kế máy',6,2,47,NULL,1,NULL),(3584,'1060852','Đồ án KT mạch điện tử',6,2,47,NULL,1,NULL),(3585,'1060822','Điện tử ứng dụng',6,2,47,NULL,1,NULL),(3586,'1010363','Truyền động thuỷ lực & khí nén',6,2,47,NULL,1,NULL),(3587,'1010952','TH T.Động T.lực & khí nén',6,1,47,NULL,1,NULL),(3588,'1050892','Truyền động điện tự động',6,3,47,NULL,1,NULL),(3589,'1010443','TH Đo lường điện tử',6,0.5,47,NULL,1,NULL),(3590,'1010343','Hệ thống Cơ điện tử 1',7,2,47,NULL,1,NULL),(3591,'1010862','Đồ án Thiết kế máy',7,2,47,NULL,1,NULL),(3592,'4130121','Anh văn CN Cơ Điện tử',7,3,47,NULL,1,NULL),(3593,'1061002','Kỹ thuật Vi Đ.khiển & Ghép nối NV',7,4,47,NULL,1,NULL),(3594,'1061013','TN KT VĐK & ghép nối NV',7,0.5,47,NULL,1,NULL),(3595,'1010402','Thực tập Công nhân 1',7,2,47,NULL,1,NULL),(3596,'1010323','Điều khiển Logic',7,2,47,NULL,1,NULL),(3597,'1010042','Kỹ thuật Điều khiển tự động',7,3,47,NULL,1,NULL),(3598,'1050902','Trang bị điện trong công nghiệp',7,2,47,NULL,1,NULL),(3599,'1010132','Công nghệ CAD/CAM',7,1,47,NULL,1,NULL),(3600,'1010373','Tối ưu hoá ứng dụng',8,2,47,NULL,1,NULL),(3601,'1080113','Thiết bị nâng chuyển',8,2,47,NULL,1,NULL),(3602,'1010393','Hệ thống Cơ điện tử 2',8,3,47,NULL,1,NULL),(3603,'1010152','ROBOT Công nghiệp',8,2,47,NULL,1,NULL),(3604,'1010872','TH Robot công nghiệp',8,1,47,NULL,1,NULL),(3605,'1060862','Đồ án KT vi điều khiển & GNNV',8,2,47,NULL,1,NULL),(3606,'1060353','Mạng máy tính',8,2,47,NULL,1,NULL),(3607,'1011050','TH Công nghệ CAD/CAM',8,2,47,NULL,1,NULL),(3608,'1011032','TH Lập trình CNC',8,1,47,NULL,1,NULL),(3609,'1010023','TH Hệ thống cơ điện tử',8,1,47,NULL,1,NULL),(3610,'1060872','Thực tập Công nhân 2 (CDT)',8,1,47,NULL,1,NULL),(3611,'1010242','Lập trình CNC',8,2,47,NULL,1,NULL),(3612,'1180332','Kinh tế quản lý',9,2,47,NULL,1,NULL),(3613,'1010052','An toàn lao động',9,1,47,NULL,1,NULL),(3614,'1020723','Lập trình hệ thống',9,2,47,NULL,1,NULL),(3615,'1060403','Truyền số liệu',9,2,47,NULL,1,NULL),(3616,'1011043','TH HT SX tự động (CIM)',9,1,47,NULL,1,NULL),(3617,'1010433','Đồ án Hệ thống Cơ điện tử',9,2,47,NULL,1,NULL),(3618,'1010283','Đồ án C.Nghệ CAD/CAM/CNC',9,2,47,NULL,1,NULL),(3619,'1010713','Đ.Khiển thích nghi & bền vững',9,2,47,NULL,1,NULL),(3620,'1010923','Thực tập Tốt nghiệp (CĐT)',9,3,47,NULL,1,NULL),(3621,'1010483','Đồ án Tốt nghiệp Cơ điện tử',10,10,47,NULL,1,NULL),(3622,'3190111','Giải tích 1',1,4,48,NULL,1,NULL),(3623,'1020691','Tin học Đại cương',1,2,48,NULL,1,NULL),(3624,'1020701','TH Tin học đại cương',1,1,48,NULL,1,NULL),(3625,'1080011','Hình hoạ',1,2,48,NULL,1,NULL),(3626,'130011','Giáo dục thể chất 1',1,0,48,NULL,1,NULL),(3627,'2090131','Những nguyên lý cơ bản của CN Mac-Lênin 1',1,2,48,NULL,1,NULL),(3628,'3060303','Hoá học Đại cương',1,2,48,NULL,1,NULL),(3629,'4130501','Anh văn A2.1',1,3,48,NULL,1,NULL),(3630,'4130311','Anh văn A2.2',2,4,48,NULL,1,NULL),(3631,'3190121','Giải tích 2',2,4,48,NULL,1,NULL),(3632,'3190131','Đại số',2,3,48,NULL,1,NULL),(3633,'3050011','Vật lý 1',2,3,48,NULL,1,NULL),(3634,'3050651','TN Vật lý',2,1,48,NULL,1,NULL),(3635,'1080401','Vẽ Kỹ thuật',2,2,48,NULL,1,NULL),(3636,'130021','Giáo dục thể chất 2',2,0,48,NULL,1,NULL),(3637,'3050641','Vật lý 2',3,3,48,NULL,1,NULL),(3638,'2090101','Tư tưởng Hồ Chí Minh',3,2,48,NULL,1,NULL),(3639,'1050931','Kỹ thuật điện',3,2,48,NULL,1,NULL),(3640,'1050921','TN Kỹ thuật điện',3,0.5,48,NULL,1,NULL),(3641,'1080700','Cơ lý thuyết',3,3,48,NULL,1,NULL),(3642,'1080613','Vẽ kỹ thuật cơ khí',3,1,48,NULL,1,NULL),(3643,'3190041','Xác suất thống kê',3,3,48,NULL,1,NULL),(3644,'130031','Giáo dục thể chất 3',3,0,48,NULL,1,NULL),(3645,'2090141','Những nguyên lý CB của CN Mac-Lênin 2',4,3,48,NULL,1,NULL),(3646,'1011083','Phương pháp tính',4,3,48,NULL,1,NULL),(3647,'1061062','Kỹ thuật Điện tử',4,2,48,NULL,1,NULL),(3648,'1080710','Sức bền vật liệu',4,3,48,NULL,1,NULL),(3649,'1080451','TN Sức bền vật liệu',4,0.5,48,NULL,1,NULL),(3650,'1011093','Kỹ thuật an toàn & Môi trường',4,2,48,NULL,1,NULL),(3651,'1011103','Nhập môn ngành (CTM)',4,2,48,NULL,1,NULL),(3652,'130041','Giáo dục thể chất 4',4,0,48,NULL,1,NULL),(3653,'1080623','Nguyên lý máy',5,2,48,NULL,1,NULL),(3654,'1040451','Kỹ thuật nhiệt',5,2,48,NULL,1,NULL),(3655,'1011113','Vật liệu kỹ thuật',5,2,48,NULL,1,NULL),(3656,'1010932','TN Vật liệu kỹ thuật',5,0.5,48,NULL,1,NULL),(3657,'1031092','Thủy khí & Máy thủy khí',5,2,48,NULL,1,NULL),(3658,'1011123','Công nghệ chế tạo phôi 1',5,2,48,NULL,1,NULL),(3659,'2090121','Đường lối CM của ĐCS Việt Nam',5,3,48,NULL,1,NULL),(3660,'1011143','Toán chuyên ngành',5,3,48,NULL,1,NULL),(3661,'130051','Giáo dục thể chất 5',5,0,48,NULL,1,NULL),(3662,'1080192','Cơ sở thiết kế máy 1',6,3,48,NULL,1,NULL),(3663,'1011153','Nguyên lý cắt & Dụng cụ cắt',6,2,48,NULL,1,NULL),(3664,'1010973','TH Nguyên lý cắt & D.cụ cắt',6,0.5,48,NULL,1,NULL),(3665,'1011163','Kỹ thuật đo',6,3,48,NULL,1,NULL),(3666,'1011173','TH Kỹ thuật đo',6,0.5,48,NULL,1,NULL),(3667,'1011133','Công nghệ chế tạo phôi 2',6,2,48,NULL,1,NULL),(3668,'1010363','Truyền động thuỷ lực & khí nén',6,2,48,NULL,1,NULL),(3669,'1011183','TH Truyền động TL & KN',6,0.5,48,NULL,1,NULL),(3670,'1011193','Kỹ thuật điều khiển tự động',6,2,48,NULL,1,NULL),(3671,'1080352','Đồ án Cơ sở thiết kế máy',7,2,48,NULL,1,NULL),(3672,'1011203','Máy công cụ',7,3,48,NULL,1,NULL),(3673,'1011213','TN Máy công cụ',7,0.5,48,NULL,1,NULL),(3674,'1010173','Công nghệ Chế tạo máy 1',7,3,48,NULL,1,NULL),(3675,'1011223','TN Công nghệ Chế tạo máy',7,0.5,48,NULL,1,NULL),(3676,'1010613','Ðiều khiển thuỷ khí & L.Trình PLC',7,2,48,NULL,1,NULL),(3677,'1080113','Thiết bị nâng chuyển',7,2,48,NULL,1,NULL),(3678,'1010073','Thực tập Công nhân Cơ khí',7,3,48,NULL,1,NULL),(3679,'4130383','Anh văn CN Cơ khí',8,2,48,NULL,1,NULL),(3680,'1011013','Đồ án Máy công cụ',8,2,48,NULL,1,NULL),(3681,'1010273','Đồ án TK HT Điều khiển tự động',8,2,48,NULL,1,NULL),(3682,'1010183','Công nghệ Chế tạo máy 2',8,2,48,NULL,1,NULL),(3683,'1010163','TBCN & cấp phôi tự động',8,2,48,NULL,1,NULL),(3684,'1011233','Công nghệ gia công CNC',8,2,48,NULL,1,NULL),(3685,'1011243','TH CN gia công CNC',8,1,48,NULL,1,NULL),(3686,'1011053','TH Công nghệ CAD/CAM',8,1,48,NULL,1,NULL),(3687,'1180943','Kinh tế ngành',9,2,48,NULL,1,NULL),(3688,'1011263','Bảo trì công nghiệp',9,2,48,NULL,1,NULL),(3689,'1010143','Hệ thống sản xuất tự động (CIM)',9,2,48,NULL,1,NULL),(3690,'1011253','TH Hệ thống sản xuất tự động',9,0.5,48,NULL,1,NULL),(3691,'1010152','ROBOT Công nghiệp',9,2,48,NULL,1,NULL),(3692,'1011273','TH Robot công nghiệp',9,0.5,48,NULL,1,NULL),(3693,'1010263','Đồ án Công nghệ Chế tạo máy',9,2,48,NULL,1,NULL),(3694,'1010283','Đồ án C.Nghệ CAD/CAM/CNC',9,2,48,NULL,1,NULL),(3695,'1011293','Thực tập Tốt nghiệp (CTM)',9,2,48,NULL,1,NULL),(3696,'1010692','Đồ án Tốt nghiệp Cơ khí chế tạo',10,10,48,NULL,1,NULL),(3697,'4130241','Anh văn 1',1,3,49,NULL,1,NULL),(3698,'3190111','Giải tích 1',1,4,49,NULL,1,NULL),(3699,'1080011','Hình hoạ',1,2,49,NULL,1,NULL),(3700,'1020691','Tin học Đại cương',1,2,49,NULL,1,NULL),(3701,'1020701','TH Tin học đại cương',1,1,49,NULL,1,NULL),(3702,'3060031','Hoá học Đại cương',1,3,49,NULL,1,NULL),(3703,'130011','Giáo dục thể chất 1',1,0,49,NULL,1,NULL),(3704,'2090131','Những nguyên lý cơ bản của CN Mac-Lênin 1',1,2,49,NULL,1,NULL),(3705,'4130280','Anh văn A1 (dự bị)',1,5,49,NULL,1,NULL),(3706,'2090141','Những nguyên lý CB của CN Mac-Lênin 2',2,3,49,NULL,1,NULL),(3707,'4130251','Anh văn 2',2,2,49,NULL,1,NULL),(3708,'3190121','Giải tích 2',2,4,49,NULL,1,NULL),(3709,'3050011','Vật lý 1',2,3,49,NULL,1,NULL),(3710,'3190141','Xác suất thống kê',2,2,49,NULL,1,NULL),(3711,'1080401','Vẽ Kỹ thuật',2,2,49,NULL,1,NULL),(3712,'1170011','Môi trường',2,2,49,NULL,1,NULL),(3713,'130021','Giáo dục thể chất 2',2,0,49,NULL,1,NULL),(3714,'2090101','Tư tưởng Hồ Chí Minh',3,2,49,NULL,1,NULL),(3715,'4130261','Anh văn 3',3,2,49,NULL,1,NULL),(3716,'3190131','Đại số',3,3,49,NULL,1,NULL),(3717,'3050021','Vật lý 2',3,2,49,NULL,1,NULL),(3718,'3050651','TN Vật lý',3,1,49,NULL,1,NULL),(3719,'1080411','Cơ lý thuyết 1',3,3,49,NULL,1,NULL),(3720,'1050931','Kỹ thuật điện',3,2,49,NULL,1,NULL),(3721,'1050921','TN Kỹ thuật điện',3,0.5,49,NULL,1,NULL),(3722,'1080431','Sức bền vật liệu 1',3,3,49,NULL,1,NULL),(3723,'130031','Giáo dục thể chất 3',3,0,49,NULL,1,NULL),(3724,'2090121','Đường lối CM của ĐCS Việt Nam',4,3,49,NULL,1,NULL),(3725,'1031102','Thuỷ khí (N)',4,3,49,NULL,1,NULL),(3726,'1010082','Công nghệ kim loại',4,2,49,NULL,1,NULL),(3727,'1080482','AutoCAD',4,1,49,NULL,1,NULL),(3728,'1061062','Kỹ thuật Điện tử',4,2,49,NULL,1,NULL),(3729,'1050193','Khí cụ điện (N)',4,2,49,NULL,1,NULL),(3730,'1040013','Nhiệt động 1',4,3,49,NULL,1,NULL),(3731,'1040033','Cơ sở truyền nhiệt 1',4,3,49,NULL,1,NULL),(3732,'1080053','Nguyên lý máy',4,3,49,NULL,1,NULL),(3733,'130041','Giáo dục thể chất 4',4,0,49,NULL,1,NULL),(3734,'1040473','TN Nhiệt động & T. nhiệt',5,1,49,NULL,1,NULL),(3735,'1080192','Cơ sở thiết kế máy 1',5,3,49,NULL,1,NULL),(3736,'1030632','Bơm quạt máy nén',5,2,49,NULL,1,NULL),(3737,'1060732','Kỹ thuật số ứng dụng',5,2,49,NULL,1,NULL),(3738,'1040023','Nhiệt động 2',5,3,49,NULL,1,NULL),(3739,'1040043','Cơ sở truyền nhiệt 2',5,3,49,NULL,1,NULL),(3740,'1040103','Lý thuyết cháy',5,2,49,NULL,1,NULL),(3741,'1010762','Thực tập Cơ khí',5,1,49,NULL,1,NULL),(3742,'130051','Giáo dục thể chất 5',5,0,49,NULL,1,NULL),(3743,'1040433','Vật liệu kỹ thuật nhiệt',6,1,49,NULL,1,NULL),(3744,'1040053','Phương pháp tính truyền nhiệt',6,2,49,NULL,1,NULL),(3745,'1080352','Đồ án Cơ sở thiết kế máy',6,2,49,NULL,1,NULL),(3746,'1040063','Thiết bị trao đổi nhiệt',6,2,49,NULL,1,NULL),(3747,'1040143','Đo lường nhiệt',6,4,49,NULL,1,NULL),(3748,'1040113','Lò hơi 1',6,3,49,NULL,1,NULL),(3749,'1040073','Kỹ thuật lạnh 1',6,3,49,NULL,1,NULL),(3750,'1040343','Thực tập Nhận thức',6,1,49,NULL,1,NULL),(3751,'1050902','Trang bị điện trong công nghiệp',6,2,49,NULL,1,NULL),(3752,'1040193','Kỹ thuật sấy 1',7,2,49,NULL,1,NULL),(3753,'1040153','Mạng nhiệt',7,2,49,NULL,1,NULL),(3754,'1040133','Lò công nghiệp',7,3,49,NULL,1,NULL),(3755,'1040243','Tuốc bin - nhà máy Nhiệt điện 1',7,3,49,NULL,1,NULL),(3756,'1040123','Lò hơi 2',7,2,49,NULL,1,NULL),(3757,'1040483','TN Lạnh & Lò',7,1,49,NULL,1,NULL),(3758,'1040083','Kỹ thuật lạnh 2',7,2,49,NULL,1,NULL),(3759,'1180332','Kinh tế quản lý',7,2,49,NULL,1,NULL),(3760,'1040223','Thông gió & điều hoà không khí 1',7,3,49,NULL,1,NULL),(3761,'1040173','Đồ án Lạnh',8,2,49,NULL,1,NULL),(3762,'1040163','Chuyên đề Lạnh',8,1,49,NULL,1,NULL),(3763,'1040213','Tự động nhiệt',8,4,49,NULL,1,NULL),(3764,'1040183','Đồ án Lò hơi',8,2,49,NULL,1,NULL),(3765,'1040233','Thông gió & điều hoà không khí 2',8,2,49,NULL,1,NULL),(3766,'1040253','Tuốc bin - nhà máy Nhiệt điện 2',8,2,49,NULL,1,NULL),(3767,'1040203','Kỹ thuật sấy 2',8,3,49,NULL,1,NULL),(3768,'1040353','Thực tập Công nhân',8,3,49,NULL,1,NULL),(3769,'1040383','Chuyên đề Lò hơi',8,1,49,NULL,1,NULL),(3770,'1040423','Đồ án Nhà máy nhiệt điện',8,1,49,NULL,1,NULL),(3771,'1040313','Chuyên đề Tự động nhiệt',9,1,49,NULL,1,NULL),(3772,'4130161','Anh văn CN Nhiệt',9,3,49,NULL,1,NULL),(3773,'1040263','An toàn lao động',9,1,49,NULL,1,NULL),(3774,'1040303','Năng lượng mặt trời',9,2,49,NULL,1,NULL),(3775,'1040323','Chuyên đề Ống nhiệt',9,1,49,NULL,1,NULL),(3776,'1040283','Đồ án Sấy',9,2,49,NULL,1,NULL),(3777,'1040293','Chuyên đề Sấy',9,1,49,NULL,1,NULL),(3778,'1040333','Đồ án Thông gió & Đ.hoà không khí',9,1,49,NULL,1,NULL),(3779,'1040493','TN Sấy & Điều hoà K.khí',9,0.5,49,NULL,1,NULL),(3780,'1040363','Thực tập Tốt nghiệp',10,3,49,NULL,1,NULL),(3781,'1040373','Đồ án Tốt nghiệp',10,10,49,NULL,1,NULL),(3782,'1020701','TH Tin học đại cương',1,1,50,NULL,1,NULL),(3783,'1020691','Tin học Đại cương',1,2,50,NULL,1,NULL),(3784,'1080011','Hình hoạ',1,2,50,NULL,1,NULL),(3785,'3190111','Giải tích 1',1,4,50,NULL,1,NULL),(3786,'2090131','Những nguyên lý cơ bản của CN Mac-Lênin 1',1,2,50,NULL,1,NULL),(3787,'130011','Giáo dục thể chất 1',1,0,50,NULL,1,NULL),(3788,'3060303','Hoá học Đại cương',1,2,50,NULL,1,NULL),(3789,'4130501','Anh văn A2.1',1,3,50,NULL,1,NULL),(3790,'3190121','Giải tích 2',2,4,50,NULL,1,NULL),(3791,'3190131','Đại số',2,3,50,NULL,1,NULL),(3792,'4130311','Anh văn A2.2',2,4,50,NULL,1,NULL),(3793,'3050011','Vật lý 1',2,3,50,NULL,1,NULL),(3794,'3050651','TN Vật lý',2,1,50,NULL,1,NULL),(3795,'1080401','Vẽ Kỹ thuật',2,2,50,NULL,1,NULL),(3796,'130021','Giáo dục thể chất 2',2,0,50,NULL,1,NULL),(3797,'2090101','Tư tưởng Hồ Chí Minh',3,2,50,NULL,1,NULL),(3798,'1170011','Môi trường',3,2,50,NULL,1,NULL),(3799,'3050641','Vật lý 2',3,3,50,NULL,1,NULL),(3800,'1061062','Kỹ thuật Điện tử',3,2,50,NULL,1,NULL),(3801,'1050931','Kỹ thuật điện',3,2,50,NULL,1,NULL),(3802,'1050921','TN Kỹ thuật điện',3,0.5,50,NULL,1,NULL),(3803,'1080700','Cơ lý thuyết',3,3,50,NULL,1,NULL),(3804,'130031','Giáo dục thể chất 3',3,0,50,NULL,1,NULL),(3805,'2090141','Những nguyên lý CB của CN Mac-Lênin 2',4,3,50,NULL,1,NULL),(3806,'1040753','Nhiệt động kỹ thuật',4,4,50,NULL,1,NULL),(3807,'1040763','Truyền nhiệt',4,3,50,NULL,1,NULL),(3808,'1040473','TN Nhiệt động & T. nhiệt',4,1,50,NULL,1,NULL),(3809,'1040732','Nhập môn ngành',4,2,50,NULL,1,NULL),(3810,'1080710','Sức bền vật liệu',4,3,50,NULL,1,NULL),(3811,'1051653','Trang bị điện',4,2,50,NULL,1,NULL),(3812,'130041','Giáo dục thể chất 4',4,0,50,NULL,1,NULL),(3813,'2090121','Đường lối CM của ĐCS Việt Nam',5,3,50,NULL,1,NULL),(3814,'3190041','Xác suất thống kê',5,3,50,NULL,1,NULL),(3815,'1040743','Phương Pháp tính',5,3,50,NULL,1,NULL),(3816,'1031092','Thủy khí & Máy thủy khí',5,2,50,NULL,1,NULL),(3817,'1011443','Hàn, gia công áp lực',5,1,50,NULL,1,NULL),(3818,'1040773','Kỹ thuật cháy',5,2,50,NULL,1,NULL),(3819,'1040433','Vật liệu kỹ thuật nhiệt',5,1,50,NULL,1,NULL),(3820,'1040063','Thiết bị trao đổi nhiệt',5,2,50,NULL,1,NULL),(3821,'130051','Giáo dục thể chất 5',5,0,50,NULL,1,NULL),(3822,'1040783','Toán chuyên ngành',6,3,50,NULL,1,NULL),(3823,'1080630','Truyền động cơ khí',6,3,50,NULL,1,NULL),(3824,'1040793','Lò hơi 1',6,2,50,NULL,1,NULL),(3825,'1041000','Kỹ thuật lạnh',6,3,50,NULL,1,NULL),(3826,'1040543','Năng lượng tái tạo',6,2,50,NULL,1,NULL),(3827,'4130370','Anh văn CN Nhiệt',6,2,50,NULL,1,NULL),(3828,'1040123','Lò hơi 2',7,2,50,NULL,1,NULL),(3829,'1040803','Điều hoà không khí',7,3,50,NULL,1,NULL),(3830,'1040813','Kỹ thuật sấy',7,3,50,NULL,1,NULL),(3831,'1040823','Tuốc bin',7,2,50,NULL,1,NULL),(3832,'1040173','Đồ án Lạnh',7,2,50,NULL,1,NULL),(3833,'1040833','Đo lường nhiệt',7,2,50,NULL,1,NULL),(3834,'1041010','Chuyên đề lạnh',7,2,50,NULL,1,NULL),(3835,'1040863','Xử lý nước cho TB nhiệt',7,1,50,NULL,1,NULL),(3836,'1040923','Chuyên đề lò hơi',8,2,50,NULL,1,NULL),(3837,'1040883','TN Nhiệt + lạnh',8,1,50,NULL,1,NULL),(3838,'1040873','Tự động điều chỉnh QT nhiệt',8,2,50,NULL,1,NULL),(3839,'1040183','Đồ án Lò hơi',8,2,50,NULL,1,NULL),(3840,'1040893','Nhà máy nhiệt điện',8,2,50,NULL,1,NULL),(3841,'1040903','Thực tập công nhân',8,2,50,NULL,1,NULL),(3842,'1040913','Quản lý năng lượng',8,1,50,NULL,1,NULL),(3843,'1040523','Chuyên đề Tuốc bin',8,1,50,NULL,1,NULL),(3844,'1040933','Kỹ thuật xử lý phát thải',8,1,50,NULL,1,NULL),(3845,'1041003','Năng lượng và môi trường',9,2,50,NULL,1,NULL),(3846,'1040153','Mạng nhiệt',9,2,50,NULL,1,NULL),(3847,'1180332','Kinh tế quản lý',9,2,50,NULL,1,NULL),(3848,'1040943','Kỹ thuật an toàn nhiệt',9,1,50,NULL,1,NULL),(3849,'1040603','Đồ án Nhà máy nhiệt điện A',9,2,50,NULL,1,NULL),(3850,'1040593','Nhà máy điện hạt nhân',9,2,50,NULL,1,NULL),(3851,'1040993','Thực tập tốt nghiệp',9,2,50,NULL,1,NULL),(3852,'1040623','Đồ án Tốt nghiệp (NLMT)',10,10,50,NULL,1,NULL),(3853,'1020701','TH Tin học đại cương',1,1,51,NULL,1,NULL),(3854,'1020691','Tin học Đại cương',1,2,51,NULL,1,NULL),(3855,'1080011','Hình hoạ',1,2,51,NULL,1,NULL),(3856,'3190111','Giải tích 1',1,4,51,NULL,1,NULL),(3857,'2090131','Những nguyên lý cơ bản của CN Mac-Lênin 1',1,2,51,NULL,1,NULL),(3858,'130011','Giáo dục thể chất 1',1,0,51,NULL,1,NULL),(3859,'3060303','Hoá học Đại cương',1,2,51,NULL,1,NULL),(3860,'4130501','Anh văn A2.1',1,3,51,NULL,1,NULL),(3861,'3190121','Giải tích 2',2,4,51,NULL,1,NULL),(3862,'3190131','Đại số',2,3,51,NULL,1,NULL),(3863,'4130311','Anh văn A2.2',2,4,51,NULL,1,NULL),(3864,'3050011','Vật lý 1',2,3,51,NULL,1,NULL),(3865,'3050651','TN Vật lý',2,1,51,NULL,1,NULL),(3866,'1080401','Vẽ Kỹ thuật',2,2,51,NULL,1,NULL),(3867,'130021','Giáo dục thể chất 2',2,0,51,NULL,1,NULL),(3868,'2090101','Tư tưởng Hồ Chí Minh',3,2,51,NULL,1,NULL),(3869,'3050641','Vật lý 2',3,3,51,NULL,1,NULL),(3870,'1170011','Môi trường',3,2,51,NULL,1,NULL),(3871,'1061062','Kỹ thuật Điện tử',3,2,51,NULL,1,NULL),(3872,'1050931','Kỹ thuật điện',3,2,51,NULL,1,NULL),(3873,'1050921','TN Kỹ thuật điện',3,0.5,51,NULL,1,NULL),(3874,'1080700','Cơ lý thuyết',3,3,51,NULL,1,NULL),(3875,'130031','Giáo dục thể chất 3',3,0,51,NULL,1,NULL),(3876,'2090141','Những nguyên lý CB của CN Mac-Lênin 2',4,3,51,NULL,1,NULL),(3877,'1040753','Nhiệt động kỹ thuật',4,4,51,NULL,1,NULL),(3878,'1040763','Truyền nhiệt',4,3,51,NULL,1,NULL),(3879,'1040473','TN Nhiệt động & T. nhiệt',4,1,51,NULL,1,NULL),(3880,'1040732','Nhập môn ngành',4,2,51,NULL,1,NULL),(3881,'1080710','Sức bền vật liệu',4,3,51,NULL,1,NULL),(3882,'1051653','Trang bị điện',4,2,51,NULL,1,NULL),(3883,'130041','Giáo dục thể chất 4',4,0,51,NULL,1,NULL),(3884,'2090121','Đường lối CM của ĐCS Việt Nam',5,3,51,NULL,1,NULL),(3885,'3190041','Xác suất thống kê',5,3,51,NULL,1,NULL),(3886,'1040743','Phương Pháp tính',5,3,51,NULL,1,NULL),(3887,'1031092','Thủy khí & Máy thủy khí',5,2,51,NULL,1,NULL),(3888,'1011443','Hàn, gia công áp lực',5,1,51,NULL,1,NULL),(3889,'1040773','Kỹ thuật cháy',5,2,51,NULL,1,NULL),(3890,'1040433','Vật liệu kỹ thuật nhiệt',5,1,51,NULL,1,NULL),(3891,'1040063','Thiết bị trao đổi nhiệt',5,2,51,NULL,1,NULL),(3892,'130051','Giáo dục thể chất 5',5,0,51,NULL,1,NULL),(3893,'1040783','Toán chuyên ngành',6,3,51,NULL,1,NULL),(3894,'1080630','Truyền động cơ khí',6,3,51,NULL,1,NULL),(3895,'1040793','Lò hơi 1',6,2,51,NULL,1,NULL),(3896,'1041000','Kỹ thuật lạnh',6,3,51,NULL,1,NULL),(3897,'1040543','Năng lượng tái tạo',6,2,51,NULL,1,NULL),(3898,'4130370','Anh văn CN Nhiệt',6,2,51,NULL,1,NULL),(3899,'1040803','Điều hoà không khí',7,3,51,NULL,1,NULL),(3900,'1040813','Kỹ thuật sấy',7,3,51,NULL,1,NULL),(3901,'1040823','Tuốc bin',7,2,51,NULL,1,NULL),(3902,'1040833','Đo lường nhiệt',7,2,51,NULL,1,NULL),(3903,'1040123','Lò hơi 2',7,2,51,NULL,1,NULL),(3904,'1040173','Đồ án Lạnh',7,2,51,NULL,1,NULL),(3905,'1041010','Chuyên đề lạnh',7,2,51,NULL,1,NULL),(3906,'1040873','Tự động điều chỉnh QT nhiệt',8,2,51,NULL,1,NULL),(3907,'1040183','Đồ án Lò hơi',8,2,51,NULL,1,NULL),(3908,'1040883','TN Nhiệt + lạnh',8,1,51,NULL,1,NULL),(3909,'1040893','Nhà máy nhiệt điện',8,2,51,NULL,1,NULL),(3910,'1040903','Thực tập công nhân',8,2,51,NULL,1,NULL),(3911,'1040913','Quản lý năng lượng',8,1,51,NULL,1,NULL),(3912,'1040863','Xử lý nước cho TB nhiệt',8,1,51,NULL,1,NULL),(3913,'1040283','Đồ án Sấy',8,2,51,NULL,1,NULL),(3914,'1040293','Chuyên đề Sấy',8,1,51,NULL,1,NULL),(3915,'1040153','Mạng nhiệt',9,2,51,NULL,1,NULL),(3916,'1040943','Kỹ thuật an toàn nhiệt',9,1,51,NULL,1,NULL),(3917,'1180332','Kinh tế quản lý',9,2,51,NULL,1,NULL),(3918,'1040953','Đồ án Nhà máy nhiệt điện',9,1.5,51,NULL,1,NULL),(3919,'1040963','Đồ án Điều hoà không khí',9,1.5,51,NULL,1,NULL),(3920,'1040973','CĐ Điều hoà không khí',9,1,51,NULL,1,NULL),(3921,'1040983','Lò công nghiệp',9,2,51,NULL,1,NULL),(3922,'1040993','Thực tập tốt nghiệp',9,2,51,NULL,1,NULL),(3923,'1040373','Đồ án Tốt nghiệp',10,10,51,NULL,1,NULL);
/*!40000 ALTER TABLE `hocphans` ENABLE KEYS */;

--
-- Table structure for table `khoas`
--

DROP TABLE IF EXISTS `khoas`;
/*!40101 SET @saved_cs_client     = @@character_set_client */;
/*!40101 SET character_set_client = utf8 */;
CREATE TABLE `khoas` (
  `id` int(11) NOT NULL AUTO_INCREMENT,
  `maKhoa` varchar(45) DEFAULT NULL,
  `tenKhoa` varchar(45) DEFAULT NULL,
  `mota` varchar(45) DEFAULT NULL,
  `ngayCapNhap` datetime DEFAULT NULL,
  PRIMARY KEY (`id`)
) ENGINE=InnoDB AUTO_INCREMENT=23 DEFAULT CHARSET=utf8;
/*!40101 SET character_set_client = @saved_cs_client */;

--
-- Dumping data for table `khoas`
--

/*!40000 ALTER TABLE `khoas` DISABLE KEYS */;
INSERT INTO `khoas` VALUES (1,'101','Khoa Cơ khí',NULL,NULL),(2,'102','Khoa Công nghệ thông tin',NULL,NULL),(3,'103','Khoa Cơ khí Giao thông',NULL,NULL),(4,'104','Khoa Công nghệ Nhiệt – Điện lạnh',NULL,NULL),(5,'105','Khoa Điện',NULL,NULL),(6,'106','Khoa Điện tử Viễn thông',NULL,NULL),(7,'107','Khoa Hóa',NULL,NULL),(8,'108','Khoa Sư phạm kỹ thuật',NULL,NULL),(9,'109','Khoa Xây dựng Cầu đường',NULL,NULL),(10,'110','Khoa Xây dựng Dân dụng & Công nghiệp',NULL,NULL),(11,'111','Khoa Xây dựng Thủy lợi – Thủy điện',NULL,NULL),(12,'117','Khoa Môi trường',NULL,NULL),(13,'118','Khoa Quản lý dự án',NULL,NULL),(14,'121','Khoa Kiến trúc',NULL,NULL),(15,'113','Ban Giám hiệu',NULL,NULL),(16,'114','Phòng Hành chính tổng hợp',NULL,NULL),(17,'115','Phòng Đào tạo',NULL,NULL),(18,'119','Phòng Khoa học, Sau đại học & HTQT',NULL,NULL),(19,'120','Phòng Công tác sinh viên',NULL,NULL),(20,'116','Phòng Tài vụ',NULL,NULL),(21,'122','C.trình đào tạo KS CLC Việt - Pháp (PFIEV)',NULL,NULL),(22,'123','Chương trình đào tạo Kỹ sư tiên tiến',NULL,NULL);
/*!40000 ALTER TABLE `khoas` ENABLE KEYS */;

--
-- Table structure for table `khuvucs`
--

DROP TABLE IF EXISTS `khuvucs`;
/*!40101 SET @saved_cs_client     = @@character_set_client */;
/*!40101 SET character_set_client = utf8 */;
CREATE TABLE `khuvucs` (
  `id` int(11) NOT NULL,
  `tenKhuVuc` varchar(45) DEFAULT NULL,
  `mota` text,
  `ngayCapNhap` datetime DEFAULT NULL,
  `khuvuccol` varchar(45) DEFAULT NULL,
  PRIMARY KEY (`id`)
) ENGINE=InnoDB DEFAULT CHARSET=utf8;
/*!40101 SET character_set_client = @saved_cs_client */;

--
-- Dumping data for table `khuvucs`
--

/*!40000 ALTER TABLE `khuvucs` DISABLE KEYS */;
INSERT INTO `khuvucs` VALUES (1,'Khu A',NULL,NULL,NULL),(2,'Khu B',NULL,NULL,NULL),(3,'Khu C',NULL,NULL,NULL),(4,'Khu D',NULL,NULL,NULL),(5,'Khu E',NULL,NULL,NULL),(6,'Khu F',NULL,NULL,NULL),(7,'Khu H',NULL,NULL,NULL),(8,'PTN Động cơ & Ô tô',NULL,NULL,NULL),(9,'PTN Cơ điện tử 1',NULL,NULL,NULL),(10,'PTN Cơ điện tử 2',NULL,NULL,NULL),(11,'Xưởng Cơ khí chế tạo',NULL,NULL,NULL),(12,'Xưởng Cơ khí động lực',NULL,NULL,NULL),(13,'Xưởng Nhiệt',NULL,NULL,NULL),(14,'Xưởng Điện',NULL,NULL,NULL),(15,'Xưởng Cơ khí đúc',NULL,NULL,NULL);
/*!40000 ALTER TABLE `khuvucs` ENABLE KEYS */;

--
-- Table structure for table `lichdaybus`
--

DROP TABLE IF EXISTS `lichdaybus`;
/*!40101 SET @saved_cs_client     = @@character_set_client */;
/*!40101 SET character_set_client = utf8 */;
CREATE TABLE `lichdaybus` (
  `id` int(11) NOT NULL AUTO_INCREMENT,
  `malichnghi` int(11) DEFAULT NULL,
  `maphong` int(11) DEFAULT NULL,
  `ngaydaybu` datetime DEFAULT NULL,
  PRIMARY KEY (`id`),
  KEY `fk_daybu_nghi_idx` (`malichnghi`),
  KEY `fk_phong_daybu_idx` (`maphong`),
  CONSTRAINT `fk_daybu_nghi` FOREIGN KEY (`malichnghi`) REFERENCES `lichnghis` (`id`) ON DELETE NO ACTION ON UPDATE NO ACTION,
  CONSTRAINT `fk_phong_daybu` FOREIGN KEY (`maphong`) REFERENCES `phongs` (`id`) ON DELETE NO ACTION ON UPDATE NO ACTION
) ENGINE=InnoDB DEFAULT CHARSET=utf8;
/*!40101 SET character_set_client = @saved_cs_client */;

--
-- Dumping data for table `lichdaybus`
--

/*!40000 ALTER TABLE `lichdaybus` DISABLE KEYS */;
/*!40000 ALTER TABLE `lichdaybus` ENABLE KEYS */;

--
-- Table structure for table `lichgiangdays`
--

DROP TABLE IF EXISTS `lichgiangdays`;
/*!40101 SET @saved_cs_client     = @@character_set_client */;
/*!40101 SET character_set_client = utf8 */;
CREATE TABLE `lichgiangdays` (
  `id` int(11) NOT NULL,
  `mahocky` int(11) DEFAULT NULL,
  `magiangvien` int(11) DEFAULT NULL,
  `malophocphan` int(11) DEFAULT NULL,
  `maphong` int(11) DEFAULT NULL,
  `tutiet` int(11) DEFAULT NULL,
  `dentiet` int(11) DEFAULT NULL,
  `thu` int(11) DEFAULT NULL,
  `trangthai` int(11) DEFAULT NULL,
  `updateDate` datetime DEFAULT CURRENT_TIMESTAMP,
  `tuanbatdau` int(11) DEFAULT NULL,
  `tuanketthuc` int(11) DEFAULT NULL,
  PRIMARY KEY (`id`),
  KEY `fk_hocky_idx` (`mahocky`),
  KEY `fk_lich_giangvien_idx` (`magiangvien`),
  KEY `fk_lich_phong_idx` (`maphong`),
  KEY `fk_lich_lhp_idx` (`malophocphan`),
  KEY `fk_tuanbatdau_tuan_idx` (`tuanbatdau`),
  KEY `fk_tuankethuc_tuan_idx` (`tuanketthuc`),
  CONSTRAINT `fk_hocky` FOREIGN KEY (`mahocky`) REFERENCES `hockis` (`id`) ON DELETE NO ACTION ON UPDATE NO ACTION,
  CONSTRAINT `fk_lich_giangvien` FOREIGN KEY (`magiangvien`) REFERENCES `giangviens` (`id`) ON DELETE NO ACTION ON UPDATE NO ACTION,
  CONSTRAINT `fk_lich_lhp` FOREIGN KEY (`malophocphan`) REFERENCES `lophocphans` (`Id`) ON DELETE NO ACTION ON UPDATE NO ACTION,
  CONSTRAINT `fk_lich_phong` FOREIGN KEY (`maphong`) REFERENCES `phongs` (`id`) ON DELETE NO ACTION ON UPDATE NO ACTION,
  CONSTRAINT `fk_tuanbatdau_tuan` FOREIGN KEY (`tuanbatdau`) REFERENCES `tuanhocs` (`id`) ON DELETE NO ACTION ON UPDATE NO ACTION,
  CONSTRAINT `fk_tuankethuc_tuan` FOREIGN KEY (`tuanketthuc`) REFERENCES `tuanhocs` (`id`) ON DELETE NO ACTION ON UPDATE NO ACTION
) ENGINE=InnoDB DEFAULT CHARSET=utf8;
/*!40101 SET character_set_client = @saved_cs_client */;

--
-- Dumping data for table `lichgiangdays`
--

/*!40000 ALTER TABLE `lichgiangdays` DISABLE KEYS */;
INSERT INTO `lichgiangdays` VALUES (1,1,309,1,96,1,3,4,1,NULL,2,12),(2,1,319,2,120,9,10,5,1,NULL,2,17),(3,1,319,3,121,7,8,5,1,NULL,2,17),(4,1,288,4,74,11,14,6,1,NULL,6,13),(5,1,217,5,81,11,14,5,1,NULL,6,13),(6,1,320,6,39,7,8,3,1,NULL,2,18),(7,1,320,7,43,1,2,4,1,NULL,2,18),(8,1,320,8,44,3,4,5,1,NULL,2,18),(9,1,321,9,52,9,10,6,1,NULL,2,17),(10,1,185,10,96,1,3,5,1,NULL,2,12),(11,1,41,11,52,7,8,5,1,NULL,2,17),(12,1,103,12,117,8,9,2,1,NULL,2,17),(13,1,103,13,41,7,9,6,1,NULL,2,12),(14,1,103,14,43,1,3,6,1,NULL,2,12),(15,1,329,15,73,11,14,6,1,NULL,6,13),(16,1,288,16,85,11,14,3,1,NULL,6,9),(17,1,320,25,78,11,14,2,1,NULL,6,13),(18,1,309,26,78,11,14,2,1,NULL,6,13),(19,1,59,27,78,11,14,2,1,NULL,6,13),(20,1,185,28,78,11,14,2,1,NULL,6,13),(21,1,322,29,78,11,14,2,1,NULL,6,13),(22,1,28,30,78,11,14,2,1,NULL,6,13),(23,1,185,31,78,11,14,2,1,NULL,6,13),(24,1,303,39,80,11,14,4,1,NULL,6,13),(25,1,325,40,112,6,8,4,1,NULL,2,13),(26,1,326,41,41,7,9,3,1,NULL,2,12),(27,1,326,42,41,8,9,2,1,NULL,2,12),(28,1,309,43,96,1,3,2,1,NULL,2,12),(29,1,329,44,78,1,3,5,1,NULL,2,12),(30,1,329,45,78,7,9,5,1,NULL,2,12),(31,1,322,46,120,7,8,2,1,NULL,2,17),(32,1,322,47,121,9,10,2,1,NULL,2,17),(33,1,21,48,71,11,14,3,1,NULL,6,13),(34,1,21,49,71,11,14,2,1,NULL,6,11),(35,1,41,50,52,9,10,5,1,NULL,2,17),(36,1,217,51,60,1,3,5,1,NULL,2,12),(37,1,217,52,40,7,9,6,1,NULL,2,12),(38,1,248,53,104,3,5,3,1,NULL,2,13),(39,1,248,54,86,1,2,3,1,NULL,2,17),(40,1,248,55,86,1,2,3,1,NULL,2,17),(41,1,322,56,39,9,10,4,1,NULL,2,18),(42,1,322,57,43,3,4,2,1,NULL,2,18),(43,1,322,58,44,1,2,2,1,NULL,2,18),(44,1,185,59,112,1,3,6,1,NULL,2,12),(45,1,323,60,99,1,3,7,1,NULL,2,12),(46,1,28,61,39,7,8,6,1,NULL,2,18),(47,1,28,62,43,1,2,3,1,NULL,2,18),(48,1,28,63,44,1,2,5,1,NULL,2,18),(49,1,28,64,108,9,10,6,1,NULL,2,17),(50,1,309,65,109,7,8,6,1,NULL,2,17),(51,1,305,66,109,7,8,3,1,NULL,2,17),(52,1,305,67,109,9,10,3,1,NULL,2,17),(53,1,306,68,39,9,10,6,1,NULL,2,18),(54,1,306,69,43,3,4,3,1,NULL,2,18),(55,1,306,70,44,1,2,3,1,NULL,2,18),(56,1,306,71,52,7,8,6,1,NULL,2,17),(57,1,262,72,54,7,9,4,1,NULL,2,15),(58,1,41,73,40,7,9,2,1,NULL,2,12),(59,1,41,74,76,1,3,3,1,NULL,2,12),(60,1,306,75,41,7,9,5,1,NULL,2,12),(61,1,306,76,43,1,3,5,1,NULL,2,12),(62,1,28,77,96,1,3,6,1,NULL,2,12),(63,1,322,78,52,7,8,4,1,NULL,2,17),(64,1,328,79,123,1,5,8,1,NULL,9,12),(65,1,330,80,124,1,5,6,1,NULL,6,7),(66,1,330,81,124,1,5,4,1,NULL,6,7),(67,1,330,82,124,6,10,3,1,NULL,6,7),(68,1,330,83,124,6,10,4,1,NULL,6,7),(69,1,330,84,124,1,5,2,1,NULL,6,7),(70,1,319,85,23,6,10,4,1,NULL,5,6),(71,1,319,86,23,1,5,2,1,NULL,5,6),(72,1,319,87,23,1,5,3,1,NULL,5,6),(73,1,319,88,23,1,5,4,1,NULL,5,6),(74,1,303,89,125,6,10,8,1,NULL,6,8),(75,1,217,90,126,1,5,8,1,NULL,6,8),(76,1,59,91,127,1,5,2,1,NULL,4,7),(77,1,59,92,127,1,5,3,1,NULL,4,7),(78,1,59,93,127,1,5,6,1,NULL,4,7),(79,1,59,94,127,6,10,5,1,NULL,4,7),(80,1,59,95,127,1,5,4,1,NULL,4,7),(81,1,321,96,23,6,10,3,1,NULL,5,8),(82,1,321,97,126,6,10,8,1,NULL,6,9),(83,1,103,99,125,1,5,2,1,NULL,9,12),(84,1,103,100,125,6,10,7,1,NULL,9,12),(85,1,103,101,125,1,5,8,1,NULL,9,12),(86,1,103,102,125,6,10,8,1,NULL,9,12),(87,1,103,103,125,6,10,6,1,NULL,9,12),(88,1,327,104,23,1,5,7,1,NULL,5,8),(89,1,59,105,127,6,10,7,1,NULL,5,7),(90,1,271,106,128,1,5,6,1,NULL,8,11),(91,1,271,107,128,1,5,4,1,NULL,8,11),(92,1,271,108,128,6,10,4,1,NULL,8,11),(93,1,271,109,128,6,10,3,1,NULL,8,11),(94,1,59,110,23,6,10,2,1,NULL,5,6),(95,1,330,111,123,1,5,3,1,NULL,9,12),(96,1,330,112,123,1,5,7,1,NULL,9,12),(97,1,330,113,128,6,10,7,1,NULL,9,12),(98,1,330,114,126,1,5,8,1,NULL,9,12),(99,1,303,115,125,1,5,8,1,NULL,6,8),(100,1,271,116,128,1,5,3,1,NULL,7,8),(101,1,322,117,123,6,10,3,1,NULL,6,8),(102,1,322,118,123,6,10,5,1,NULL,6,7),(103,1,322,119,123,1,5,7,1,NULL,6,8),(104,1,322,120,123,1,5,6,1,NULL,6,8),(105,1,185,121,125,6,10,3,1,NULL,5,8),(106,1,185,122,125,1,5,7,1,NULL,5,6),(107,1,59,123,127,1,5,5,1,NULL,5,7),(108,1,59,124,127,6,10,5,1,NULL,5,6),(109,1,59,125,127,6,10,4,1,NULL,5,6),(110,1,271,126,128,1,5,2,1,NULL,12,15),(111,1,271,127,128,6,10,2,1,NULL,12,15),(112,1,271,128,128,6,10,4,1,NULL,12,15),(113,1,271,129,128,6,10,6,1,NULL,12,15),(114,1,59,130,127,6,10,3,1,NULL,11,14),(115,1,271,131,23,1,5,2,1,NULL,8,11),(116,1,271,132,23,6,10,7,1,NULL,9,12),(117,1,271,133,23,6,10,8,1,NULL,9,12),(118,1,59,134,127,1,5,8,1,NULL,8,11),(119,1,59,135,127,1,5,3,1,NULL,8,11),(120,1,59,136,127,1,5,2,1,NULL,8,11),(121,1,59,137,127,6,10,6,1,NULL,8,11),(122,1,59,138,127,6,10,3,1,NULL,5,6),(123,1,303,139,126,6,10,6,1,NULL,17,20),(124,1,303,140,126,6,10,7,1,NULL,9,10),(125,1,271,141,128,6,10,3,1,NULL,17,20),(126,1,303,142,125,6,10,5,1,NULL,13,14),(127,1,303,143,125,6,10,6,1,NULL,13,14),(128,1,271,144,128,1,5,2,1,NULL,16,19),(129,1,271,145,128,6,10,4,1,NULL,16,19),(130,1,271,146,128,6,10,2,1,NULL,16,19),(131,1,271,147,128,1,5,3,1,NULL,16,19),(132,1,59,148,127,6,10,4,1,NULL,17,20),(133,1,59,149,129,1,5,3,1,NULL,16,19),(134,1,271,150,128,6,10,2,1,NULL,9,10),(135,1,271,151,128,1,5,4,1,NULL,17,20),(136,1,271,152,128,1,5,3,1,NULL,9,10),(137,1,271,153,128,6,10,5,1,NULL,9,10),(138,1,271,154,128,6,10,7,1,NULL,17,20),(139,1,271,155,128,6,10,5,1,NULL,17,20),(140,1,303,156,125,1,5,3,1,NULL,17,20),(141,1,59,157,127,6,10,3,1,NULL,16,19),(142,1,59,158,127,6,10,2,1,NULL,16,19),(143,1,59,159,127,1,5,6,1,NULL,16,19),(144,1,59,160,127,1,5,7,1,NULL,16,19),(145,1,59,161,127,1,5,4,1,NULL,16,19),(146,1,59,162,127,1,5,5,1,NULL,16,19),(147,1,59,163,127,1,5,5,1,NULL,14,14),(148,1,59,164,127,1,5,3,1,NULL,14,14),(149,1,59,165,127,6,10,5,1,NULL,5,12),(150,1,59,166,127,6,10,6,1,NULL,17,20),(151,1,59,167,127,1,5,2,1,NULL,14,14),(152,1,59,168,127,1,5,6,1,NULL,14,14),(153,1,271,169,128,1,5,6,1,NULL,16,19),(154,1,271,170,128,1,5,5,1,NULL,16,19),(155,1,303,171,125,1,5,2,1,NULL,13,14),(156,1,303,172,125,1,5,4,1,NULL,13,14),(157,1,303,173,125,1,5,2,1,NULL,17,20),(158,1,303,174,125,6,10,3,1,NULL,17,20),(159,1,303,175,125,1,5,4,1,NULL,17,20),(160,1,303,176,125,1,5,5,1,NULL,17,20),(161,1,303,177,125,1,5,6,1,NULL,17,20),(162,1,303,178,125,6,10,4,1,NULL,17,20),(163,1,303,179,125,6,10,2,1,NULL,17,20),(164,1,59,180,127,1,5,2,1,NULL,16,19),(165,1,59,181,127,6,10,7,1,NULL,16,19),(166,1,271,182,126,1,5,5,1,NULL,17,20),(167,1,303,183,126,1,5,5,1,NULL,11,14),(168,1,303,184,126,6,10,6,1,NULL,11,14),(169,1,303,185,126,6,10,3,1,NULL,11,11),(170,1,303,186,126,6,10,8,1,NULL,11,11),(171,1,303,187,126,1,5,2,1,NULL,16,19),(172,1,303,188,126,1,5,2,1,NULL,11,14),(173,1,303,189,125,6,10,6,1,NULL,17,20),(174,1,327,190,23,6,10,7,1,NULL,17,20),(175,1,327,191,23,6,10,4,1,NULL,17,20),(176,1,59,192,129,6,10,5,1,NULL,16,19),(177,1,59,193,129,6,10,3,1,NULL,16,19),(178,1,271,194,129,6,10,7,1,NULL,16,19),(179,1,271,195,129,6,10,4,1,NULL,16,19),(180,1,59,196,129,6,10,2,1,NULL,17,20),(181,1,59,197,129,6,10,2,1,NULL,10,10),(182,1,59,198,129,1,5,4,1,NULL,17,20),(183,1,59,199,129,6,10,3,1,NULL,9,10),(184,1,59,200,126,6,10,4,1,NULL,9,10),(185,1,324,201,23,1,5,3,1,NULL,17,20),(186,1,324,202,23,1,5,7,1,NULL,17,20),(187,1,324,203,23,6,10,3,1,NULL,17,20),(188,1,324,204,23,6,10,2,1,NULL,17,20),(189,1,324,205,23,6,10,5,1,NULL,17,20),(190,1,271,206,23,6,10,6,1,NULL,17,20),(191,1,271,207,23,1,5,2,1,NULL,17,20),(192,1,271,208,23,1,5,6,1,NULL,17,20),(193,1,271,209,23,1,5,4,1,NULL,17,20),(194,1,271,210,128,1,5,5,1,NULL,12,15),(195,1,271,211,128,6,10,3,1,NULL,12,15),(196,1,271,212,128,6,10,5,1,NULL,12,15),(197,1,271,213,128,1,5,6,1,NULL,12,15),(198,1,185,214,125,1,5,3,1,NULL,5,6),(199,1,309,215,123,6,10,4,1,NULL,8,11),(200,1,309,216,123,6,10,5,1,NULL,8,11),(201,1,262,223,57,3,5,3,1,NULL,5,12),(202,1,262,224,92,1,2,5,1,NULL,5,12),(203,1,321,225,84,1,2,6,1,NULL,9,21),(204,1,185,226,78,1,2,4,1,NULL,5,12),(205,1,325,227,86,1,2,7,1,NULL,5,12),(206,1,325,228,118,3,5,7,1,NULL,5,12),(207,1,288,229,55,1,2,7,1,NULL,5,12),(208,1,217,230,97,1,3,4,1,NULL,5,12),(209,1,288,231,87,6,7,5,1,NULL,5,12),(210,1,288,232,87,8,10,5,1,NULL,5,12),(211,1,326,233,82,1,2,2,1,NULL,5,12),(212,1,260,234,88,1,2,2,1,NULL,5,12),(213,1,260,235,88,3,5,2,1,NULL,5,12),(214,1,260,236,71,1,2,3,1,NULL,9,21),(215,1,260,237,72,3,5,3,1,NULL,9,21),(216,1,321,238,83,3,5,6,1,NULL,9,21),(217,1,320,239,70,6,7,2,1,NULL,9,21),(218,1,309,240,90,7,9,3,1,NULL,5,12),(219,1,288,241,97,8,10,3,1,NULL,5,12),(220,1,320,242,87,8,10,2,1,NULL,9,21),(221,1,320,243,87,6,7,6,1,NULL,9,21),(222,1,320,244,87,8,10,6,1,NULL,9,21),(223,1,319,245,91,6,7,2,1,NULL,9,21),(224,1,322,246,92,6,7,3,1,NULL,9,21),(225,1,319,247,91,8,10,2,1,NULL,5,12),(226,1,319,248,89,3,5,7,1,NULL,5,12),(227,1,325,249,68,6,7,2,1,NULL,9,21),(228,1,325,250,94,8,10,2,1,NULL,5,12),(229,1,319,251,88,1,2,7,1,NULL,9,21),(230,1,305,252,89,1,2,4,1,NULL,9,21),(231,1,305,253,89,3,5,4,1,NULL,9,21),(232,1,288,254,67,3,5,3,1,NULL,5,12),(233,1,103,255,93,8,10,3,1,NULL,9,21),(234,1,326,256,91,1,2,4,1,NULL,9,21),(235,1,103,257,82,3,5,4,1,NULL,9,21),(236,1,103,258,83,1,2,4,1,NULL,9,21),(237,1,217,259,95,3,5,2,1,NULL,9,21),(238,1,217,260,95,1,2,2,1,NULL,5,12),(239,1,305,261,91,1,2,2,1,NULL,5,12),(240,1,305,262,91,3,5,2,1,NULL,5,12),(241,1,262,263,92,3,5,5,1,NULL,5,12),(242,1,322,264,94,1,3,5,1,NULL,9,21),(243,1,103,265,85,1,3,7,1,NULL,5,12),(244,1,185,266,39,7,8,4,1,NULL,2,18),(245,1,185,267,43,1,2,2,1,NULL,2,18),(246,1,185,268,44,3,4,2,1,NULL,2,18),(247,1,185,269,52,9,10,4,1,NULL,2,17),(248,1,185,270,120,9,10,2,1,NULL,2,17),(249,1,185,271,121,7,8,2,1,NULL,2,17),(250,1,134,272,120,7,8,5,1,NULL,2,17),(251,1,134,273,121,9,10,5,1,NULL,2,17),(252,1,309,274,96,1,3,3,1,NULL,2,12),(253,1,21,48,71,11,14,3,1,NULL,6,11),(254,1,330,80,124,1,5,6,1,NULL,8,9),(255,1,330,81,124,1,5,4,1,NULL,8,9),(256,1,330,82,124,6,10,3,1,NULL,8,9),(257,1,330,83,124,6,10,4,1,NULL,8,9),(258,1,330,84,124,1,5,2,1,NULL,8,9),(259,1,303,89,125,6,10,8,1,NULL,13,13),(260,1,217,90,126,1,5,8,1,NULL,13,13),(261,1,59,105,127,6,10,7,1,NULL,9,9),(262,1,59,110,23,6,10,2,1,NULL,8,9),(263,1,303,115,125,1,5,8,1,NULL,13,13),(264,1,271,116,128,1,5,3,1,NULL,10,11),(265,1,322,117,123,6,10,3,1,NULL,13,13),(266,1,322,118,123,6,10,5,1,NULL,12,13),(267,1,322,119,123,1,5,7,1,NULL,13,13),(268,1,322,120,123,1,5,6,1,NULL,13,13),(269,1,59,123,127,1,5,5,1,NULL,9,9),(270,1,185,122,125,1,5,7,1,NULL,8,9),(271,1,59,124,127,6,10,5,1,NULL,8,9),(272,1,59,125,127,6,10,4,1,NULL,8,9),(273,1,59,138,127,6,10,3,1,NULL,8,9),(274,1,303,140,126,6,10,7,1,NULL,12,12),(275,1,303,140,126,6,10,7,1,NULL,21,21),(276,1,303,142,125,6,10,5,1,NULL,16,16),(277,1,303,143,125,6,10,6,1,NULL,16,16),(278,1,303,142,125,6,10,5,1,NULL,21,21),(279,1,303,143,125,6,10,6,1,NULL,21,21),(280,1,271,150,128,6,10,2,1,NULL,20,21),(281,1,271,152,128,1,5,3,1,NULL,20,21),(282,1,271,153,128,6,10,5,1,NULL,20,21),(283,1,59,163,127,1,5,5,1,NULL,17,17),(284,1,59,164,127,1,5,3,1,NULL,17,17),(285,1,59,163,127,1,5,5,1,NULL,20,21),(286,1,59,164,127,1,5,3,1,NULL,20,21),(287,1,59,165,127,6,10,5,1,NULL,17,21),(288,1,59,167,127,1,5,2,1,NULL,17,17),(289,1,59,168,127,1,5,6,1,NULL,17,17),(290,1,59,167,127,1,5,2,1,NULL,20,21),(291,1,59,168,127,1,5,6,1,NULL,20,21),(292,1,303,171,125,1,5,2,1,NULL,16,16),(293,1,303,172,125,1,5,4,1,NULL,16,16),(294,1,303,171,125,1,5,2,1,NULL,20,21),(295,1,303,172,125,1,5,4,1,NULL,20,21),(296,1,303,185,126,6,10,3,1,NULL,13,14),(297,1,303,186,126,6,10,8,1,NULL,13,14),(298,1,303,185,126,6,10,3,1,NULL,20,20),(299,1,303,186,126,6,10,8,1,NULL,20,20),(300,1,59,197,129,6,10,2,1,NULL,12,12),(301,1,59,197,129,6,10,2,1,NULL,20,21),(302,1,59,199,129,6,10,3,1,NULL,12,12),(303,1,59,200,126,6,10,4,1,NULL,12,12),(304,1,59,199,129,6,10,3,1,NULL,20,21),(305,1,59,200,126,6,10,4,1,NULL,20,21),(306,1,185,214,125,1,5,3,1,NULL,10,11),(307,1,262,223,57,3,5,3,1,NULL,17,21),(308,1,262,224,92,1,2,5,1,NULL,17,21),(309,1,185,226,78,1,2,4,1,NULL,17,21),(310,1,325,227,86,1,2,7,1,NULL,17,21),(311,1,325,228,118,3,5,7,1,NULL,17,21),(312,1,288,229,55,1,2,7,1,NULL,17,21),(313,1,217,230,97,1,3,4,1,NULL,17,21),(314,1,288,231,87,6,7,5,1,NULL,17,21),(315,1,288,232,87,8,10,5,1,NULL,17,21),(316,1,326,233,82,1,2,2,1,NULL,17,21),(317,1,260,234,88,1,2,2,1,NULL,17,21),(318,1,260,235,88,3,5,2,1,NULL,17,21),(319,1,309,240,90,7,9,3,1,NULL,17,21),(320,1,288,241,97,8,10,3,1,NULL,17,21),(321,1,319,247,91,8,10,2,1,NULL,17,21),(322,1,319,248,89,3,5,7,1,NULL,17,21),(323,1,325,250,94,8,10,2,1,NULL,17,21),(324,1,288,254,67,3,5,3,1,NULL,17,21),(325,1,217,260,95,1,2,2,1,NULL,17,21),(326,1,305,261,91,1,2,2,1,NULL,17,21),(327,1,305,262,91,3,5,2,1,NULL,17,21),(328,1,262,263,92,3,5,5,1,NULL,17,21),(329,1,103,265,85,1,3,7,1,NULL,17,21);
/*!40000 ALTER TABLE `lichgiangdays` ENABLE KEYS */;

--
-- Table structure for table `lichnghis`
--

DROP TABLE IF EXISTS `lichnghis`;
/*!40101 SET @saved_cs_client     = @@character_set_client */;
/*!40101 SET character_set_client = utf8 */;
CREATE TABLE `lichnghis` (
  `id` int(11) NOT NULL AUTO_INCREMENT,
  `maThoiKhoabieu` int(11) DEFAULT NULL,
  `ngaynghi` datetime DEFAULT NULL,
  `soTiet` int(11) DEFAULT NULL,
  PRIMARY KEY (`id`),
  KEY `fk_lichday_lichngi_idx` (`maThoiKhoabieu`),
  CONSTRAINT `fk_lichday_lichngi` FOREIGN KEY (`maThoiKhoabieu`) REFERENCES `lichgiangdays` (`id`) ON DELETE NO ACTION ON UPDATE NO ACTION
) ENGINE=InnoDB DEFAULT CHARSET=utf8;
/*!40101 SET character_set_client = @saved_cs_client */;

--
-- Dumping data for table `lichnghis`
--

/*!40000 ALTER TABLE `lichnghis` DISABLE KEYS */;
/*!40000 ALTER TABLE `lichnghis` ENABLE KEYS */;

--
-- Table structure for table `loaithietbis`
--

DROP TABLE IF EXISTS `loaithietbis`;
/*!40101 SET @saved_cs_client     = @@character_set_client */;
/*!40101 SET character_set_client = utf8 */;
CREATE TABLE `loaithietbis` (
  `id` int(11) NOT NULL,
  `tenLoai` varchar(45) DEFAULT NULL,
  `ngayCapNhap` datetime DEFAULT NULL,
  PRIMARY KEY (`id`)
) ENGINE=InnoDB DEFAULT CHARSET=utf8;
/*!40101 SET character_set_client = @saved_cs_client */;

--
-- Dumping data for table `loaithietbis`
--

/*!40000 ALTER TABLE `loaithietbis` DISABLE KEYS */;
/*!40000 ALTER TABLE `loaithietbis` ENABLE KEYS */;

--
-- Table structure for table `lophocphans`
--

DROP TABLE IF EXISTS `lophocphans`;
/*!40101 SET @saved_cs_client     = @@character_set_client */;
/*!40101 SET character_set_client = utf8 */;
CREATE TABLE `lophocphans` (
  `Id` int(11) NOT NULL,
  `maLopHocPhan` varchar(45) DEFAULT NULL,
  `tenLopHocPhan` varchar(45) DEFAULT NULL,
  `maHocPhan` int(11) DEFAULT NULL,
  `soLuong` int(11) DEFAULT NULL,
  PRIMARY KEY (`Id`),
  KEY `fk_lhp_hp_idx` (`maHocPhan`),
  CONSTRAINT `fk_lhp_hp` FOREIGN KEY (`maHocPhan`) REFERENCES `hocphans` (`id`) ON DELETE NO ACTION ON UPDATE NO ACTION
) ENGINE=InnoDB DEFAULT CHARSET=utf8;
/*!40101 SET character_set_client = @saved_cs_client */;

--
-- Dumping data for table `lophocphans`
--

/*!40000 ALTER TABLE `lophocphans` DISABLE KEYS */;
INSERT INTO `lophocphans` VALUES (1,'1020503.1410.10.12','An toàn thông tin mạng',3167,72),(2,'1020042.1410.12.10','Cấu trúc dữ liệu',2916,104),(3,'1020042.1410.12.11','Cấu trúc dữ liệu',2916,104),(4,'1020182.1410.xx.91','Cấu trúc máy tính',2940,88),(5,'1020173.1410.xx.91','Chuyên đề 1',2938,88),(6,'1020633.1410.11.10','Chuyên đề 2',2951,96),(7,'1020633.1410.11.11','Chuyên đề 2',2951,84),(8,'1020633.1410.11.12','Chuyên đề 2',2951,84),(9,'1020653.1410.11.14','Chuyên đề 3',2962,64),(10,'1021213.1410.10.12','Chuyên đề Mạng',3171,72),(11,'1020252.1410.11.14','Công nghệ phần mềm',2950,64),(12,'1020102.1410.12.77','Cơ sở dữ liệu',2928,72),(13,'1021043.1410.10.10','Cơ sở dữ liệu nâng cao',2977,84),(14,'1021043.1410.10.11','Cơ sở dữ liệu nâng cao',2977,84),(15,'1020123.1410.xx.91','ĐA Cấu trúc D.liệu & thuật toán',2936,88),(16,'1020803.1410.xx.91','ĐA Lập trình hệ thống',2922,88),(17,'1020333.1410.11.14A','ĐA lập trình mạng',2968,10),(18,'1020333.1410.11.14B','ĐA lập trình mạng',2968,10),(19,'1020333.1410.11.14C','ĐA lập trình mạng',2968,10),(20,'1020333.1410.11.14D','ĐA lập trình mạng',2968,10),(21,'1020333.1410.11.14E','ĐA lập trình mạng',2968,10),(22,'1020333.1410.11.14F','ĐA lập trình mạng',2968,10),(23,'1020333.1410.11.14H','ĐA lập trình mạng',2968,10),(24,'1020333.1410.11.14I','ĐA lập trình mạng',2968,10),(25,'1020333.1410.xx.91A','ĐA Lập trình mạng',2968,180),(26,'1020333.1410.xx.91B','ĐA Lập trình mạng',2968,180),(27,'1020333.1410.xx.91C','ĐA Lập trình mạng',2968,180),(28,'1020333.1410.xx.91D','ĐA Lập trình mạng',2968,180),(29,'1020333.1410.xx.91E','ĐA Lập trình mạng',2968,180),(30,'1020333.1410.xx.91F','ĐA Lập trình mạng',2968,180),(31,'1020333.1410.xx.91G','ĐA Lập trình mạng',2968,180),(32,'1020263.1410.11.10A','ĐA nguyên lý hệ điều hành',2958,10),(33,'1020263.1410.11.10B','ĐA nguyên lý hệ điều hành',2958,10),(34,'1020263.1410.11.11A','ĐA nguyên lý hệ điều hành',2958,10),(35,'1020263.1410.11.11B','ĐA nguyên lý hệ điều hành',2958,10),(36,'1020263.1410.11.12A','ĐA nguyên lý hệ điều hành',2958,10),(37,'1020263.1410.11.12B','ĐA nguyên lý hệ điều hành',2958,10),(38,'1020263.1410.11.12C','ĐA nguyên lý hệ điều hành',2958,10),(39,'1020912.1410.xx.91','Đồ án Kỹ thuật vi xử lý',2948,88),(40,'1020213.1410.11.77','Đồ họa máy tính',2942,72),(41,'1020473.1410.10.10','Giao tiếp người máy',2971,84),(42,'1020473.1410.10.11','Giao tiếp người máy',2971,84),(43,'1020523.1410.10.12','Hệ phân tán',3169,72),(44,'1020413.1410.10.10','Kiểm thử phần mềm',2979,180),(45,'1020413.1410.10.11','Kiểm thử phần mềm',2979,180),(46,'1020242.1410.12.10','Kỹ thuật truyền số liệu',2947,104),(47,'1020242.1410.12.11','Kỹ thuật truyền số liệu',2947,104),(48,'1020132.1410.xx.91','Kỹ thuật Vi xử lý',2932,88),(49,'1020052.1410.xx.91','Kỹ thuật Xung số',2918,88),(50,'1020283.1410.11.14','Lập trình hàm & logic',2964,64),(51,'1020723.1410.10.05','Lập trình hệ thống',2906,72),(52,'1020723.1410.10.06','Lập trình hệ thống',2906,96),(53,'1020232.1410.11.77','Lập trình hướng đối tượng',2945,72),(54,'1021313.1410.12.05','Lập trình hướng đối tượng',2945,180),(55,'1021313.1410.12.05B','Lập trình hướng đối tượng',2945,180),(56,'1020593.1410.11.10','Lập trình JAVA',2954,96),(57,'1020593.1410.11.11','Lập trình JAVA',2954,84),(58,'1020593.1410.11.12','Lập trình JAVA',2954,84),(59,'1020353.1410.10.77','Lập trình mạng',2966,72),(60,'1020533.1410.10.12','Lập trình mạng nâng cao',3173,72),(61,'1020292.1410.11.10','Mạng máy tính',2953,96),(62,'1020292.1410.11.11','Mạng máy tính',2953,84),(63,'1020292.1410.11.12','Mạng máy tính',2953,84),(64,'1020292.1410.12.10','Mạng máy tính',2953,104),(65,'1020292.1410.12.11','Mạng máy tính',2953,104),(66,'1020063.1410.12.10','Ngôn ngữ Hình thức & Ôtômat',2920,104),(67,'1020063.1410.12.11','Ngôn ngữ Hình thức & Ôtômat',2920,104),(68,'1020302.1410.11.10','Phân tích & thiết kế hệ thống',2960,96),(69,'1020302.1410.11.11','Phân tích & thiết kế hệ thống',2960,84),(70,'1020302.1410.11.12','Phân tích & thiết kế hệ thống',2960,84),(71,'1020302.1410.11.14','Phân tích & thiết kế hệ thống',2960,64),(72,'1021182.1410.13.14','Phương pháp tính',2926,64),(73,'1020193.1410.10.10','Phân tích & T.kế hướng đối tượng',2973,96),(74,'1020193.1410.10.11','Phân tích & T.kế hướng đối tượng',2973,88),(75,'1020433.1410.10.10','Quản trị dự án phần mềm',2981,84),(76,'1020433.1410.10.11','Quản trị dự án phần mềm',2981,84),(77,'1020543.1410.10.12','Quản trị mạng',3175,72),(78,'1020543.1410.11.14','Quản trị mạng',3175,64),(79,'1021133.1410.10.12B','TH An toàn Thông tin mạng',3168,10),(80,'1021033.1410.10.10A','TH C.đề CN phần mềm',2976,10),(81,'1021033.1410.10.10B','TH C.đề CN phần mềm',2976,10),(82,'1021033.1410.10.11A','TH C.đề CN phần mềm',2976,10),(83,'1021033.1410.10.11B','TH C.đề CN phần mềm',2976,10),(84,'1021033.1410.10.11C','TH C.đề CN phần mềm',2976,10),(85,'1021273.1410.12.10A','TH Cấu trúc dữ liệu',2917,60),(86,'1021273.1410.12.10B','TH Cấu trúc dữ liệu',2917,60),(87,'1021273.1410.12.10C','TH Cấu trúc dữ liệu',2917,60),(88,'1021273.1410.12.11C','TH Cấu trúc dữ liệu',2917,60),(89,'1020872.1410.xx.91','TH Cấu trúc máy tính',2941,10),(90,'1020863.1410.xx.91','TH Chuyên đề 1',2939,10),(91,'1020923.1410.11.10A','TH Chuyên đề 2',2952,10),(92,'1020923.1410.11.10B','TH Chuyên đề 2',2952,10),(93,'1020923.1410.11.11A','TH Chuyên đề 2',2952,10),(94,'1020923.1410.11.11B','TH Chuyên đề 2',2952,10),(95,'1020923.1410.11.12','TH Chuyên đề 2',2952,10),(96,'1021003.1410.11.14','TH Chuyên đề 3',2963,60),(97,'1021003.1410.xx.91','TH Chuyên đề 3',2963,10),(98,'1021223.1410.10.12A','TH Chuyên đề Mạng',3172,10),(99,'1021053.1410.10.10A','TH Cơ sở dữ liệu nâng cao',2978,10),(100,'1021053.1410.10.10B','TH Cơ sở dữ liệu nâng cao',2978,10),(101,'1021053.1410.10.11A','TH Cơ sở dữ liệu nâng cao',2978,10),(102,'1021053.1410.10.11B','TH Cơ sở dữ liệu nâng cao',2978,10),(103,'1021053.1410.10.11C','TH Cơ sở dữ liệu nâng cao',2978,10),(104,'1020932.1410.11.14','TH Công nghệ phần mềm',2949,60),(105,'1020883.1410.11.77','TH Đồ hoạ máy tính',2943,10),(106,'1021013.1410.10.10A','TH Giao tiếp người máy',2972,10),(107,'1021013.1410.10.10B','TH Giao tiếp người máy',2972,10),(108,'1021013.1410.10.11A','TH Giao tiếp người máy',2972,10),(109,'1021013.1410.10.11B','TH Giao tiếp người máy',2972,10),(110,'1021143.1410.10.12A','TH Hệ phân tán',3170,60),(111,'1021063.1410.10.10B','TH Kiểm thử phần mềm',2980,10),(112,'1021063.1410.10.11A','TH Kiểm thử phần mềm',2980,10),(113,'1021063.1410.10.11B','TH Kiểm thử phần mềm',2980,10),(114,'1021063.1410.10.11C','TH Kiểm thử phần mềm',2980,10),(115,'1020842.1410.xx.91','TH Kỹ thuật vi xử lý',2933,10),(116,'1020973.1410.11.14','TH Lập trình hàm logic',2965,10),(117,'1020943.1410.11.11A','TH Lập trình JAVA',2956,10),(118,'1020943.1410.11.11B','TH Lập trình JAVA',2956,10),(119,'1020943.1410.11.12A','TH Lập trình JAVA',2956,10),(120,'1020943.1410.11.12B','TH Lập trình JAVA',2956,10),(121,'1020983.1410.10.77A','TH Lập trình mạng',2967,10),(122,'1020983.1410.10.77B','TH Lập trình mạng',2967,10),(123,'1020893.1410.11.77','TH LT hướng đối tượng',2946,10),(124,'1021153.1410.10.12A','TH LT mạng nâng cao',3174,10),(125,'1021153.1410.10.12B','TH LT mạng nâng cao',3174,10),(126,'1020902.1410.11.10A','TH Phân tích & TK hệ thống',2961,10),(127,'1020902.1410.11.11A','TH Phân tích & TK hệ thống',2961,10),(128,'1020902.1410.11.11B','TH Phân tích & TK hệ thống',2961,10),(129,'1020902.1410.11.12','TH Phân tích & TK hệ thống',2961,10),(130,'1020902.1410.11.14','TH Phân tích & TK hệ thống',2961,10),(131,'1020163.1410.10.10A','TH PT&TK hướng đối tượng',2974,60),(132,'1020163.1410.10.10C','TH PT&TK hướng đối tượng',2974,60),(133,'1020163.1410.10.11C','TH PT&TK hướng đối tượng',2974,60),(134,'1021073.1410.10.10A','TH Quản trị DA phần mềm',2982,10),(135,'1021073.1410.10.10B','TH Quản trị DA phần mềm',2982,10),(136,'1021073.1410.10.11A','TH Quản trị DA phần mềm',2982,10),(137,'1021073.1410.10.11B','TH Quản trị DA phần mềm',2982,10),(138,'1021163.1410.10.12B','TH Quản trị mạng',3176,10),(139,'1020701.1410.14.01A','TH Tin học đại cương',2891,10),(140,'1020701.1410.14.01B','TH Tin học đại cương',2891,10),(141,'1020701.1410.14.02','TH Tin học đại cương',2891,10),(142,'1020701.1410.14.05A','TH Tin học đại cương',2891,10),(143,'1020701.1410.14.05B','TH Tin học đại cương',2891,10),(144,'1020701.1410.14.10A','TH Tin học đại cương',2891,10),(145,'1020701.1410.14.11A','TH Tin học đại cương',2891,10),(146,'1020701.1410.14.12A','TH Tin học đại cương',2891,10),(147,'1020701.1410.14.12B','TH Tin học đại cương',2891,10),(148,'1020701.1410.14.14','TH Tin học đại cương',2891,10),(149,'1020701.1410.14.15','TH Tin học đại cương',2891,10),(150,'1020701.1410.14.17','TH Tin học đại cương',2891,10),(151,'1020701.1410.14.18A','TH Tin học đại cương',2891,10),(152,'1020701.1410.14.18B','TH Tin học đại cương',2891,10),(153,'1020701.1410.14.20','TH Tin học đại cương',2891,10),(154,'1020701.1410.14.22A','TH Tin học đại cương',2891,10),(155,'1020701.1410.14.22B','TH Tin học đại cương',2891,10),(156,'1020701.1410.14.25','TH Tin học đại cương',2891,10),(157,'1020701.1410.14.27A','TH Tin học đại cương',2891,10),(158,'1020701.1410.14.27B','TH Tin học đại cương',2891,10),(159,'1020701.1410.14.28A','TH Tin học đại cương',2891,10),(160,'1020701.1410.14.28B','TH Tin học đại cương',2891,10),(161,'1020701.1410.14.29A','TH Tin học đại cương',2891,10),(162,'1020701.1410.14.29B','TH Tin học đại cương',2891,10),(163,'1020701.1410.14.33A','TH Tin học đại cương',2891,10),(164,'1020701.1410.14.33B','TH Tin học đại cương',2891,10),(165,'1020701.1410.14.34','TH Tin học đại cương',2891,10),(166,'1020701.1410.14.35','TH Tin học đại cương',2891,10),(167,'1020701.1410.14.38A','TH Tin học đại cương',2891,10),(168,'1020701.1410.14.38B','TH Tin học đại cương',2891,10),(169,'1020701.1410.14.39A','TH Tin học đại cương',2891,10),(170,'1020701.1410.14.39B','TH Tin học đại cương',2891,10),(171,'1020701.1410.14.40A','TH Tin học đại cương',2891,10),(172,'1020701.1410.14.40B','TH Tin học đại cương',2891,10),(173,'1020701.1410.14.45A','TH Tin học đại cương',2891,10),(174,'1020701.1410.14.45B','TH Tin học đại cương',2891,10),(175,'1020701.1410.14.46A','TH Tin học đại cương',2891,10),(176,'1020701.1410.14.46B','TH Tin học đại cương',2891,10),(177,'1020701.1410.14.48A','TH Tin học đại cương',2891,10),(178,'1020701.1410.14.48B','TH Tin học đại cương',2891,10),(179,'1020701.1410.14.50','TH Tin học đại cương',2891,10),(180,'1020701.1410.14.52A','TH Tin học đại cương',2891,10),(181,'1020701.1410.14.52B','TH Tin học đại cương',2891,10),(182,'1020701.1410.14.57','TH Tin học đại cương',2891,10),(183,'1020701.1410.14.59A','TH Tin học đại cương',2891,10),(184,'1020701.1410.14.59B','TH Tin học đại cương',2891,10),(185,'1020701.1410.14.60A','TH Tin học đại cương',2891,10),(186,'1020701.1410.14.60B','TH Tin học đại cương',2891,10),(187,'1020701.1410.14.61A','TH Tin học đại cương',2891,10),(188,'1020701.1410.14.61B','TH Tin học đại cương',2891,10),(189,'1020701.1410.14.64','TH Tin học đại cương',2891,10),(190,'1020701.1410.14.67A','TH Tin học đại cương',2891,60),(191,'1020701.1410.14.67B','TH Tin học đại cương',2891,60),(192,'1020701.1410.14.68A','TH Tin học đại cương',2891,10),(193,'1020701.1410.14.68B','TH Tin học đại cương',2891,10),(194,'1020701.1410.14.69A','TH Tin học đại cương',2891,10),(195,'1020701.1410.14.69B','TH Tin học đại cương',2891,10),(196,'1020701.1410.14.71A','TH Tin học đại cương',2891,10),(197,'1020701.1410.14.71B','TH Tin học đại cương',2891,10),(198,'1020701.1410.14.72A','TH Tin học đại cương',2891,10),(199,'1020701.1410.14.72B','TH Tin học đại cương',2891,10),(200,'1020701.1410.14.75B','TH Tin học đại cương',2891,10),(201,'1020701.1410.14.77','TH Tin học đại cương',2891,60),(202,'1020701.1410.14.79A','TH Tin học đại cương',2891,60),(203,'1020701.1410.14.79B','TH Tin học đại cương',2891,60),(204,'1020701.1410.14.81A','TH Tin học đại cương',2891,60),(205,'1020701.1410.14.81B','TH Tin học đại cương',2891,60),(206,'1020701.1410.14.83A','TH Tin học đại cương',2891,60),(207,'1020701.1410.14.83B','TH Tin học đại cương',2891,60),(208,'1020701.1410.14.85A','TH Tin học đại cương',2891,60),(209,'1020701.1410.14.85B','TH Tin học đại cương',2891,60),(210,'1020953.1410.11.10B','TH Trí tuệ nhân tạo',2957,10),(211,'1020953.1410.11.11','TH Trí tuệ nhân tạo',2957,10),(212,'1020953.1410.11.12A','TH Trí tuệ nhân tạo',2957,10),(213,'1020953.1410.11.12B','TH Trí tuệ nhân tạo',2957,10),(214,'1020953.1410.11.14','TH Trí tuệ nhân tạo',2957,10),(215,'1021173.1410.10.12A','TH Xử lý song song',3178,10),(216,'1021173.1410.10.12B','TH Xử lý song song',3178,10),(217,'1020743.1410.11.11','Thực tập nhận thức',2959,10),(218,'1020743.1410.11.12','Thực tập nhận thức',2959,10),(219,'1020563.1410.10.10','Thực tập Tốt nghiệp',2983,10),(220,'1020563.1410.10.11','Thực tập Tốt nghiệp',2983,10),(221,'1020563.1410.10.12','Thực tập Tốt nghiệp',2983,10),(222,'1020563.1410.10.13','Thực tập Tốt nghiệp',2983,10),(223,'1020691.1410.14.01','Tin học Đại cương',2890,64),(224,'1020691.1410.14.02','Tin học Đại cương',2890,88),(225,'1020691.1410.14.05','Tin học Đại cương',2890,88),(226,'1020691.1410.14.10','Tin học Đại cương',2890,180),(227,'1020691.1410.14.11','Tin học Đại cương',2890,180),(228,'1020691.1410.14.12','Tin học Đại cương',2890,72),(229,'1020691.1410.14.14','Tin học Đại cương',2890,64),(230,'1020691.1410.14.15','Tin học Đại cương',2890,32),(231,'1020691.1410.14.17','Tin học Đại cương',2890,88),(232,'1020691.1410.14.18','Tin học Đại cương',2890,88),(233,'1020691.1410.14.20','Tin học Đại cương',2890,88),(234,'1020691.1410.14.22','Tin học Đại cương',2890,88),(235,'1020691.1410.14.25','Tin học Đại cương',2890,88),(236,'1020691.1410.14.27','Tin học Đại cương',2890,88),(237,'1020691.1410.14.28','Tin học Đại cương',2890,88),(238,'1020691.1410.14.29','Tin học Đại cương',2890,88),(239,'1020691.1410.14.33','Tin học Đại cương',2890,180),(240,'1020691.1410.14.34','Tin học Đại cương',2890,56),(241,'1020691.1410.14.35','Tin học Đại cương',2890,32),(242,'1020691.1410.14.38','Tin học Đại cương',2890,88),(243,'1020691.1410.14.39','Tin học Đại cương',2890,88),(244,'1020691.1410.14.40','Tin học Đại cương',2890,88),(245,'1020691.1410.14.45','Tin học Đại cương',2890,88),(246,'1020691.1410.14.46','Tin học Đại cương',2890,88),(247,'1020691.1410.14.48','Tin học Đại cương',2890,88),(248,'1020691.1410.14.50','Tin học Đại cương',2890,88),(249,'1020691.1410.14.52','Tin học Đại cương',2890,88),(250,'1020691.1410.14.57','Tin học Đại cương',2890,88),(251,'1020691.1410.14.59','Tin học Đại cương',2890,88),(252,'1020691.1410.14.60','Tin học Đại cương',2890,88),(253,'1020691.1410.14.61','Tin học Đại cương',2890,88),(254,'1020691.1410.14.64','Tin học Đại cương',2890,88),(255,'1020691.1410.14.67','Tin học Đại cương',2890,88),(256,'1020691.1410.14.68','Tin học Đại cương',2890,88),(257,'1020691.1410.14.69','Tin học Đại cương',2890,88),(258,'1020691.1410.14.71','Tin học Đại cương',2890,88),(259,'1020691.1410.14.72','Tin học Đại cương',2890,180),(260,'1020691.1410.14.75','Tin học Đại cương',2890,180),(261,'1020691.1410.14.77','Tin học Đại cương',2890,88),(262,'1020691.1410.14.79','Tin học Đại cương',2890,88),(263,'1020691.1410.14.81','Tin học Đại cương',2890,88),(264,'1020691.1410.14.83','Tin học Đại cương',2890,88),(265,'1020691.1410.14.85','Tin học Đại cương',2890,88),(266,'1020313.1410.11.10','Trí tuệ nhân tạo',2955,96),(267,'1020313.1410.11.11','Trí tuệ nhân tạo',2955,84),(268,'1020313.1410.11.12','Trí tuệ nhân tạo',2955,84),(269,'1020313.1410.11.14','Trí tuệ nhân tạo',2955,64),(270,'1020313.1410.12.10','Trí tuệ nhân tạo',2955,104),(271,'1020313.1410.12.11','Trí tuệ nhân tạo',2955,104),(272,'1022103.1410.12.10','Xử lý tín hiệu số 1',2923,104),(273,'1022103.1410.12.11','Xử lý tín hiệu số 1',2923,104),(274,'1020553.1410.10.12','Xử lý song song',3177,72);
/*!40000 ALTER TABLE `lophocphans` ENABLE KEYS */;

--
-- Table structure for table `nganhs`
--

DROP TABLE IF EXISTS `nganhs`;
/*!40101 SET @saved_cs_client     = @@character_set_client */;
/*!40101 SET character_set_client = utf8 */;
CREATE TABLE `nganhs` (
  `id` int(11) NOT NULL AUTO_INCREMENT,
  `MaNganh` varchar(45) DEFAULT NULL,
  `TenNganh` varchar(45) DEFAULT NULL,
  `Makhoa` int(11) DEFAULT NULL,
  `Mota` text,
  `ngaycapnhap` varchar(45) DEFAULT NULL,
  PRIMARY KEY (`id`),
  KEY `fk_nganh_Khoa_idx` (`Makhoa`),
  CONSTRAINT `fk_nganh_Khoa` FOREIGN KEY (`Makhoa`) REFERENCES `khoas` (`id`) ON DELETE NO ACTION ON UPDATE NO ACTION
) ENGINE=InnoDB AUTO_INCREMENT=52 DEFAULT CHARSET=utf8;
/*!40101 SET character_set_client = @saved_cs_client */;

--
-- Dumping data for table `nganhs`
--

/*!40000 ALTER TABLE `nganhs` DISABLE KEYS */;
INSERT INTO `nganhs` VALUES (1,'1111','XD Công trình thủy',11,NULL,NULL),(2,'1112','KTXD & QLDA',11,NULL,NULL),(3,'1113','Tin học XD',11,NULL,NULL),(4,'1114','Kỹ thuật Tài nguyên nước',11,NULL,NULL),(5,'1115','Kỹ thuật Xây dựng',11,NULL,NULL),(6,'1101','XD DD&CN',10,NULL,NULL),(7,'1102','Kiến trúc',10,NULL,NULL),(8,'1103','CN Môi trường',10,NULL,NULL),(9,'1104','Kỹ thuật Công trình xây dựng',10,NULL,NULL),(10,'1105','Kỹ thuật Xây dựng công trình DD & CN',10,NULL,NULL),(11,'1091','XD Cầu Đường',9,NULL,NULL),(12,'1092','Vật liệu & Cấu kiện XD',9,NULL,NULL),(13,'1093','Kỹ thuật XD Công trình giao thông',9,NULL,NULL),(14,'1094','Công nghệ KT Vật liệu xây dựng',9,NULL,NULL),(15,'1095','Xây dựng đường ôtô & đường TP',9,NULL,NULL),(16,'1096','Xây dựng Cầu - Hầm',9,NULL,NULL),(17,'1081','SPKT Công nghiệp (Điện tử-Tin học)',8,NULL,NULL),(18,'1082','SPKT Công nghiệp (Điện-Điện tử)',8,NULL,NULL),(19,'1181','KTXD & QLDA',13,NULL,NULL),(20,'1182','Quản lý công nghiệp',13,NULL,NULL),(21,'1183','Kinh tế Xây dựng Cầu và đường',13,NULL,NULL),(22,'1184','Kinh tế Xây dựng DD & CN',13,NULL,NULL),(23,'1185','Kinh tế Xây dựng TL & Thủy điện',13,NULL,NULL),(24,'1171','CN Môi trường',12,NULL,NULL),(25,'1172','QL Môi trường',12,NULL,NULL),(26,'1173','Kỹ thuật Môi trường',12,NULL,NULL),(27,'1174','Quản lý Tài nguyên và môi trường',12,NULL,NULL),(28,'1211','Kiến trúc',14,NULL,NULL),(29,'1071','CN Thực phẩm',7,NULL,NULL),(30,'1072','CN Sinh học',7,NULL,NULL),(31,'1073','Kỹ thuật Dầu Khí',7,NULL,NULL),(32,'1074','CN Vật liệu',7,NULL,NULL),(33,'1075','Kỹ thuật Hóa học',7,NULL,NULL),(34,'1077','CN Hóa học Dầu & Khí',7,NULL,NULL),(35,'1061','Điện tử Viễn thông',6,NULL,NULL),(36,'1062','KT Điện tử, truyền thông',6,NULL,NULL),(37,'1051','KT Điện',5,NULL,NULL),(38,'1052','KT Điều khiển & Tự động hóa',5,NULL,NULL),(39,'1053','KT Điện, điện tử',5,NULL,NULL),(40,'1021','CNTT_CNPM',2,NULL,NULL),(41,'1022','CNTT_HTN',2,NULL,NULL),(42,'1023','CNTT_MANG',2,NULL,NULL),(43,'1031','Cơ khí Động lực',3,NULL,NULL),(44,'1032','Kỹ thuật Tàu thủy',3,NULL,NULL),(45,'1033','Kỹ thuật cơ khí',3,NULL,NULL),(46,'1011','CK Chế tạo máy',1,NULL,NULL),(47,'1012','Cơ Điện tử',1,NULL,NULL),(48,'1013','CN Chế tạo máy',1,NULL,NULL),(49,'1041','CN Nhiệt - Điện lạnh',4,NULL,NULL),(50,'1043','KT Năng lượng & Môi trường',4,NULL,NULL),(51,'1044','Kỹ thuật nhiệt',4,NULL,NULL);
/*!40000 ALTER TABLE `nganhs` ENABLE KEYS */;

--
-- Table structure for table `phongs`
--

DROP TABLE IF EXISTS `phongs`;
/*!40101 SET @saved_cs_client     = @@character_set_client */;
/*!40101 SET character_set_client = utf8 */;
CREATE TABLE `phongs` (
  `id` int(11) NOT NULL,
  `maPhong` varchar(45) DEFAULT NULL,
  `tenPhong` varchar(45) DEFAULT NULL,
  `khuVuc` int(11) DEFAULT NULL,
  `soLuongGhe` int(11) DEFAULT NULL,
  `trangThai` varchar(45) DEFAULT NULL,
  `ngayCapNhap` datetime DEFAULT NULL,
  PRIMARY KEY (`id`),
  KEY `fk_phong_khuvuc_idx` (`khuVuc`),
  CONSTRAINT `fk_phong_khuvuc` FOREIGN KEY (`khuVuc`) REFERENCES `khuvucs` (`id`) ON DELETE NO ACTION ON UPDATE NO ACTION
) ENGINE=InnoDB DEFAULT CHARSET=utf8;
/*!40101 SET character_set_client = @saved_cs_client */;

--
-- Dumping data for table `phongs`
--

/*!40000 ALTER TABLE `phongs` DISABLE KEYS */;
INSERT INTO `phongs` VALUES (1,'A126','A126',1,60,'1',NULL),(2,'A127','A127',1,60,'1',NULL),(3,'A135','A135',1,60,'1',NULL),(4,'B102','B102',2,40,'1',NULL),(5,'B103','B103',2,88,'1',NULL),(6,'B110','B110',2,64,'1',NULL),(7,'B111','B111',2,64,'1',NULL),(8,'B201','B201',2,88,'1',NULL),(9,'B203','B203',2,64,'1',NULL),(10,'B204','B204',2,40,'1',NULL),(11,'B207','B207',2,40,'1',NULL),(12,'B208','B208',2,64,'1',NULL),(13,'B209','B209',2,68,'1',NULL),(14,'B210','B210',2,64,'1',NULL),(15,'B211','B211',2,64,'1',NULL),(16,'B301','B301',2,88,'1',NULL),(17,'B303','B303',2,64,'1',NULL),(18,'B304','B304',2,40,'1',NULL),(19,'B305','B305',2,56,'1',NULL),(20,'B306','B306',2,40,'1',NULL),(21,'B307','B307',2,64,'1',NULL),(22,'C121','C121',3,150,'1',NULL),(23,'C202','C202',3,60,'1',NULL),(24,'C301','C301',3,70,'1',NULL),(25,'C302','C302',3,70,'1',NULL),(26,'C303','C303',3,150,'1',NULL),(27,'D101','D101',4,60,'1',NULL),(28,'D103','D103',4,60,'1',NULL),(29,'D105','D105',4,60,'1',NULL),(30,'D106','D106',4,60,'1',NULL),(31,'D111','D111',4,60,'1',NULL),(32,'D207','D207',4,60,'1',NULL),(33,'PTN khu D','PTN khu D',4,60,'1',NULL),(34,'E101','E101',5,140,'1',NULL),(35,'E102','E102',5,140,'1',NULL),(36,'E103','E103',5,84,'1',NULL),(37,'E104','E104',5,120,'1',NULL),(38,'E105','E105',5,120,'1',NULL),(39,'E106','E106',5,96,'1',NULL),(40,'E108','E108',5,96,'1',NULL),(41,'E109','E109',5,84,'1',NULL),(42,'E112','E112',5,68,'1',NULL),(43,'E113','E113',5,84,'1',NULL),(44,'E114','E114',5,84,'1',NULL),(45,'E115','E115',5,84,'1',NULL),(46,'E116','E116',5,72,'1',NULL),(47,'E117','E117',5,96,'1',NULL),(48,'E201','E201',5,144,'1',NULL),(49,'E202','E202',5,144,'1',NULL),(50,'E203','E203',5,84,'1',NULL),(51,'E204','E204',5,120,'1',NULL),(52,'E205','E205',5,64,'1',NULL),(53,'E206','E206',5,64,'1',NULL),(54,'E207','E207',5,64,'1',NULL),(55,'E208','E208',5,64,'1',NULL),(56,'E301','E301',5,120,'1',NULL),(57,'E302','E302',5,64,'1',NULL),(58,'E303','E303',5,72,'1',NULL),(59,'E401','E401',5,72,'1',NULL),(60,'E402','E402',5,72,'1',NULL),(61,'E403','E403',5,72,'1',NULL),(62,'E404','E404',5,72,'1',NULL),(63,'F101','F101',6,88,'1',NULL),(64,'F102','F102',6,88,'1',NULL),(65,'F103','F103',6,88,'1',NULL),(66,'F106','F106',6,88,'1',NULL),(67,'F107','F107',6,88,'1',NULL),(68,'F108','F108',6,88,'1',NULL),(69,'F109','F109',6,88,'1',NULL),(70,'F110','F110',6,180,'1',NULL),(71,'F201','F201',6,88,'1',NULL),(72,'F202','F202',6,88,'1',NULL),(73,'F203','F203',6,88,'1',NULL),(74,'F206','F206',6,88,'1',NULL),(75,'F207','F207',6,88,'1',NULL),(76,'F208','F208',6,88,'1',NULL),(77,'F209','F209',6,88,'1',NULL),(78,'F210','F210',6,180,'1',NULL),(79,'F301','F301',6,88,'1',NULL),(80,'F302','F302',6,88,'1',NULL),(81,'F303','F303',6,88,'1',NULL),(82,'F306','F306',6,88,'1',NULL),(83,'F307','F307',6,88,'1',NULL),(84,'F308','F308',6,88,'1',NULL),(85,'F309','F309',6,88,'1',NULL),(86,'F310','F310',6,180,'1',NULL),(87,'F401','F401',6,88,'1',NULL),(88,'F402','F402',6,88,'1',NULL),(89,'F403','F403',6,88,'1',NULL),(90,'F404','F404',6,56,'1',NULL),(91,'F405','F405',6,88,'1',NULL),(92,'F406','F406',6,88,'1',NULL),(93,'F407','F407',6,88,'1',NULL),(94,'F408','F408',6,88,'1',NULL),(95,'F409','F409',6,180,'1',NULL),(96,'H101','H101',7,72,'1',NULL),(97,'H102','H102',7,32,'1',NULL),(98,'H103','H103',7,72,'1',NULL),(99,'H104','H104',7,72,'1',NULL),(100,'H105','H105',7,72,'1',NULL),(101,'H106','H106',7,72,'1',NULL),(102,'H107','H107',7,72,'1',NULL),(103,'H108','H108',7,72,'1',NULL),(104,'H201','H201',7,72,'1',NULL),(105,'H202','H202',7,72,'1',NULL),(106,'H203','H203',7,72,'1',NULL),(107,'H204','H204',7,72,'1',NULL),(108,'H205','H205',7,104,'1',NULL),(109,'H206','H206',7,104,'1',NULL),(110,'H207','H207',7,72,'1',NULL),(111,'H208','H208',7,72,'1',NULL),(112,'H301','H301',7,72,'1',NULL),(113,'H302','H302',7,72,'1',NULL),(114,'H303','H303',7,72,'1',NULL),(115,'H304','H304',7,72,'1',NULL),(116,'H305','H305',7,72,'1',NULL),(117,'H306','H306',7,72,'1',NULL),(118,'H307','H307',7,72,'1',NULL),(119,'H308','H308',7,72,'1',NULL),(120,'H401','H401',7,104,'1',NULL),(121,'H402','H402',7,104,'1',NULL),(122,'AVL','AVL',8,60,'1',NULL),(123,'C205','C205',3,70,'1',NULL),(124,'C103','C103',3,70,'1',NULL),(125,'C128','C128',3,70,'1',NULL),(126,'C204','C204',3,70,'1',NULL),(127,'C105','C105',3,70,'1',NULL),(128,'C206','C206',3,70,'1',NULL),(129,'C201','C201',3,70,'1',NULL);
/*!40000 ALTER TABLE `phongs` ENABLE KEYS */;

--
-- Table structure for table `phongthietbis`
--

DROP TABLE IF EXISTS `phongthietbis`;
/*!40101 SET @saved_cs_client     = @@character_set_client */;
/*!40101 SET character_set_client = utf8 */;
CREATE TABLE `phongthietbis` (
  `id` int(11) NOT NULL AUTO_INCREMENT,
  `maphong` int(11) DEFAULT NULL,
  `mathietbi` int(11) DEFAULT NULL,
  PRIMARY KEY (`id`),
  KEY `fk_phong_thietbi_idx` (`mathietbi`),
  KEY `fk_phong_phong_idx` (`maphong`),
  CONSTRAINT `fk_phong_phong` FOREIGN KEY (`maphong`) REFERENCES `phongs` (`id`) ON DELETE NO ACTION ON UPDATE NO ACTION,
  CONSTRAINT `fk_phong_thietbi` FOREIGN KEY (`mathietbi`) REFERENCES `thietbis` (`id`) ON DELETE NO ACTION ON UPDATE NO ACTION
) ENGINE=InnoDB DEFAULT CHARSET=utf8;
/*!40101 SET character_set_client = @saved_cs_client */;

--
-- Dumping data for table `phongthietbis`
--

/*!40000 ALTER TABLE `phongthietbis` DISABLE KEYS */;
/*!40000 ALTER TABLE `phongthietbis` ENABLE KEYS */;

--
-- Table structure for table `quyengiangviens`
--

DROP TABLE IF EXISTS `quyengiangviens`;
/*!40101 SET @saved_cs_client     = @@character_set_client */;
/*!40101 SET character_set_client = utf8 */;
CREATE TABLE `quyengiangviens` (
  `id` int(11) NOT NULL AUTO_INCREMENT,
  `maquyen` int(11) DEFAULT NULL,
  `magiangvien` int(11) DEFAULT NULL,
  PRIMARY KEY (`id`),
  KEY `fk_quyen_giangvien_idx` (`magiangvien`),
  KEY `fk_quyen_quyen_idx` (`maquyen`),
  CONSTRAINT `fk_quyen_giangvien` FOREIGN KEY (`magiangvien`) REFERENCES `users` (`id`) ON DELETE NO ACTION ON UPDATE NO ACTION,
  CONSTRAINT `fk_quyen_quyen` FOREIGN KEY (`maquyen`) REFERENCES `quyens` (`id`) ON DELETE NO ACTION ON UPDATE NO ACTION
) ENGINE=InnoDB AUTO_INCREMENT=320 DEFAULT CHARSET=utf8;
/*!40101 SET character_set_client = @saved_cs_client */;

--
-- Dumping data for table `quyengiangviens`
--

/*!40000 ALTER TABLE `quyengiangviens` DISABLE KEYS */;
INSERT INTO `quyengiangviens` VALUES (1,3,1),(2,3,2),(3,3,3),(4,3,4),(5,3,5),(6,3,6),(7,3,7),(8,3,8),(9,3,9),(10,3,10),(11,3,11),(12,3,12),(13,3,13),(14,3,14),(15,3,15),(16,3,16),(17,3,17),(18,3,18),(19,3,19),(20,3,20),(21,3,21),(22,3,22),(23,3,23),(24,3,24),(25,3,25),(26,3,26),(27,3,27),(28,3,28),(29,3,29),(30,3,30),(31,3,31),(32,3,32),(33,3,33),(34,3,34),(35,3,35),(36,3,36),(37,3,37),(38,3,38),(39,3,39),(40,3,40),(41,3,41),(42,3,42),(43,3,43),(44,3,44),(45,3,45),(46,3,46),(47,3,47),(48,3,48),(49,3,49),(50,3,50),(51,3,51),(52,3,52),(53,3,53),(54,3,54),(55,3,55),(56,3,56),(57,3,57),(58,3,58),(59,3,59),(60,3,60),(61,3,61),(62,3,62),(63,3,63),(64,3,64),(65,3,65),(66,3,66),(67,3,67),(68,3,68),(69,3,69),(70,3,70),(71,3,71),(72,3,72),(73,3,73),(74,3,74),(75,3,75),(76,3,76),(77,3,77),(78,3,78),(79,3,79),(80,3,80),(81,3,81),(82,3,82),(83,3,83),(84,3,84),(85,3,85),(86,3,86),(87,3,87),(88,3,88),(89,3,89),(90,3,90),(91,3,91),(92,3,92),(93,3,93),(94,3,94),(95,3,95),(96,3,96),(97,3,97),(98,3,98),(99,3,99),(100,3,100),(101,3,101),(102,3,102),(103,3,103),(104,3,104),(105,3,105),(106,3,106),(107,3,107),(108,3,108),(109,3,109),(110,3,110),(111,3,111),(112,3,112),(113,3,113),(114,3,114),(115,3,115),(116,3,116),(117,3,117),(118,3,118),(119,3,119),(120,3,120),(121,3,121),(122,3,122),(123,3,123),(124,3,124),(125,3,125),(126,3,126),(127,3,127),(128,3,128),(129,3,129),(130,3,130),(131,3,131),(132,3,132),(133,3,133),(134,3,134),(135,3,135),(136,3,136),(137,3,137),(138,3,138),(139,3,139),(140,3,140),(141,3,141),(142,3,142),(143,3,143),(144,3,144),(145,3,145),(146,3,146),(147,3,147),(148,3,148),(149,3,149),(150,3,150),(151,3,151),(152,3,152),(153,3,153),(154,3,154),(155,3,155),(156,3,156),(157,3,157),(158,3,158),(159,3,159),(160,3,160),(161,3,161),(162,3,162),(163,3,163),(164,3,164),(165,3,165),(166,3,166),(167,3,167),(168,3,168),(169,3,169),(170,3,170),(171,3,171),(172,3,172),(173,3,173),(174,3,174),(175,3,175),(176,3,176),(177,3,177),(178,3,178),(179,3,179),(180,3,180),(181,3,181),(182,3,182),(183,3,183),(184,3,184),(185,3,185),(186,3,186),(187,3,187),(188,3,188),(189,3,189),(190,3,190),(191,3,191),(192,3,192),(193,3,193),(194,3,194),(195,3,195),(196,3,196),(197,3,197),(198,3,198),(199,3,199),(200,3,200),(201,3,201),(202,3,202),(203,3,203),(204,3,204),(205,3,205),(206,3,206),(207,3,207),(208,3,208),(209,3,209),(210,3,210),(211,3,211),(212,3,212),(213,3,213),(214,3,214),(215,3,215),(216,3,216),(217,3,217),(218,3,218),(219,3,219),(220,3,220),(221,3,221),(222,3,222),(223,3,223),(224,3,224),(225,3,225),(226,3,226),(227,3,227),(228,3,228),(229,3,229),(230,3,230),(231,3,231),(232,3,232),(233,3,233),(234,3,234),(235,3,235),(236,3,236),(237,3,237),(238,3,238),(239,3,239),(240,3,240),(241,3,241),(242,3,242),(243,3,243),(244,3,244),(245,3,245),(246,3,246),(247,3,247),(248,3,248),(249,3,249),(250,3,250),(251,3,251),(252,3,252),(253,3,253),(254,3,254),(255,3,255),(256,3,256),(257,3,257),(258,3,258),(259,3,259),(260,3,260),(261,3,261),(262,3,262),(263,3,263),(264,3,264),(265,3,265),(266,3,266),(267,3,267),(268,3,268),(269,3,269),(270,3,270),(271,3,271),(272,3,272),(273,3,273),(274,3,274),(275,3,275),(276,3,276),(277,3,277),(278,3,278),(279,3,279),(280,3,280),(281,3,281),(282,3,282),(283,3,283),(284,3,284),(285,3,285),(286,3,286),(287,3,287),(288,3,288),(289,3,289),(290,3,290),(291,3,291),(292,3,292),(293,3,293),(294,3,294),(295,3,295),(296,3,296),(297,3,297),(298,3,298),(299,3,299),(300,3,300),(301,3,301),(302,3,302),(303,3,303),(304,3,304),(305,3,305),(306,3,306),(307,3,307),(308,3,308),(309,3,309),(310,3,310),(311,3,311),(312,3,312),(313,3,313),(314,3,314),(315,3,315),(316,3,316),(317,3,317),(318,3,318),(319,2,59);
/*!40000 ALTER TABLE `quyengiangviens` ENABLE KEYS */;

--
-- Table structure for table `quyens`
--

DROP TABLE IF EXISTS `quyens`;
/*!40101 SET @saved_cs_client     = @@character_set_client */;
/*!40101 SET character_set_client = utf8 */;
CREATE TABLE `quyens` (
  `id` int(11) NOT NULL AUTO_INCREMENT,
  `maquyen` varchar(45) DEFAULT NULL,
  `mota` varchar(45) DEFAULT NULL,
  PRIMARY KEY (`id`)
) ENGINE=InnoDB AUTO_INCREMENT=5 DEFAULT CHARSET=utf8;
/*!40101 SET character_set_client = @saved_cs_client */;

--
-- Dumping data for table `quyens`
--

/*!40000 ALTER TABLE `quyens` DISABLE KEYS */;
INSERT INTO `quyens` VALUES (1,'Admin',NULL),(2,'GiaoVu',NULL),(3,'Giangvien',NULL),(4,'User',NULL);
/*!40000 ALTER TABLE `quyens` ENABLE KEYS */;

--
-- Table structure for table `thietbis`
--

DROP TABLE IF EXISTS `thietbis`;
/*!40101 SET @saved_cs_client     = @@character_set_client */;
/*!40101 SET character_set_client = utf8 */;
CREATE TABLE `thietbis` (
  `id` int(11) NOT NULL,
  `mathietbi` varchar(45) DEFAULT NULL,
  `tenThietbi` varchar(45) DEFAULT NULL,
  `loaiThietbi` int(11) DEFAULT NULL,
  `ngayCapNhap` datetime DEFAULT NULL,
  `trangThai` int(11) DEFAULT NULL,
  PRIMARY KEY (`id`),
  KEY `fk_thietbi_loai_idx` (`loaiThietbi`),
  CONSTRAINT `fk_thietbi_loai` FOREIGN KEY (`loaiThietbi`) REFERENCES `loaithietbis` (`id`) ON DELETE NO ACTION ON UPDATE NO ACTION
) ENGINE=InnoDB DEFAULT CHARSET=utf8;
/*!40101 SET character_set_client = @saved_cs_client */;

--
-- Dumping data for table `thietbis`
--

/*!40000 ALTER TABLE `thietbis` DISABLE KEYS */;
/*!40000 ALTER TABLE `thietbis` ENABLE KEYS */;

--
-- Table structure for table `thongbaos`
--

DROP TABLE IF EXISTS `thongbaos`;
/*!40101 SET @saved_cs_client     = @@character_set_client */;
/*!40101 SET character_set_client = utf8 */;
CREATE TABLE `thongbaos` (
  `id` int(11) NOT NULL AUTO_INCREMENT,
  `tieude` text,
  `noidung` text,
  `nguoidang` int(11) DEFAULT NULL,
  `ngaydang` datetime DEFAULT NULL,
  `ngayCapnhap` datetime DEFAULT NULL,
  PRIMARY KEY (`id`),
  KEY `fk_thongbao_giangvien_idx` (`nguoidang`),
  CONSTRAINT `fk_thongbao_giangvien` FOREIGN KEY (`nguoidang`) REFERENCES `giangviens` (`id`) ON DELETE NO ACTION ON UPDATE NO ACTION
) ENGINE=InnoDB AUTO_INCREMENT=9 DEFAULT CHARSET=utf8;
/*!40101 SET character_set_client = @saved_cs_client */;

--
-- Dumping data for table `thongbaos`
--

/*!40000 ALTER TABLE `thongbaos` DISABLE KEYS */;
INSERT INTO `thongbaos` VALUES (1,'Giải thích về sự thay đổi số lượng SV các lớp học phần, liên quan tính giờ quy đổi','- Số lượng sinh viên của lớp học phần có thể thay đổi so với số lượng đầu học kỳ, do: SV rút học phần hoặc đăng ký bổ sung vào lớp (ở nửa đầu tuần 3), SV bị buộc thôi học do học kém ở các kỳ trước (kết luận học vụ ngày 9/10/2014). Số liệu từ ngày 10/10/2014 là số liệu chính xác; - Liên quan đến tính giờ giảng quy đổi: Giáo vụ khoa sẽ phân bổ (thực hiện bằng website) số SV làm đồ án môn học, ĐATN, thực tập cho GV trực tiếp phụ trách. Nếu cần phản hồi, Thầy/Cô sử dụng chức năng \"Góp ý-Thắc mắc\".',59,'2014-10-09 00:00:00',NULL),(2,'Lưu ý không lưu thông tin trong khoảng thời gian từ 23h ngày 29/9 đến 04h ngày 30/9/2014','- Lưu ý: Trong khoảng thời gian từ 23h ngày 29/9 đến 4h ngày 30/9/2014 nhà cung cấp dịch vụ mạng cho Trường sẽ nâng cấp hệ thống mạng nên có thể có sự gián đoạn truy cập website này. PĐT kính đề nghị Thầy/Cô trong thời gian này KHÔNG thực hiện các thao tác lưu thông tin vào máy chủ (như nhập điểm, báo nghỉ, báo dạy bù, thay đổi thông tin nhân thân/mật khẩu) để đảm bảo an toàn dữ liệu tuyệt đối.',59,'2014-09-29 00:00:00',NULL),(3,'Lưu ý về việc đăng ký sử dụng phòng học ngày thứ Bảy, Chủ nhật','- Kính đề nghị thầy cô lưu ý về việc đăng ký dạy bù vào ngày thứ Bảy và Chủ nhật:     + Chỉ sử dụng phòng học khu F, H. Trước hết tìm phòng học khu F, nếu hết phòng học khu F thì mới sử dụng phòng ở khu H;     + Đăng ký trước 15h ngày thứ Năm của tuần có ngày thứ Bảy/Chủ nhật dạy bù để phòng HCTH có thể sắp xếp nhân lực phục vụ ngoài giờ.',59,'2014-09-08 00:00:00',NULL),(4,'Bổ sung chức năng ở website','- Các thầy/cô lưu ý: Từ ngày 28/8/2014, website http:/tinchi.dut.udn.vn/gv  đã được bổ sung chức năng phát sinh thông báo cho sinh viên theo logic như sau:     + Khi thầy/cô báo nghỉ, website này sẽ phát sinh thông báo bên website http:/tinchi.dut.udn.vn (ở Tab \"TB đến lớp học phần) với tiêu đề có dạng \"Thông báo đến lớp: [......] ........\" và nội dung có dạng \"Thầy/Cô nhắn: Lớp NGHỈ HỌC ngày......\". Nếu sau đó Thầy/Cô hủy báo nghỉ thì thông báo sẽ mất;      + Tương tự, khi thầy/cô báo dạy bù, website này sẽ phát sinh thông báo bên website http:/tinchi.dut.udn.vn với tiêu đề có dạng \"Thông báo đến lớp: [....].......\" và nội dung có dạng \"Thầy/Cô nhắn: Lớp HỌC BÙ ngày ......, tiết ..... tại phòng ....\". Nếu sau đó Thầy/Cô hủy báo dạy bù thì thông báo sẽ mất;',59,'2014-08-27 00:00:00',NULL),(5,'Nghỉ lễ 2/9','- Nghỉ lễ 2/9/2014: Trường thông báo nghỉ 4 ngày từ ngày thứ Bảy 30/8 đến hết ngày thứ Ba 2/9/2014. Toàn trường dạy/học bù như sau:       + Ngày 07/09 (Chủ nhật): dạy và học bù cho ngày thứ Hai 01/09/2014;      + Sáng 14/09 (Chủ nhật): dạy và học bù cho sáng thứ Bảy 30/08/2014;      + Thầy cô có giờ dạy vào sáng thứ Bảy 30/8 và ngày thứ Hai 01/09 thì không cần báo nghỉ các ngày này, không cần báo dạy bù vào ngày CN 07/09 và sáng 14/09. Thầy cô nào không thể dạy bù vào ngày CN 07/09, sáng CN 14/09 thì thầy cô đăng ký bù vào buổi khác. - Lưu ý: Kiểm tra \"Anh văn đầu vào\" sáng ngày 30/8/2014 vẫn thực hiện bình thường.',59,'2014-08-25 00:00:00',NULL),(6,'Bổ sung chức năng website','- Từ học kỳ hè 2014, website có thêm các chức năng: đăng ký sử dụng máy chiếu, quản lý (xem tình trạng/ thống kê sử dụng/ kiểm soát sử dụng) phòng học, tìm thời gian trống của sinh viên trong lớp học phần.',59,'2014-08-15 00:00:00',NULL),(7,'Kế hoạch năm học 2014-2015 của các khóa','- Kế hoạch năm học 2014-2015 của khóa: 2010, 2011, 2012, 2013, 2014, hệ VLVH.',59,'2014-06-24 00:00:00',NULL),(8,'Lưu ý liên quan đến cập nhật website','Các thầy cô lưu ý: Do Phòng Đào tạo liên tục cập nhật website này nên để đảm bảo các chức năng của website được thực thi đúng, đề nghị các thầy cô: trước khi đăng nhập nhấn phím tổ hợp Ctrl+F5.',59,'2014-04-08 00:00:00',NULL);
/*!40000 ALTER TABLE `thongbaos` ENABLE KEYS */;

--
-- Table structure for table `tuanhocs`
--

DROP TABLE IF EXISTS `tuanhocs`;
/*!40101 SET @saved_cs_client     = @@character_set_client */;
/*!40101 SET character_set_client = utf8 */;
CREATE TABLE `tuanhocs` (
  `id` int(11) NOT NULL AUTO_INCREMENT,
  `tuan` int(11) DEFAULT NULL,
  `ngaybatdau` date DEFAULT NULL,
  `ngaykethuc` date DEFAULT NULL,
  `update` datetime DEFAULT NULL,
  PRIMARY KEY (`id`)
) ENGINE=InnoDB AUTO_INCREMENT=53 DEFAULT CHARSET=utf8;
/*!40101 SET character_set_client = @saved_cs_client */;

--
-- Dumping data for table `tuanhocs`
--

/*!40000 ALTER TABLE `tuanhocs` DISABLE KEYS */;
INSERT INTO `tuanhocs` VALUES (1,1,'2014-08-11','2014-08-17',NULL),(2,2,'2014-08-18','2014-08-24',NULL),(3,3,'2014-08-25','2014-08-31',NULL),(4,4,'2014-09-01','2014-09-07',NULL),(5,5,'2014-09-08','2014-09-14',NULL),(6,6,'2014-09-15','2014-09-21',NULL),(7,7,'2014-09-22','2014-09-28',NULL),(8,8,'2014-09-29','2014-10-05',NULL),(9,9,'2014-10-06','2014-10-12',NULL),(10,10,'2014-10-13','2014-10-19',NULL),(11,11,'2014-10-20','2014-10-26',NULL),(12,12,'2014-10-27','2014-11-02',NULL),(13,13,'2014-11-03','2014-11-09',NULL),(14,14,'2014-11-10','2014-11-16',NULL),(15,15,'2014-11-17','2014-11-23',NULL),(16,16,'2014-11-24','2014-11-30',NULL),(17,17,'2014-12-01','2014-12-07',NULL),(18,18,'2014-12-08','2014-12-14',NULL),(19,19,'2014-12-15','2014-12-21',NULL),(20,20,'2014-12-22','2014-12-28',NULL),(21,21,'2014-12-29','2015-01-04',NULL),(22,22,'2015-01-05','2015-01-11',NULL),(23,23,'2015-01-12','2015-01-18',NULL),(24,24,'2015-01-19','2015-01-25',NULL),(25,25,'2015-01-26','2015-02-01',NULL),(26,26,'2015-02-02','2015-02-08',NULL),(27,27,'2015-02-09','2015-02-15',NULL),(28,28,'2015-02-16','2015-02-22',NULL),(29,29,'2015-02-23','2015-03-01',NULL),(30,30,'2015-03-02','2015-03-08',NULL),(31,31,'2015-03-09','2015-03-15',NULL),(32,32,'2015-03-16','2015-03-22',NULL),(33,33,'2015-03-23','2015-03-29',NULL),(34,34,'2015-03-30','2015-04-05',NULL),(35,35,'2015-04-06','2015-04-12',NULL),(36,36,'2015-04-13','2015-04-19',NULL),(37,37,'2015-04-20','2015-04-26',NULL),(38,38,'2015-04-27','2015-05-03',NULL),(39,39,'2015-05-04','2015-05-10',NULL),(40,40,'2015-05-11','2015-05-17',NULL),(41,41,'2015-05-18','2015-05-24',NULL),(42,42,'2015-05-25','2015-05-31',NULL),(43,43,'2015-06-01','2015-06-07',NULL),(44,44,'2015-06-08','2015-06-14',NULL),(45,45,'2015-06-15','2015-06-21',NULL),(46,46,'2015-06-22','2015-06-28',NULL),(47,47,'2015-06-29','2015-07-05',NULL),(48,48,'2015-07-06','2015-07-12',NULL),(49,49,'2015-07-13','2015-07-19',NULL),(50,50,'2015-07-20','2015-07-26',NULL),(51,51,'2015-07-27','2015-08-02',NULL),(52,52,'2015-08-03','2015-08-09',NULL);
/*!40000 ALTER TABLE `tuanhocs` ENABLE KEYS */;

--
-- Table structure for table `users`
--

DROP TABLE IF EXISTS `users`;
/*!40101 SET @saved_cs_client     = @@character_set_client */;
/*!40101 SET character_set_client = utf8 */;
CREATE TABLE `users` (
  `id` int(11) NOT NULL AUTO_INCREMENT,
  `maGiangvien` varchar(45) NOT NULL,
  `matKhau` varchar(128) DEFAULT NULL,
  `ngayTao` datetime DEFAULT NULL,
  `ngaycapnhap` datetime DEFAULT NULL,
  `status` int(11) NOT NULL DEFAULT '1',
  PRIMARY KEY (`id`,`maGiangvien`),
  CONSTRAINT `fk_user_giangvien` FOREIGN KEY (`id`) REFERENCES `giangviens` (`id`) ON DELETE NO ACTION ON UPDATE NO ACTION
) ENGINE=InnoDB AUTO_INCREMENT=319 DEFAULT CHARSET=utf8;
/*!40101 SET character_set_client = @saved_cs_client */;

--
-- Dumping data for table `users`
--

/*!40000 ALTER TABLE `users` DISABLE KEYS */;
INSERT INTO `users` VALUES (1,'118ducma','d76b3834815cce724f0a735801b8e67655a8b073',NULL,NULL,1),(2,'105nguyentunglam','d76b3834815cce724f0a735801b8e67655a8b073',NULL,NULL,1),(3,'109nlan','d76b3834815cce724f0a735801b8e67655a8b073',NULL,NULL,1),(4,'107ntlan_bk','d76b3834815cce724f0a735801b8e67655a8b073',NULL,NULL,1),(5,'119taminhbao','d76b3834815cce724f0a735801b8e67655a8b073',NULL,NULL,1),(6,'109vohailang','d76b3834815cce724f0a735801b8e67655a8b073',NULL,NULL,1),(7,'109doanvietle','d76b3834815cce724f0a735801b8e67655a8b073',NULL,NULL,1),(8,'109ctlinh','d76b3834815cce724f0a735801b8e67655a8b073',NULL,NULL,1),(9,'110khanhlinhmxd','d76b3834815cce724f0a735801b8e67655a8b073',NULL,NULL,1),(10,'107dttloan','d76b3834815cce724f0a735801b8e67655a8b073',NULL,NULL,1),(11,'108nguyenkimloan','d76b3834815cce724f0a735801b8e67655a8b073',NULL,NULL,1),(12,'118paduc','d76b3834815cce724f0a735801b8e67655a8b073',NULL,NULL,1),(13,'107loanntt','d76b3834815cce724f0a735801b8e67655a8b073',NULL,NULL,1),(14,'115phamkimloan','d76b3834815cce724f0a735801b8e67655a8b073',NULL,NULL,1),(15,'111nguyenthiloc','d76b3834815cce724f0a735801b8e67655a8b073',NULL,NULL,1),(16,'110pbloc','d76b3834815cce724f0a735801b8e67655a8b073',NULL,NULL,1),(17,'101ldbinh','d76b3834815cce724f0a735801b8e67655a8b073',NULL,NULL,1),(18,'105Btloi','d76b3834815cce724f0a735801b8e67655a8b073',NULL,NULL,1),(19,'103btvlong','d76b3834815cce724f0a735801b8e67655a8b073',NULL,NULL,1),(20,'107ddlong','d76b3834815cce724f0a735801b8e67655a8b073',NULL,NULL,1),(21,'102dblu','d76b3834815cce724f0a735801b8e67655a8b073',NULL,NULL,1),(22,'103tvluan','d76b3834815cce724f0a735801b8e67655a8b073',NULL,NULL,1),(23,'109pnduc','d76b3834815cce724f0a735801b8e67655a8b073',NULL,NULL,1),(24,'101ndluc','d76b3834815cce724f0a735801b8e67655a8b073',NULL,NULL,1),(25,'105Ngtluc','d76b3834815cce724f0a735801b8e67655a8b073',NULL,NULL,1),(26,'111nguyencongluyen','d76b3834815cce724f0a735801b8e67655a8b073',NULL,NULL,1),(27,'114hvly','d76b3834815cce724f0a735801b8e67655a8b073',NULL,NULL,1),(28,'102ntxly','d76b3834815cce724f0a735801b8e67655a8b073',NULL,NULL,1),(29,'110nguyenngocbinh','d76b3834815cce724f0a735801b8e67655a8b073',NULL,NULL,1),(30,'118nthly','d76b3834815cce724f0a735801b8e67655a8b073',NULL,NULL,1),(31,'106lethiphuongmai','d76b3834815cce724f0a735801b8e67655a8b073',NULL,NULL,1),(32,'105nhmai','d76b3834815cce724f0a735801b8e67655a8b073',NULL,NULL,1),(33,'117tranvuchimai','d76b3834815cce724f0a735801b8e67655a8b073',NULL,NULL,1),(34,'105ttmdung','d76b3834815cce724f0a735801b8e67655a8b073',NULL,NULL,1),(35,'117hvminh','d76b3834815cce724f0a735801b8e67655a8b073',NULL,NULL,1),(36,'106macnhuminh','d76b3834815cce724f0a735801b8e67655a8b073',NULL,NULL,1),(37,'107nguyenhoangminh','d76b3834815cce724f0a735801b8e67655a8b073',NULL,NULL,1),(38,'103nguyenvanminh','d76b3834815cce724f0a735801b8e67655a8b073',NULL,NULL,1),(39,'109tdminh','d76b3834815cce724f0a735801b8e67655a8b073',NULL,NULL,1),(40,'106vtminh','d76b3834815cce724f0a735801b8e67655a8b073',NULL,NULL,1),(41,'102nguyenthanhbinh','d76b3834815cce724f0a735801b8e67655a8b073',NULL,NULL,1),(42,'109nvmy','d76b3834815cce724f0a735801b8e67655a8b073',NULL,NULL,1),(43,'110phammy','d76b3834815cce724f0a735801b8e67655a8b073',NULL,NULL,1),(44,'109hpnam','d76b3834815cce724f0a735801b8e67655a8b073',NULL,NULL,1),(45,'108nvtan','d76b3834815cce724f0a735801b8e67655a8b073',NULL,NULL,1),(46,'101lehoainam','d76b3834815cce724f0a735801b8e67655a8b073',NULL,NULL,1),(47,'106lehongnam','d76b3834815cce724f0a735801b8e67655a8b073',NULL,NULL,1),(48,'105nguyenbinhnam','d76b3834815cce724f0a735801b8e67655a8b073',NULL,NULL,1),(49,'120ntnam','d76b3834815cce724f0a735801b8e67655a8b073',NULL,NULL,1),(50,'107pcnam','d76b3834815cce724f0a735801b8e67655a8b073',NULL,NULL,1),(51,'109phnam','d76b3834815cce724f0a735801b8e67655a8b073',NULL,NULL,1),(52,'111ttnga','d76b3834815cce724f0a735801b8e67655a8b073',NULL,NULL,1),(53,'107thbnguyen','d76b3834815cce724f0a735801b8e67655a8b073',NULL,NULL,1),(54,'101ngothanhnghi','d76b3834815cce724f0a735801b8e67655a8b073',NULL,NULL,1),(55,'103ddnghia','d76b3834815cce724f0a735801b8e67655a8b073',NULL,NULL,1),(56,'103dvdung','d76b3834815cce724f0a735801b8e67655a8b073',NULL,NULL,1),(57,'109phamvanngoc','d76b3834815cce724f0a735801b8e67655a8b073',NULL,NULL,1),(58,'121lpnguyen','d76b3834815cce724f0a735801b8e67655a8b073',NULL,NULL,1),(59,'102nvnguyen','d76b3834815cce724f0a735801b8e67655a8b073',NULL,NULL,1),(60,'121panguyen','d76b3834815cce724f0a735801b8e67655a8b073',NULL,NULL,1),(61,'107ntmnguyet','d76b3834815cce724f0a735801b8e67655a8b073',NULL,NULL,1),(62,'101nptnhan','d76b3834815cce724f0a735801b8e67655a8b073',NULL,NULL,1),(63,'107dmnhat','d76b3834815cce724f0a735801b8e67655a8b073',NULL,NULL,1),(64,'104hhqnhu','d76b3834815cce724f0a735801b8e67655a8b073',NULL,NULL,1),(65,'118ttbinh','d76b3834815cce724f0a735801b8e67655a8b073',NULL,NULL,1),(66,'102ttnini','d76b3834815cce724f0a735801b8e67655a8b073',NULL,NULL,1),(67,'105letiendung','d76b3834815cce724f0a735801b8e67655a8b073',NULL,NULL,1),(68,'113ltkoanh','d76b3834815cce724f0a735801b8e67655a8b073',NULL,NULL,1),(69,'108thphong','d76b3834815cce724f0a735801b8e67655a8b073',NULL,NULL,1),(70,'111phuongdtk','d76b3834815cce724f0a735801b8e67655a8b073',NULL,NULL,1),(71,'105phuongnhv','d76b3834815cce724f0a735801b8e67655a8b073',NULL,NULL,1),(72,'117nlphuong','d76b3834815cce724f0a735801b8e67655a8b073',NULL,NULL,1),(73,'109pnphuong','d76b3834815cce724f0a735801b8e67655a8b073',NULL,NULL,1),(74,'117ttmphuong','d76b3834815cce724f0a735801b8e67655a8b073',NULL,NULL,1),(75,'109dothiphuong','d76b3834815cce724f0a735801b8e67655a8b073',NULL,NULL,1),(76,'105dmquan','d76b3834815cce724f0a735801b8e67655a8b073',NULL,NULL,1),(77,'117ngphquyan','d76b3834815cce724f0a735801b8e67655a8b073',NULL,NULL,1),(78,'111dungngovan','d76b3834815cce724f0a735801b8e67655a8b073',NULL,NULL,1),(79,'117ndqchanh','d76b3834815cce724f0a735801b8e67655a8b073',NULL,NULL,1),(80,'103phquan','d76b3834815cce724f0a735801b8e67655a8b073',NULL,NULL,1),(81,'101duongtanquang','d76b3834815cce724f0a735801b8e67655a8b073',NULL,NULL,1),(82,'110lexuanquang','d76b3834815cce724f0a735801b8e67655a8b073',NULL,NULL,1),(83,'109nguyenvanquang','d76b3834815cce724f0a735801b8e67655a8b073',NULL,NULL,1),(84,'108phanngocquang','d76b3834815cce724f0a735801b8e67655a8b073',NULL,NULL,1),(85,'121tdquang','d76b3834815cce724f0a735801b8e67655a8b073',NULL,NULL,1),(86,'117tvquang','d76b3834815cce724f0a735801b8e67655a8b073',NULL,NULL,1),(87,'117hhquyen','d76b3834815cce724f0a735801b8e67655a8b073',NULL,NULL,1),(88,'109nvtron','d76b3834815cce724f0a735801b8e67655a8b073',NULL,NULL,1),(89,'109nguyentiendung','d76b3834815cce724f0a735801b8e67655a8b073',NULL,NULL,1),(90,'101tmsang','d76b3834815cce724f0a735801b8e67655a8b073',NULL,NULL,1),(91,'109ldchau','d76b3834815cce724f0a735801b8e67655a8b073',NULL,NULL,1),(92,'117lehoangson','d76b3834815cce724f0a735801b8e67655a8b073',NULL,NULL,1),(93,'121lmson','d76b3834815cce724f0a735801b8e67655a8b073',NULL,NULL,1),(94,'108ndson','d76b3834815cce724f0a735801b8e67655a8b073',NULL,NULL,1),(95,'111phamkimson','d76b3834815cce724f0a735801b8e67655a8b073',NULL,NULL,1),(96,'107ptson','d76b3834815cce724f0a735801b8e67655a8b073',NULL,NULL,1),(97,'104tnson','d76b3834815cce724f0a735801b8e67655a8b073',NULL,NULL,1),(98,'104ttson','d76b3834815cce724f0a735801b8e67655a8b073',NULL,NULL,1),(99,'105voquangson','d76b3834815cce724f0a735801b8e67655a8b073',NULL,NULL,1),(100,'107ngvdung','d76b3834815cce724f0a735801b8e67655a8b073',NULL,NULL,1),(101,'108nguyenducsy','d76b3834815cce724f0a735801b8e67655a8b073',NULL,NULL,1),(102,'109phanductam','d76b3834815cce724f0a735801b8e67655a8b073',NULL,NULL,1),(103,'102truongngocchau','d76b3834815cce724f0a735801b8e67655a8b073',NULL,NULL,1),(104,'121tvtam','d76b3834815cce724f0a735801b8e67655a8b073',NULL,NULL,1),(105,'105nqtan','d76b3834815cce724f0a735801b8e67655a8b073',NULL,NULL,1),(106,'111ndthach','d76b3834815cce724f0a735801b8e67655a8b073',NULL,NULL,1),(107,'103pqthai','d76b3834815cce724f0a735801b8e67655a8b073',NULL,NULL,1),(108,'102dangduythang','d76b3834815cce724f0a735801b8e67655a8b073',NULL,NULL,1),(109,'107hoviethang','d76b3834815cce724f0a735801b8e67655a8b073',NULL,NULL,1),(110,'106hvthang','d76b3834815cce724f0a735801b8e67655a8b073',NULL,NULL,1),(111,'117hoangngocan','d76b3834815cce724f0a735801b8e67655a8b073',NULL,NULL,1),(112,'105phamcongdung','d76b3834815cce724f0a735801b8e67655a8b073',NULL,NULL,1),(113,'115pmthang','d76b3834815cce724f0a735801b8e67655a8b073',NULL,NULL,1),(114,'105ndthanh','d76b3834815cce724f0a735801b8e67655a8b073',NULL,NULL,1),(115,'104pthanh','d76b3834815cce724f0a735801b8e67655a8b073',NULL,NULL,1),(116,'110tranthixuanthanh','d76b3834815cce724f0a735801b8e67655a8b073',NULL,NULL,1),(117,'105ttbichthanh','d76b3834815cce724f0a735801b8e67655a8b073',NULL,NULL,1),(118,'106vuvanthanh','d76b3834815cce724f0a735801b8e67655a8b073',NULL,NULL,1),(119,'108lvthanh','d76b3834815cce724f0a735801b8e67655a8b073',NULL,NULL,1),(120,'101vonhuthanh','d76b3834815cce724f0a735801b8e67655a8b073',NULL,NULL,1),(121,'101hoangvanthanh','d76b3834815cce724f0a735801b8e67655a8b073',NULL,NULL,1),(122,'109npqduy','d76b3834815cce724f0a735801b8e67655a8b073',NULL,NULL,1),(123,'110dinhnhuthao','d76b3834815cce724f0a735801b8e67655a8b073',NULL,NULL,1),(124,'111lvthao','d76b3834815cce724f0a735801b8e67655a8b073',NULL,NULL,1),(125,'109ndthao','d76b3834815cce724f0a735801b8e67655a8b073',NULL,NULL,1),(126,'109tttthao','d76b3834815cce724f0a735801b8e67655a8b073',NULL,NULL,1),(127,'122vothihoangchau','d76b3834815cce724f0a735801b8e67655a8b073',NULL,NULL,1),(128,'110tqthinh','d76b3834815cce724f0a735801b8e67655a8b073',NULL,NULL,1),(129,'117phamthikimthoa','d76b3834815cce724f0a735801b8e67655a8b073',NULL,NULL,1),(130,'103ntthua','d76b3834815cce724f0a735801b8e67655a8b073',NULL,NULL,1),(131,'110dcthuat','d76b3834815cce724f0a735801b8e67655a8b073',NULL,NULL,1),(132,'102nkduy','d76b3834815cce724f0a735801b8e67655a8b073',NULL,NULL,1),(133,'117pnthuc','d76b3834815cce724f0a735801b8e67655a8b073',NULL,NULL,1),(134,'106hluthuc','d76b3834815cce724f0a735801b8e67655a8b073',NULL,NULL,1),(135,'117lethixuanthuy','d76b3834815cce724f0a735801b8e67655a8b073',NULL,NULL,1),(136,'117phanthikimthuy','d76b3834815cce724f0a735801b8e67655a8b073',NULL,NULL,1),(137,'102tranhothuytien','d76b3834815cce724f0a735801b8e67655a8b073',NULL,NULL,1),(138,'106ttchien','d76b3834815cce724f0a735801b8e67655a8b073',NULL,NULL,1),(139,'106hptien','d76b3834815cce724f0a735801b8e67655a8b073',NULL,NULL,1),(140,'119httien','d76b3834815cce724f0a735801b8e67655a8b073',NULL,NULL,1),(141,'115nttien','d76b3834815cce724f0a735801b8e67655a8b073',NULL,NULL,1),(142,'106tientv','d76b3834815cce724f0a735801b8e67655a8b073',NULL,NULL,1),(143,'104ltcduyen','d76b3834815cce724f0a735801b8e67655a8b073',NULL,NULL,1),(144,'109ntin','d76b3834815cce724f0a735801b8e67655a8b073',NULL,NULL,1),(145,'111vuthitinh','d76b3834815cce724f0a735801b8e67655a8b073',NULL,NULL,1),(146,'105Tvtinh','d76b3834815cce724f0a735801b8e67655a8b073',NULL,NULL,1),(147,'110lekhanhtoan','d76b3834815cce724f0a735801b8e67655a8b073',NULL,NULL,1),(148,'109nxtoan','d76b3834815cce724f0a735801b8e67655a8b073',NULL,NULL,1),(149,'107llttram','d76b3834815cce724f0a735801b8e67655a8b073',NULL,NULL,1),(150,'108chientb','d76b3834815cce724f0a735801b8e67655a8b073',NULL,NULL,1),(151,'118pttrang','d76b3834815cce724f0a735801b8e67655a8b073',NULL,NULL,1),(152,'121vpmtrang','d76b3834815cce724f0a735801b8e67655a8b073',NULL,NULL,1),(153,'118nntri','d76b3834815cce724f0a735801b8e67655a8b073',NULL,NULL,1),(154,'118bntha','d76b3834815cce724f0a735801b8e67655a8b073',NULL,NULL,1),(155,'109pqtri','d76b3834815cce724f0a735801b8e67655a8b073',NULL,NULL,1),(156,'107truonghuutri','d76b3834815cce724f0a735801b8e67655a8b073',NULL,NULL,1),(157,'102dbktrieu','d76b3834815cce724f0a735801b8e67655a8b073',NULL,NULL,1),(158,'103nvtrieu','d76b3834815cce724f0a735801b8e67655a8b073',NULL,NULL,1),(159,'106nttrinh','d76b3834815cce724f0a735801b8e67655a8b073',NULL,NULL,1),(160,'107ptdtrinh','d76b3834815cce724f0a735801b8e67655a8b073',NULL,NULL,1),(161,'101ndtrinh','d76b3834815cce724f0a735801b8e67655a8b073',NULL,NULL,1),(162,'101tmchinh','d76b3834815cce724f0a735801b8e67655a8b073',NULL,NULL,1),(163,'105hdtruc','d76b3834815cce724f0a735801b8e67655a8b073',NULL,NULL,1),(164,'118huynhthiminhtruc','d76b3834815cce724f0a735801b8e67655a8b073',NULL,NULL,1),(165,'111dtkimanh','d76b3834815cce724f0a735801b8e67655a8b073',NULL,NULL,1),(166,'105ntktruc','d76b3834815cce724f0a735801b8e67655a8b073',NULL,NULL,1),(167,'109trungdq','d76b3834815cce724f0a735801b8e67655a8b073',NULL,NULL,1),(168,'107lntrung','d76b3834815cce724f0a735801b8e67655a8b073',NULL,NULL,1),(169,'109ncchung','d76b3834815cce724f0a735801b8e67655a8b073',NULL,NULL,1),(170,'103nguyenquangtrung','d76b3834815cce724f0a735801b8e67655a8b073',NULL,NULL,1),(171,'121nxtrung','d76b3834815cce724f0a735801b8e67655a8b073',NULL,NULL,1),(172,'106phamxuantrung','d76b3834815cce724f0a735801b8e67655a8b073',NULL,NULL,1),(173,'122nguyenhuulaptruong','d76b3834815cce724f0a735801b8e67655a8b073',NULL,NULL,1),(174,'105Tvanchinh','d76b3834815cce724f0a735801b8e67655a8b073',NULL,NULL,1),(175,'106btmtu','d76b3834815cce724f0a735801b8e67655a8b073',NULL,NULL,1),(176,'105ntha_bk','d76b3834815cce724f0a735801b8e67655a8b073',NULL,NULL,1),(177,'106nctu','d76b3834815cce724f0a735801b8e67655a8b073',NULL,NULL,1),(178,'107nntuan','d76b3834815cce724f0a735801b8e67655a8b073',NULL,NULL,1),(179,'115datuan','d76b3834815cce724f0a735801b8e67655a8b073',NULL,NULL,1),(180,'110latuan','d76b3834815cce724f0a735801b8e67655a8b073',NULL,NULL,1),(181,'110lctuan','d76b3834815cce724f0a735801b8e67655a8b073',NULL,NULL,1),(182,'121nguyenanhtuan','d76b3834815cce724f0a735801b8e67655a8b073',NULL,NULL,1),(183,'107ndmtuan','d76b3834815cce724f0a735801b8e67655a8b073',NULL,NULL,1),(184,'106nvantuan','d76b3834815cce724f0a735801b8e67655a8b073',NULL,NULL,1),(185,'102phamminhtuan','d76b3834815cce724f0a735801b8e67655a8b073',NULL,NULL,1),(186,'113truonghchinh','d76b3834815cce724f0a735801b8e67655a8b073',NULL,NULL,1),(187,'109ntha','d76b3834815cce724f0a735801b8e67655a8b073',NULL,NULL,1),(188,'106pvtuan','d76b3834815cce724f0a735801b8e67655a8b073',NULL,NULL,1),(189,'107vocongtuan','d76b3834815cce724f0a735801b8e67655a8b073',NULL,NULL,1),(190,'109hptung','d76b3834815cce724f0a735801b8e67655a8b073',NULL,NULL,1),(191,'106huynhthanhtung','d76b3834815cce724f0a735801b8e67655a8b073',NULL,NULL,1),(192,'110nqtung','d76b3834815cce724f0a735801b8e67655a8b073',NULL,NULL,1),(193,'108ndtuongspkt','d76b3834815cce724f0a735801b8e67655a8b073',NULL,NULL,1),(194,'101txtuy','d76b3834815cce724f0a735801b8e67655a8b073',NULL,NULL,1),(195,'103lvtuy','d76b3834815cce724f0a735801b8e67655a8b073',NULL,NULL,1),(196,'103nbtuyen','d76b3834815cce724f0a735801b8e67655a8b073',NULL,NULL,1),(197,'105Levan54','d76b3834815cce724f0a735801b8e67655a8b073',NULL,NULL,1),(198,'109haibkdn','d76b3834815cce724f0a735801b8e67655a8b073',NULL,NULL,1),(199,'109anntt','d76b3834815cce724f0a735801b8e67655a8b073',NULL,NULL,1),(200,'119vcchinh','d76b3834815cce724f0a735801b8e67655a8b073',NULL,NULL,1),(201,'107ntbvan','d76b3834815cce724f0a735801b8e67655a8b073',NULL,NULL,1),(202,'114nguyenvan','d76b3834815cce724f0a735801b8e67655a8b073',NULL,NULL,1),(203,'104ntvan','d76b3834815cce724f0a735801b8e67655a8b073',NULL,NULL,1),(204,'103hbvang','d76b3834815cce724f0a735801b8e67655a8b073',NULL,NULL,1),(205,'104tvvang','d76b3834815cce724f0a735801b8e67655a8b073',NULL,NULL,1),(206,'106nguyenduynhatvien','d76b3834815cce724f0a735801b8e67655a8b073',NULL,NULL,1),(207,'105dtviet','d76b3834815cce724f0a735801b8e67655a8b073',NULL,NULL,1),(208,'101ntviet','d76b3834815cce724f0a735801b8e67655a8b073',NULL,NULL,1),(209,'109honghai','d76b3834815cce724f0a735801b8e67655a8b073',NULL,NULL,1),(210,'109trantrungviet','d76b3834815cce724f0a735801b8e67655a8b073',NULL,NULL,1),(211,'101dangphuocvinh','d76b3834815cce724f0a735801b8e67655a8b073',NULL,NULL,1),(212,'105phandinhchung','d76b3834815cce724f0a735801b8e67655a8b073',NULL,NULL,1),(213,'108hvinh','d76b3834815cce724f0a735801b8e67655a8b073',NULL,NULL,1),(214,'110pqvinh','d76b3834815cce724f0a735801b8e67655a8b073',NULL,NULL,1),(215,'109nguyenhoangvinh','d76b3834815cce724f0a735801b8e67655a8b073',NULL,NULL,1),(216,'104pduyvu','d76b3834815cce724f0a735801b8e67655a8b073',NULL,NULL,1),(217,'102ttvu','d76b3834815cce724f0a735801b8e67655a8b073',NULL,NULL,1),(218,'107ttxo','d76b3834815cce724f0a735801b8e67655a8b073',NULL,NULL,1),(219,'107nguyenthiminhxuan','d76b3834815cce724f0a735801b8e67655a8b073',NULL,NULL,1),(220,'118hodongduong','d76b3834815cce724f0a735801b8e67655a8b073',NULL,NULL,1),(221,'111nthai','d76b3834815cce724f0a735801b8e67655a8b073',NULL,NULL,1),(222,'119nttxuan','d76b3834815cce724f0a735801b8e67655a8b073',NULL,NULL,1),(223,'107lethinhuy','d76b3834815cce724f0a735801b8e67655a8b073',NULL,NULL,1),(224,'109yenntn','d76b3834815cce724f0a735801b8e67655a8b073',NULL,NULL,1),(225,'109chuonglx','d76b3834815cce724f0a735801b8e67655a8b073',NULL,NULL,1),(226,'111nccong','d76b3834815cce724f0a735801b8e67655a8b073',NULL,NULL,1),(227,'118nguyenthicuc','d76b3834815cce724f0a735801b8e67655a8b073',NULL,NULL,1),(228,'108lecung','d76b3834815cce724f0a735801b8e67655a8b073',NULL,NULL,1),(229,'109nbcuong','d76b3834815cce724f0a735801b8e67655a8b073',NULL,NULL,1),(230,'117lpcuong','d76b3834815cce724f0a735801b8e67655a8b073',NULL,NULL,1),(231,'109ntcuong','d76b3834815cce724f0a735801b8e67655a8b073',NULL,NULL,1),(232,'103nvhai','d76b3834815cce724f0a735801b8e67655a8b073',NULL,NULL,1),(233,'106nguyenvancuong','d76b3834815cce724f0a735801b8e67655a8b073',NULL,NULL,1),(234,'121truongphanthienan','d76b3834815cce724f0a735801b8e67655a8b073',NULL,NULL,1),(235,'117tpcuong','d76b3834815cce724f0a735801b8e67655a8b073',NULL,NULL,1),(236,'110phamthiphuonganh','d76b3834815cce724f0a735801b8e67655a8b073',NULL,NULL,1),(237,'109dhdao','d76b3834815cce724f0a735801b8e67655a8b073',NULL,NULL,1),(238,'101Dmdiem','d76b3834815cce724f0a735801b8e67655a8b073',NULL,NULL,1),(239,'110lebadinh','d76b3834815cce724f0a735801b8e67655a8b073',NULL,NULL,1),(240,'117lenangdinh','d76b3834815cce724f0a735801b8e67655a8b073',NULL,NULL,1),(241,'109lvdinh','d76b3834815cce724f0a735801b8e67655a8b073',NULL,NULL,1),(242,'105nguyenquocdinh','d76b3834815cce724f0a735801b8e67655a8b073',NULL,NULL,1),(243,'101tnhai','d76b3834815cce724f0a735801b8e67655a8b073',NULL,NULL,1),(244,'108ndo','d76b3834815cce724f0a735801b8e67655a8b073',NULL,NULL,1),(245,'107bxdong','d76b3834815cce724f0a735801b8e67655a8b073',NULL,NULL,1),(246,'115ntdhang','d76b3834815cce724f0a735801b8e67655a8b073',NULL,NULL,1),(247,'108nchanh','d76b3834815cce724f0a735801b8e67655a8b073',NULL,NULL,1),(248,'102ltmhanh','d76b3834815cce724f0a735801b8e67655a8b073',NULL,NULL,1),(249,'109tranthiphuonganh','d76b3834815cce724f0a735801b8e67655a8b073',NULL,NULL,1),(250,'116nthanh','d76b3834815cce724f0a735801b8e67655a8b073',NULL,NULL,1),(251,'106tranthiminhhanh','d76b3834815cce724f0a735801b8e67655a8b073',NULL,NULL,1),(252,'107ttmhanh','d76b3834815cce724f0a735801b8e67655a8b073',NULL,NULL,1),(253,'103nvdongbk','d76b3834815cce724f0a735801b8e67655a8b073',NULL,NULL,1),(254,'110pdhao','d76b3834815cce724f0a735801b8e67655a8b073',NULL,NULL,1),(255,'111nthao','d76b3834815cce724f0a735801b8e67655a8b073',NULL,NULL,1),(256,'105pvhien','d76b3834815cce724f0a735801b8e67655a8b073',NULL,NULL,1),(257,'119bmhien','d76b3834815cce724f0a735801b8e67655a8b073',NULL,NULL,1),(258,'110bqhieu','d76b3834815cce724f0a735801b8e67655a8b073',NULL,NULL,1),(259,'105nhhieu','d76b3834815cce724f0a735801b8e67655a8b073',NULL,NULL,1),(260,'102nguyenvanhieu','d76b3834815cce724f0a735801b8e67655a8b073',NULL,NULL,1),(261,'105nkanh','d76b3834815cce724f0a735801b8e67655a8b073',NULL,NULL,1),(262,'102dtthoa','d76b3834815cce724f0a735801b8e67655a8b073',NULL,NULL,1),(263,'118hphoa','d76b3834815cce724f0a735801b8e67655a8b073',NULL,NULL,1),(264,'102dongnvq','d76b3834815cce724f0a735801b8e67655a8b073',NULL,NULL,1),(265,'114nguyenthihoa','d76b3834815cce724f0a735801b8e67655a8b073',NULL,NULL,1),(266,'101luuduchoa','d76b3834815cce724f0a735801b8e67655a8b073',NULL,NULL,1),(267,'105nlhoa','d76b3834815cce724f0a735801b8e67655a8b073',NULL,NULL,1),(268,'107dangkimhoang','d76b3834815cce724f0a735801b8e67655a8b073',NULL,NULL,1),(269,'104hoangpm','d76b3834815cce724f0a735801b8e67655a8b073',NULL,NULL,1),(270,'107nmhoang','d76b3834815cce724f0a735801b8e67655a8b073',NULL,NULL,1),(271,'102vdhoang','d76b3834815cce724f0a735801b8e67655a8b073',NULL,NULL,1),(272,'109voduchoang','d76b3834815cce724f0a735801b8e67655a8b073',NULL,NULL,1),(273,'105lnan','d76b3834815cce724f0a735801b8e67655a8b073',NULL,NULL,1),(274,'102nguyenthinhatanh','d76b3834815cce724f0a735801b8e67655a8b073',NULL,NULL,1),(275,'104hndong','d76b3834815cce724f0a735801b8e67655a8b073',NULL,NULL,1),(276,'111Lvhoi','d76b3834815cce724f0a735801b8e67655a8b073',NULL,NULL,1),(277,'117nguyendinhhuan','d76b3834815cce724f0a735801b8e67655a8b073',NULL,NULL,1),(278,'109homanhhung','d76b3834815cce724f0a735801b8e67655a8b073',NULL,NULL,1),(279,'104hnhung','d76b3834815cce724f0a735801b8e67655a8b073',NULL,NULL,1),(280,'111lehung','d76b3834815cce724f0a735801b8e67655a8b073',NULL,NULL,1),(281,'113kimhung','d76b3834815cce724f0a735801b8e67655a8b073',NULL,NULL,1),(282,'105nhshung','d76b3834815cce724f0a735801b8e67655a8b073',NULL,NULL,1),(283,'111hungnt','d76b3834815cce724f0a735801b8e67655a8b073',NULL,NULL,1),(284,'121tovanhung','d76b3834815cce724f0a735801b8e67655a8b073',NULL,NULL,1),(285,'109vdhung','d76b3834815cce724f0a735801b8e67655a8b073',NULL,NULL,1),(286,'114lmduc','d76b3834815cce724f0a735801b8e67655a8b073',NULL,NULL,1),(287,'105tranthaianhau','d76b3834815cce724f0a735801b8e67655a8b073',NULL,NULL,1),(288,'102hhhung','d76b3834815cce724f0a735801b8e67655a8b073',NULL,NULL,1),(289,'110tqhung','d76b3834815cce724f0a735801b8e67655a8b073',NULL,NULL,1),(290,'102hthuong','d76b3834815cce724f0a735801b8e67655a8b073',NULL,NULL,1),(291,'108ngophanthuhuong','d76b3834815cce724f0a735801b8e67655a8b073',NULL,NULL,1),(292,'107phamthihuong','d76b3834815cce724f0a735801b8e67655a8b073',NULL,NULL,1),(293,'106tthuong','d76b3834815cce724f0a735801b8e67655a8b073',NULL,NULL,1),(294,'111huongtltdud','d76b3834815cce724f0a735801b8e67655a8b073',NULL,NULL,1),(295,'106cxhuu','d76b3834815cce724f0a735801b8e67655a8b073',NULL,NULL,1),(296,'105giapquanghuy','d76b3834815cce724f0a735801b8e67655a8b073',NULL,NULL,1),(297,'117hoangngocan','d76b3834815cce724f0a735801b8e67655a8b073',NULL,NULL,1),(298,'106hmhuy','d76b3834815cce724f0a735801b8e67655a8b073',NULL,NULL,1),(299,'101tqbang','d76b3834815cce724f0a735801b8e67655a8b073',NULL,NULL,1),(300,'105lqhuy','d76b3834815cce724f0a735801b8e67655a8b073',NULL,NULL,1),(301,'104nqhuy','d76b3834815cce724f0a735801b8e67655a8b073',NULL,NULL,1),(302,'111nthuy','d76b3834815cce724f0a735801b8e67655a8b073',NULL,NULL,1),(303,'102tmhuy','d76b3834815cce724f0a735801b8e67655a8b073',NULL,NULL,1),(304,'118dthuyen','d76b3834815cce724f0a735801b8e67655a8b073',NULL,NULL,1),(305,'102ntmhy','d76b3834815cce724f0a735801b8e67655a8b073',NULL,NULL,1),(306,'102phkhanh','d76b3834815cce724f0a735801b8e67655a8b073',NULL,NULL,1),(307,'118dnakhoa','d76b3834815cce724f0a735801b8e67655a8b073',NULL,NULL,1),(308,'103duclm','d76b3834815cce724f0a735801b8e67655a8b073',NULL,NULL,1),(309,'102ntkhoi','d76b3834815cce724f0a735801b8e67655a8b073',NULL,NULL,1),(310,'117vdnkhoi','d76b3834815cce724f0a735801b8e67655a8b073',NULL,NULL,1),(311,'122dqbao','d76b3834815cce724f0a735801b8e67655a8b073',NULL,NULL,1),(312,'106nguyentrungkien','d76b3834815cce724f0a735801b8e67655a8b073',NULL,NULL,1),(313,'109levanlac','d76b3834815cce724f0a735801b8e67655a8b073',NULL,NULL,1),(314,'110btlam','d76b3834815cce724f0a735801b8e67655a8b073',NULL,NULL,1),(315,'109cvlam','d76b3834815cce724f0a735801b8e67655a8b073',NULL,NULL,1),(316,'105lehonglam','d76b3834815cce724f0a735801b8e67655a8b073',NULL,NULL,1),(317,'119nguyendl','d76b3834815cce724f0a735801b8e67655a8b073',NULL,NULL,1),(318,'111nhlam','d76b3834815cce724f0a735801b8e67655a8b073',NULL,NULL,1);
/*!40000 ALTER TABLE `users` ENABLE KEYS */;
/*!40103 SET TIME_ZONE=@OLD_TIME_ZONE */;

/*!40101 SET SQL_MODE=@OLD_SQL_MODE */;
/*!40014 SET FOREIGN_KEY_CHECKS=@OLD_FOREIGN_KEY_CHECKS */;
/*!40014 SET UNIQUE_CHECKS=@OLD_UNIQUE_CHECKS */;
/*!40101 SET CHARACTER_SET_CLIENT=@OLD_CHARACTER_SET_CLIENT */;
/*!40101 SET CHARACTER_SET_RESULTS=@OLD_CHARACTER_SET_RESULTS */;
/*!40101 SET COLLATION_CONNECTION=@OLD_COLLATION_CONNECTION */;
/*!40111 SET SQL_NOTES=@OLD_SQL_NOTES */;

-- Dump completed on 2014-11-06 10:10:34
